2026-09-24 01:28:31 INFO  [main] - Starting EcomApplication using Java 21.0.11 with PID 17528 (C:\Users\vamsh\Desktop\MasterClass\MicroMini2\Ecom\target\classes started by vamsh in C:\Users\vamsh\Desktop\MasterClass\MicroMini2)
2026-09-24 01:28:31 DEBUG [main] - Running with Spring Boot v4.0.8, Spring v7.0.9
2026-09-24 01:28:31 INFO  [main] - No active profile set, falling back to 1 default profile: "default"
2026-09-24 01:28:32 INFO  [main] - Bootstrapping Spring Data JPA repositories in DEFAULT mode.
2026-09-24 01:28:32 INFO  [main] - Finished Spring Data repository scanning in 40 ms. Found 3 JPA repository interfaces.
2026-09-24 01:28:32 INFO  [main] - Tomcat initialized with port 8081 (http)
2026-09-24 01:28:32 INFO  [main] - Starting service [Tomcat]
2026-09-24 01:28:32 INFO  [main] - Starting Servlet engine: [Apache Tomcat/11.0.24]
2026-09-24 01:28:33 INFO  [main] - Root WebApplicationContext: initialization completed in 1149 ms
2026-09-24 01:28:33 INFO  [main] - HHH008540: Processing PersistenceUnitInfo [name: default]
2026-09-24 01:28:33 INFO  [main] - HHH000001: Hibernate ORM core version 7.2.24.Final
2026-09-24 01:28:33 INFO  [main] - No LoadTimeWeaver setup: ignoring JPA class transformer
2026-09-24 01:28:33 INFO  [main] - HikariPool-1 - Starting...
2026-09-24 01:28:33 INFO  [main] - HikariPool-1 - Added connection com.mysql.cj.jdbc.ConnectionImpl@61288814
2026-09-24 01:28:33 INFO  [main] - HikariPool-1 - Start completed.
2026-09-24 01:28:34 INFO  [main] - HHH10001005: Database info:
	Database JDBC URL [jdbc:mysql://localhost:3306/product_db]
	Database driver: MySQL Connector/J
	Database dialect: MySQLDialect
	Database version: 8.0.46
	Default catalog/schema: product_db/undefined
	Autocommit mode: undefined/unknown
	Isolation level: REPEATABLE_READ [default REPEATABLE_READ]
	JDBC fetch size: none
	Pool: DataSourceConnectionProvider
	Minimum pool size: undefined/unknown
	Maximum pool size: undefined/unknown
2026-09-24 01:28:34 INFO  [main] - HHH000489: No JTA platform available (set 'hibernate.transaction.jta.platform' to enable JTA platform integration)
2026-09-24 01:28:35 INFO  [main] - Initialized JPA EntityManagerFactory for persistence unit 'default'
2026-09-24 01:28:35 INFO  [main] - Hibernate is in classpath; If applicable, HQL parser will be used.
2026-09-24 01:28:35 WARN  [main] - spring.jpa.open-in-view is enabled by default. Therefore, database queries may be performed during view rendering. Explicitly configure spring.jpa.open-in-view to disable this warning
2026-09-24 01:28:35 INFO  [main] - Tomcat started on port 8081 (http) with context path '/'
2026-09-24 01:28:36 INFO  [main] - Started EcomApplication in 4.637 seconds (process running for 5.508)
2026-09-24 01:28:36 WARN  [main] - SpringDoc /v3/api-docs endpoint is enabled by default. To disable it in production, set the property 'springdoc.api-docs.enabled=false'
2026-09-24 01:28:36 WARN  [main] - SpringDoc /swagger-ui.html endpoint is enabled by default. To disable it in production, set the property 'springdoc.swagger-ui.enabled=false'
2026-09-24T01:28:47.473+05:30  INFO 21236 --- [payment] [main] com.payment.PaymentApplication           : Starting PaymentApplication using Java 21.0.11 with PID 21236 (C:\Users\vamsh\Desktop\MasterClass\MicroMini2\payment\target\classes started by vamsh in C:\Users\vamsh\Desktop\MasterClass\MicroMini2)
2026-09-24T01:28:47.476+05:30  INFO 21236 --- [payment] [main] com.payment.PaymentApplication           : No active profile set, falling back to 1 default profile: "default"
2026-09-24T01:28:48.146+05:30  INFO 21236 --- [payment] [main] .s.d.r.c.RepositoryConfigurationDelegate : Bootstrapping Spring Data JPA repositories in DEFAULT mode.
2026-09-24T01:28:48.183+05:30  INFO 21236 --- [payment] [main] .s.d.r.c.RepositoryConfigurationDelegate : Finished Spring Data repository scanning in 29 ms. Found 1 JPA repository interface.
2026-09-24T01:28:48.528+05:30  INFO 21236 --- [payment] [main] o.s.boot.tomcat.TomcatWebServer          : Tomcat initialized with port 8084 (http)
2026-09-24T01:28:48.538+05:30  INFO 21236 --- [payment] [main] o.apache.catalina.core.StandardService   : Starting service [Tomcat]
2026-09-24T01:28:48.539+05:30  INFO 21236 --- [payment] [main] o.apache.catalina.core.StandardEngine    : Starting Servlet engine: [Apache Tomcat/11.0.24]
2026-09-24T01:28:48.574+05:30  INFO 21236 --- [payment] [main] b.w.c.s.WebApplicationContextInitializer : Root WebApplicationContext: initialization completed in 1057 ms
2026-09-24T01:28:48.699+05:30  INFO 21236 --- [payment] [main] org.hibernate.orm.jpa                    : HHH008540: Processing PersistenceUnitInfo [name: default]
2026-09-24T01:28:48.761+05:30  INFO 21236 --- [payment] [main] org.hibernate.orm.core                   : HHH000001: Hibernate ORM core version 7.4.5.Final
2026-09-24T01:28:49.159+05:30  INFO 21236 --- [payment] [main] o.s.o.j.p.SpringPersistenceUnitInfo      : No LoadTimeWeaver setup: ignoring JPA class transformer
2026-09-24T01:28:49.190+05:30  INFO 21236 --- [payment] [main] com.zaxxer.hikari.HikariDataSource       : HikariPool-1 - Starting...
2026-09-24T01:28:49.444+05:30  INFO 21236 --- [payment] [main] com.zaxxer.hikari.pool.HikariPool        : HikariPool-1 - Added connection com.mysql.cj.jdbc.ConnectionImpl@538905d2
2026-09-24T01:28:49.446+05:30  INFO 21236 --- [payment] [main] com.zaxxer.hikari.HikariDataSource       : HikariPool-1 - Start completed.
2026-09-24T01:28:49.523+05:30  INFO 21236 --- [payment] [main] org.hibernate.orm.connections.pooling    : HHH10001005: Database info:
	Database JDBC URL [jdbc:mysql://localhost:3306/payment_db]
	Database driver: MySQL Connector/J
	Database dialect: MySQLDialect
	Database version: 8.0.46
	Default catalog/schema: payment_db/undefined
	Autocommit mode: undefined/unknown
	Isolation level: REPEATABLE_READ [default REPEATABLE_READ]
	JDBC fetch size: none
	Pool: DataSourceConnectionProvider
	Minimum pool size: undefined/unknown
	Maximum pool size: undefined/unknown
2026-09-24T01:28:50.326+05:30  INFO 21236 --- [payment] [main] org.hibernate.orm.core                   : HHH000489: No JTA platform available (set 'hibernate.transaction.jta.platform' to enable JTA platform integration)
2026-09-24T01:28:50.379+05:30 DEBUG 21236 --- [payment] [main] org.hibernate.SQL                        : create table payment (id bigint not null auto_increment, amount decimal(38,2) not null, created_at datetime(6) not null, order_id bigint not null, payment_method enum ('CreditCard','DebitCard','Upi') not null, payment_status enum ('FAILED','PENDING','REFUNDED','SUCCESS') not null, transaction_id varchar(255) not null, updated_at datetime(6) not null, primary key (id)) engine=InnoDB
2026-09-24T01:28:50.447+05:30 DEBUG 21236 --- [payment] [main] org.hibernate.SQL                        : alter table payment drop index UKmf7n8wo2rwrxsd6f3t9ub2mep
2026-09-24T01:28:50.825+05:30 DEBUG 21236 --- [payment] [main] org.hibernate.SQL                        : alter table payment add constraint UKmf7n8wo2rwrxsd6f3t9ub2mep unique (order_id)
2026-09-24T01:28:50.855+05:30 DEBUG 21236 --- [payment] [main] org.hibernate.SQL                        : alter table payment drop index UKtacis04bqalsngo46yvxlo7yb
2026-09-24T01:28:50.858+05:30 DEBUG 21236 --- [payment] [main] org.hibernate.SQL                        : alter table payment add constraint UKtacis04bqalsngo46yvxlo7yb unique (transaction_id)
2026-09-24T01:28:50.898+05:30  INFO 21236 --- [payment] [main] j.LocalContainerEntityManagerFactoryBean : Initialized JPA EntityManagerFactory for persistence unit 'default'
2026-09-24T01:28:51.099+05:30  INFO 21236 --- [payment] [main] o.s.d.j.r.query.QueryEnhancerFactories   : Hibernate is in classpath; If applicable, HQL parser will be used.
2026-09-24T01:28:51.307+05:30  WARN 21236 --- [payment] [main] JpaBaseConfiguration$JpaWebConfiguration : spring.jpa.open-in-view is enabled by default. Therefore, database queries may be performed during view rendering. Explicitly configure spring.jpa.open-in-view to disable this warning
2026-09-24T01:28:51.634+05:30  INFO 21236 --- [payment] [main] o.s.boot.tomcat.TomcatWebServer          : Tomcat started on port 8084 (http) with context path '/'
2026-09-24T01:28:51.638+05:30  INFO 21236 --- [payment] [main] com.payment.PaymentApplication           : Started PaymentApplication in 4.747 seconds (process running for 5.486)
2026-09-24T01:28:51.640+05:30  WARN 21236 --- [payment] [main] o.s.core.events.SpringDocAppInitializer  : SpringDoc /v3/api-docs endpoint is enabled by default. To disable it in production, set the property 'springdoc.api-docs.enabled=false'
2026-09-24T01:28:51.641+05:30  WARN 21236 --- [payment] [main] o.s.core.events.SpringDocAppInitializer  : SpringDoc /swagger-ui.html endpoint is enabled by default. To disable it in production, set the property 'springdoc.swagger-ui.enabled=false'
2026-09-24T01:29:21.058+05:30  INFO 15808 --- [inventory-service] [main] c.E.i.InvertoryServiceApplication        : Starting InvertoryServiceApplication using Java 21.0.11 with PID 15808 (C:\Users\vamsh\Desktop\MasterClass\MicroMini2\invertory-service\target\classes started by vamsh in C:\Users\vamsh\Desktop\MasterClass\MicroMini2)
2026-09-24T01:29:21.060+05:30  INFO 15808 --- [inventory-service] [main] c.E.i.InvertoryServiceApplication        : No active profile set, falling back to 1 default profile: "default"
2026-09-24T01:29:21.702+05:30  INFO 15808 --- [inventory-service] [main] .s.d.r.c.RepositoryConfigurationDelegate : Bootstrapping Spring Data JPA repositories in DEFAULT mode.
2026-09-24T01:29:21.733+05:30  INFO 15808 --- [inventory-service] [main] .s.d.r.c.RepositoryConfigurationDelegate : Finished Spring Data repository scanning in 24 ms. Found 1 JPA repository interface.
2026-09-24T01:29:22.065+05:30  INFO 15808 --- [inventory-service] [main] o.s.boot.tomcat.TomcatWebServer          : Tomcat initialized with port 8082 (http)
2026-09-24T01:29:22.075+05:30  INFO 15808 --- [inventory-service] [main] o.apache.catalina.core.StandardService   : Starting service [Tomcat]
2026-09-24T01:29:22.075+05:30  INFO 15808 --- [inventory-service] [main] o.apache.catalina.core.StandardEngine    : Starting Servlet engine: [Apache Tomcat/11.0.24]
2026-09-24T01:29:22.119+05:30  INFO 15808 --- [inventory-service] [main] b.w.c.s.WebApplicationContextInitializer : Root WebApplicationContext: initialization completed in 1019 ms
2026-09-24T01:29:22.225+05:30  INFO 15808 --- [inventory-service] [main] org.hibernate.orm.jpa                    : HHH008540: Processing PersistenceUnitInfo [name: default]
2026-09-24T01:29:22.256+05:30  INFO 15808 --- [inventory-service] [main] org.hibernate.orm.core                   : HHH000001: Hibernate ORM core version 7.2.24.Final
2026-09-24T01:29:22.561+05:30  INFO 15808 --- [inventory-service] [main] o.s.o.j.p.SpringPersistenceUnitInfo      : No LoadTimeWeaver setup: ignoring JPA class transformer
2026-09-24T01:29:22.586+05:30  INFO 15808 --- [inventory-service] [main] com.zaxxer.hikari.HikariDataSource       : HikariPool-1 - Starting...
2026-09-24T01:29:22.834+05:30  INFO 15808 --- [inventory-service] [main] com.zaxxer.hikari.pool.HikariPool        : HikariPool-1 - Added connection com.mysql.cj.jdbc.ConnectionImpl@608f310a
2026-09-24T01:29:22.835+05:30  INFO 15808 --- [inventory-service] [main] com.zaxxer.hikari.HikariDataSource       : HikariPool-1 - Start completed.
2026-09-24T01:29:22.904+05:30  INFO 15808 --- [inventory-service] [main] org.hibernate.orm.connections.pooling    : HHH10001005: Database info:
	Database JDBC URL [jdbc:mysql://localhost:3306/inventory_db]
	Database driver: MySQL Connector/J
	Database dialect: MySQLDialect
	Database version: 8.0.46
	Default catalog/schema: inventory_db/undefined
	Autocommit mode: undefined/unknown
	Isolation level: REPEATABLE_READ [default REPEATABLE_READ]
	JDBC fetch size: none
	Pool: DataSourceConnectionProvider
	Minimum pool size: undefined/unknown
	Maximum pool size: undefined/unknown
2026-09-24T01:29:23.500+05:30  INFO 15808 --- [inventory-service] [main] org.hibernate.orm.core                   : HHH000489: No JTA platform available (set 'hibernate.transaction.jta.platform' to enable JTA platform integration)
2026-09-24T01:29:23.544+05:30  INFO 15808 --- [inventory-service] [main] j.LocalContainerEntityManagerFactoryBean : Initialized JPA EntityManagerFactory for persistence unit 'default'
2026-09-24T01:29:23.676+05:30  INFO 15808 --- [inventory-service] [main] o.s.d.j.r.query.QueryEnhancerFactories   : Hibernate is in classpath; If applicable, HQL parser will be used.
2026-09-24T01:29:24.305+05:30  WARN 15808 --- [inventory-service] [main] JpaBaseConfiguration$JpaWebConfiguration : spring.jpa.open-in-view is enabled by default. Therefore, database queries may be performed during view rendering. Explicitly configure spring.jpa.open-in-view to disable this warning
2026-09-24T01:29:24.602+05:30  INFO 15808 --- [inventory-service] [main] o.s.boot.tomcat.TomcatWebServer          : Tomcat started on port 8082 (http) with context path '/'
2026-09-24T01:29:24.606+05:30  INFO 15808 --- [inventory-service] [main] c.E.i.InvertoryServiceApplication        : Started InvertoryServiceApplication in 3.96 seconds (process running for 4.584)
2026-09-24T01:29:24.608+05:30  WARN 15808 --- [inventory-service] [main] o.s.core.events.SpringDocAppInitializer  : SpringDoc /v3/api-docs endpoint is enabled by default. To disable it in production, set the property 'springdoc.api-docs.enabled=false'
2026-09-24T01:29:24.608+05:30  WARN 15808 --- [inventory-service] [main] o.s.core.events.SpringDocAppInitializer  : SpringDoc /swagger-ui.html endpoint is enabled by default. To disable it in production, set the property 'springdoc.swagger-ui.enabled=false'
2026-09-24 01:34:11 INFO  [http-nio-8081-exec-1] - Initializing Spring DispatcherServlet 'dispatcherServlet'
2026-09-24 01:34:11 INFO  [http-nio-8081-exec-1] - Initializing Servlet 'dispatcherServlet'
2026-09-24 01:34:11 INFO  [http-nio-8081-exec-1] - Completed initialization in 2 ms
2026-09-24 01:34:12 WARN  [http-nio-8081-exec-8] - Json Processing Exception occurred: Cannot construct instance of `java.util.HashSet` (although at least one Creator exists): no String-argument constructor/factory method to deserialize from String value ('integer')
 at [Source: REDACTED (`StreamReadFeature.INCLUDE_SOURCE_IN_LOCATION` disabled); line: 1, column: 9] (through reference chain: io.swagger.v3.oas.models.media.JsonSchema["type"])
2026-09-24 01:34:12 WARN  [http-nio-8081-exec-8] - Json Processing Exception occurred: Cannot construct instance of `java.util.HashSet` (although at least one Creator exists): no String-argument constructor/factory method to deserialize from String value ('integer')
 at [Source: REDACTED (`StreamReadFeature.INCLUDE_SOURCE_IN_LOCATION` disabled); line: 1, column: 9] (through reference chain: io.swagger.v3.oas.models.media.JsonSchema["type"])
2026-09-24 01:34:13 WARN  [http-nio-8081-exec-8] - Json Processing Exception occurred: Cannot construct instance of `java.util.HashSet` (although at least one Creator exists): no String-argument constructor/factory method to deserialize from String value ('integer')
 at [Source: REDACTED (`StreamReadFeature.INCLUDE_SOURCE_IN_LOCATION` disabled); line: 1, column: 9] (through reference chain: io.swagger.v3.oas.models.media.JsonSchema["type"])
2026-09-24 01:34:13 WARN  [http-nio-8081-exec-8] - Json Processing Exception occurred: Cannot construct instance of `java.util.HashSet` (although at least one Creator exists): no String-argument constructor/factory method to deserialize from String value ('integer')
 at [Source: REDACTED (`StreamReadFeature.INCLUDE_SOURCE_IN_LOCATION` disabled); line: 1, column: 9] (through reference chain: io.swagger.v3.oas.models.media.JsonSchema["type"])
2026-09-24 01:34:13 INFO  [http-nio-8081-exec-8] - Init duration for springdoc-openapi is: 1442 ms
2026-09-24T01:34:20.946+05:30  INFO 15808 --- [inventory-service] [http-nio-8082-exec-1] o.a.c.c.C.[Tomcat].[localhost].[/]       : Initializing Spring DispatcherServlet 'dispatcherServlet'
2026-09-24T01:34:20.946+05:30  INFO 15808 --- [inventory-service] [http-nio-8082-exec-1] o.s.web.servlet.DispatcherServlet        : Initializing Servlet 'dispatcherServlet'
2026-09-24T01:34:20.948+05:30  INFO 15808 --- [inventory-service] [http-nio-8082-exec-1] o.s.web.servlet.DispatcherServlet        : Completed initialization in 2 ms
2026-09-24T01:34:21.733+05:30  INFO 15808 --- [inventory-service] [http-nio-8082-exec-9] o.springdoc.api.AbstractOpenApiResource  : Init duration for springdoc-openapi is: 428 ms
2026-09-24T01:34:33.681+05:30  INFO 21236 --- [payment] [http-nio-8084-exec-1] o.a.c.c.C.[Tomcat].[localhost].[/]       : Initializing Spring DispatcherServlet 'dispatcherServlet'
2026-09-24T01:34:33.681+05:30  INFO 21236 --- [payment] [http-nio-8084-exec-1] o.s.web.servlet.DispatcherServlet        : Initializing Servlet 'dispatcherServlet'
2026-09-24T01:34:33.683+05:30  INFO 21236 --- [payment] [http-nio-8084-exec-1] o.s.web.servlet.DispatcherServlet        : Completed initialization in 1 ms
2026-09-24T01:34:34.428+05:30  INFO 21236 --- [payment] [http-nio-8084-exec-4] o.springdoc.api.AbstractOpenApiResource  : Init duration for springdoc-openapi is: 376 ms
2026-09-24 01:35:15 DEBUG [http-nio-8081-exec-5] - Creating category categoryName=Smartphones, slug=smartphones
2026-09-24 01:35:16 DEBUG [http-nio-8081-exec-5] - 
    select
        c1_0.id 
    from
        category c1_0 
    where
        upper(c1_0.category_name)=upper(?) 
    limit
        ?
2026-09-24 01:35:16 TRACE [http-nio-8081-exec-5] - binding parameter (1:VARCHAR) <- [Smartphones]
2026-09-24 01:35:16 TRACE [http-nio-8081-exec-5] - binding parameter (2:INTEGER) <- [1]
2026-09-24 01:35:16 WARN  [http-nio-8081-exec-5] - Category already exists categoryName=Smartphones
2026-09-24 01:35:16 WARN  [http-nio-8081-exec-5] - Failure in @ExceptionHandler com.ecom.ecom.Exception.GlobalExceptionHandler#handleDuplicateCategoryNameException(CategoryInUseException)
java.lang.IllegalStateException: Could not resolve parameter [0] in public org.springframework.http.ResponseEntity<com.ecom.ecom.Exception.ApiError> com.ecom.ecom.Exception.GlobalExceptionHandler.handleDuplicateCategoryNameException(com.ecom.ecom.Exception.CategoryInUseException): No suitable resolver
	at org.springframework.web.method.support.InvocableHandlerMethod.getMethodArgumentValues(InvocableHandlerMethod.java:221)
	at org.springframework.web.method.support.InvocableHandlerMethod.invokeForRequest(InvocableHandlerMethod.java:174)
	at org.springframework.web.servlet.mvc.method.annotation.ServletInvocableHandlerMethod.invokeAndHandle(ServletInvocableHandlerMethod.java:117)
	at org.springframework.web.servlet.mvc.method.annotation.ExceptionHandlerExceptionResolver.doResolveHandlerMethodException(ExceptionHandlerExceptionResolver.java:460)
	at org.springframework.web.servlet.handler.AbstractHandlerMethodExceptionResolver.doResolveException(AbstractHandlerMethodExceptionResolver.java:72)
	at org.springframework.web.servlet.handler.AbstractHandlerExceptionResolver.resolveException(AbstractHandlerExceptionResolver.java:176)
	at org.springframework.web.servlet.handler.HandlerExceptionResolverComposite.resolveException(HandlerExceptionResolverComposite.java:78)
	at org.springframework.web.servlet.DispatcherServlet.processHandlerException(DispatcherServlet.java:1227)
	at org.springframework.web.servlet.DispatcherServlet.processDispatchResult(DispatcherServlet.java:1035)
	at org.springframework.web.servlet.DispatcherServlet.doDispatch(DispatcherServlet.java:980)
	at org.springframework.web.servlet.DispatcherServlet.doService(DispatcherServlet.java:866)
	at org.springframework.web.servlet.FrameworkServlet.processRequest(FrameworkServlet.java:1000)
	at org.springframework.web.servlet.FrameworkServlet.doPost(FrameworkServlet.java:903)
	at jakarta.servlet.http.HttpServlet.service(HttpServlet.java:649)
	at org.springframework.web.servlet.FrameworkServlet.service(FrameworkServlet.java:874)
	at jakarta.servlet.http.HttpServlet.service(HttpServlet.java:710)
	at org.apache.catalina.core.ApplicationFilterChain.doFilter(ApplicationFilterChain.java:132)
	at org.apache.tomcat.websocket.server.WsFilter.doFilter(WsFilter.java:59)
	at org.apache.catalina.core.ApplicationFilterChain.doFilter(ApplicationFilterChain.java:111)
	at org.springframework.web.filter.RequestContextFilter.doFilterInternal(RequestContextFilter.java:100)
	at org.springframework.web.filter.OncePerRequestFilter.doFilter(OncePerRequestFilter.java:116)
	at org.apache.catalina.core.ApplicationFilterChain.doFilter(ApplicationFilterChain.java:111)
	at org.springframework.web.filter.FormContentFilter.doFilterInternal(FormContentFilter.java:93)
	at org.springframework.web.filter.OncePerRequestFilter.doFilter(OncePerRequestFilter.java:116)
	at org.apache.catalina.core.ApplicationFilterChain.doFilter(ApplicationFilterChain.java:111)
	at org.springframework.web.filter.CharacterEncodingFilter.doFilterInternal(CharacterEncodingFilter.java:199)
	at org.springframework.web.filter.OncePerRequestFilter.doFilter(OncePerRequestFilter.java:116)
	at org.apache.catalina.core.ApplicationFilterChain.doFilter(ApplicationFilterChain.java:111)
	at org.apache.catalina.core.StandardWrapperValve.invoke(StandardWrapperValve.java:165)
	at org.apache.catalina.core.StandardContextValve.invoke(StandardContextValve.java:77)
	at org.apache.catalina.authenticator.AuthenticatorBase.invoke(AuthenticatorBase.java:535)
	at org.apache.catalina.core.StandardHostValve.invoke(StandardHostValve.java:115)
	at org.apache.catalina.valves.ErrorReportValve.invoke(ErrorReportValve.java:86)
	at org.apache.catalina.core.StandardEngineValve.invoke(StandardEngineValve.java:71)
	at org.apache.catalina.connector.CoyoteAdapter.service(CoyoteAdapter.java:347)
	at org.apache.coyote.http11.Http11Processor.service(Http11Processor.java:406)
	at org.apache.coyote.AbstractProcessorLight.process(AbstractProcessorLight.java:71)
	at org.apache.coyote.AbstractProtocol$ConnectionHandler.process(AbstractProtocol.java:1307)
	at org.apache.tomcat.util.net.NioEndpoint$SocketProcessor.doRun(NioEndpoint.java:2036)
	at org.apache.tomcat.util.net.SocketProcessorBase.run(SocketProcessorBase.java:74)
	at org.apache.tomcat.util.threads.ThreadPoolExecutor.runWorker(ThreadPoolExecutor.java:949)
	at org.apache.tomcat.util.threads.ThreadPoolExecutor$Worker.run(ThreadPoolExecutor.java:483)
	at org.apache.tomcat.util.threads.TaskThread$WrappingRunnable.run(TaskThread.java:74)
	at java.base/java.lang.Thread.run(Thread.java:1583)
2026-09-24 01:35:16 ERROR [http-nio-8081-exec-5] - Servlet.service() for servlet [dispatcherServlet] in context with path [] threw exception [Request processing failed: com.ecom.ecom.Exception.DuplicateCategoryNameException: Category already exists with name: Smartphones] with root cause
com.ecom.ecom.Exception.DuplicateCategoryNameException: Category already exists with name: Smartphones
	at com.ecom.ecom.ServiceImpl.CategoryServiceImpl.createCategory(CategoryServiceImpl.java:55)
	at java.base/jdk.internal.reflect.DirectMethodHandleAccessor.invoke(DirectMethodHandleAccessor.java:103)
	at java.base/java.lang.reflect.Method.invoke(Method.java:580)
	at org.springframework.aop.support.AopUtils.invokeJoinpointUsingReflection(AopUtils.java:359)
	at org.springframework.aop.framework.ReflectiveMethodInvocation.invokeJoinpoint(ReflectiveMethodInvocation.java:190)
	at org.springframework.aop.framework.ReflectiveMethodInvocation.proceed(ReflectiveMethodInvocation.java:158)
	at org.springframework.transaction.interceptor.TransactionInterceptor$1.proceedWithInvocation(TransactionInterceptor.java:133)
	at org.springframework.transaction.interceptor.TransactionAspectSupport.invokeWithinTransaction(TransactionAspectSupport.java:371)
	at org.springframework.transaction.interceptor.TransactionInterceptor.invoke(TransactionInterceptor.java:130)
	at org.springframework.aop.framework.ReflectiveMethodInvocation.proceed(ReflectiveMethodInvocation.java:179)
	at org.springframework.aop.framework.CglibAopProxy$DynamicAdvisedInterceptor.intercept(CglibAopProxy.java:719)
	at com.ecom.ecom.ServiceImpl.CategoryServiceImpl$$SpringCGLIB$$0.createCategory(<generated>)
	at com.ecom.ecom.Controller.CategoryController.createCategory(CategoryController.java:91)
	at java.base/jdk.internal.reflect.DirectMethodHandleAccessor.invoke(DirectMethodHandleAccessor.java:103)
	at java.base/java.lang.reflect.Method.invoke(Method.java:580)
	at org.springframework.web.method.support.InvocableHandlerMethod.doInvoke(InvocableHandlerMethod.java:252)
	at org.springframework.web.method.support.InvocableHandlerMethod.invokeForRequest(InvocableHandlerMethod.java:184)
	at org.springframework.web.servlet.mvc.method.annotation.ServletInvocableHandlerMethod.invokeAndHandle(ServletInvocableHandlerMethod.java:117)
	at org.springframework.web.servlet.mvc.method.annotation.RequestMappingHandlerAdapter.invokeHandlerMethod(RequestMappingHandlerAdapter.java:934)
	at org.springframework.web.servlet.mvc.method.annotation.RequestMappingHandlerAdapter.handleInternal(RequestMappingHandlerAdapter.java:853)
	at org.springframework.web.servlet.mvc.method.AbstractHandlerMethodAdapter.handle(AbstractHandlerMethodAdapter.java:86)
	at org.springframework.web.servlet.DispatcherServlet.doDispatch(DispatcherServlet.java:963)
	at org.springframework.web.servlet.DispatcherServlet.doService(DispatcherServlet.java:866)
	at org.springframework.web.servlet.FrameworkServlet.processRequest(FrameworkServlet.java:1000)
	at org.springframework.web.servlet.FrameworkServlet.doPost(FrameworkServlet.java:903)
	at jakarta.servlet.http.HttpServlet.service(HttpServlet.java:649)
	at org.springframework.web.servlet.FrameworkServlet.service(FrameworkServlet.java:874)
	at jakarta.servlet.http.HttpServlet.service(HttpServlet.java:710)
	at org.apache.catalina.core.ApplicationFilterChain.doFilter(ApplicationFilterChain.java:132)
	at org.apache.tomcat.websocket.server.WsFilter.doFilter(WsFilter.java:59)
	at org.apache.catalina.core.ApplicationFilterChain.doFilter(ApplicationFilterChain.java:111)
	at org.springframework.web.filter.RequestContextFilter.doFilterInternal(RequestContextFilter.java:100)
	at org.springframework.web.filter.OncePerRequestFilter.doFilter(OncePerRequestFilter.java:116)
	at org.apache.catalina.core.ApplicationFilterChain.doFilter(ApplicationFilterChain.java:111)
	at org.springframework.web.filter.FormContentFilter.doFilterInternal(FormContentFilter.java:93)
	at org.springframework.web.filter.OncePerRequestFilter.doFilter(OncePerRequestFilter.java:116)
	at org.apache.catalina.core.ApplicationFilterChain.doFilter(ApplicationFilterChain.java:111)
	at org.springframework.web.filter.CharacterEncodingFilter.doFilterInternal(CharacterEncodingFilter.java:199)
	at org.springframework.web.filter.OncePerRequestFilter.doFilter(OncePerRequestFilter.java:116)
	at org.apache.catalina.core.ApplicationFilterChain.doFilter(ApplicationFilterChain.java:111)
	at org.apache.catalina.core.StandardWrapperValve.invoke(StandardWrapperValve.java:165)
	at org.apache.catalina.core.StandardContextValve.invoke(StandardContextValve.java:77)
	at org.apache.catalina.authenticator.AuthenticatorBase.invoke(AuthenticatorBase.java:535)
	at org.apache.catalina.core.StandardHostValve.invoke(StandardHostValve.java:115)
	at org.apache.catalina.valves.ErrorReportValve.invoke(ErrorReportValve.java:86)
	at org.apache.catalina.core.StandardEngineValve.invoke(StandardEngineValve.java:71)
	at org.apache.catalina.connector.CoyoteAdapter.service(CoyoteAdapter.java:347)
	at org.apache.coyote.http11.Http11Processor.service(Http11Processor.java:406)
	at org.apache.coyote.AbstractProcessorLight.process(AbstractProcessorLight.java:71)
	at org.apache.coyote.AbstractProtocol$ConnectionHandler.process(AbstractProtocol.java:1307)
	at org.apache.tomcat.util.net.NioEndpoint$SocketProcessor.doRun(NioEndpoint.java:2036)
	at org.apache.tomcat.util.net.SocketProcessorBase.run(SocketProcessorBase.java:74)
	at org.apache.tomcat.util.threads.ThreadPoolExecutor.runWorker(ThreadPoolExecutor.java:949)
	at org.apache.tomcat.util.threads.ThreadPoolExecutor$Worker.run(ThreadPoolExecutor.java:483)
	at org.apache.tomcat.util.threads.TaskThread$WrappingRunnable.run(TaskThread.java:74)
	at java.base/java.lang.Thread.run(Thread.java:1583)
2026-09-24 01:35:49 DEBUG [http-nio-8081-exec-6] - Creating category categoryName=Smartphones, slug=smartphones
2026-09-24 01:35:49 DEBUG [http-nio-8081-exec-6] - 
    select
        c1_0.id 
    from
        category c1_0 
    where
        upper(c1_0.category_name)=upper(?) 
    limit
        ?
2026-09-24 01:35:49 TRACE [http-nio-8081-exec-6] - binding parameter (1:VARCHAR) <- [Smartphones]
2026-09-24 01:35:49 TRACE [http-nio-8081-exec-6] - binding parameter (2:INTEGER) <- [1]
2026-09-24 01:35:49 WARN  [http-nio-8081-exec-6] - Category already exists categoryName=Smartphones
2026-09-24 01:35:49 WARN  [http-nio-8081-exec-6] - Failure in @ExceptionHandler com.ecom.ecom.Exception.GlobalExceptionHandler#handleDuplicateCategoryNameException(CategoryInUseException)
java.lang.IllegalStateException: Could not resolve parameter [0] in public org.springframework.http.ResponseEntity<com.ecom.ecom.Exception.ApiError> com.ecom.ecom.Exception.GlobalExceptionHandler.handleDuplicateCategoryNameException(com.ecom.ecom.Exception.CategoryInUseException): No suitable resolver
	at org.springframework.web.method.support.InvocableHandlerMethod.getMethodArgumentValues(InvocableHandlerMethod.java:221)
	at org.springframework.web.method.support.InvocableHandlerMethod.invokeForRequest(InvocableHandlerMethod.java:174)
	at org.springframework.web.servlet.mvc.method.annotation.ServletInvocableHandlerMethod.invokeAndHandle(ServletInvocableHandlerMethod.java:117)
	at org.springframework.web.servlet.mvc.method.annotation.ExceptionHandlerExceptionResolver.doResolveHandlerMethodException(ExceptionHandlerExceptionResolver.java:460)
	at org.springframework.web.servlet.handler.AbstractHandlerMethodExceptionResolver.doResolveException(AbstractHandlerMethodExceptionResolver.java:72)
	at org.springframework.web.servlet.handler.AbstractHandlerExceptionResolver.resolveException(AbstractHandlerExceptionResolver.java:176)
	at org.springframework.web.servlet.handler.HandlerExceptionResolverComposite.resolveException(HandlerExceptionResolverComposite.java:78)
	at org.springframework.web.servlet.DispatcherServlet.processHandlerException(DispatcherServlet.java:1227)
	at org.springframework.web.servlet.DispatcherServlet.processDispatchResult(DispatcherServlet.java:1035)
	at org.springframework.web.servlet.DispatcherServlet.doDispatch(DispatcherServlet.java:980)
	at org.springframework.web.servlet.DispatcherServlet.doService(DispatcherServlet.java:866)
	at org.springframework.web.servlet.FrameworkServlet.processRequest(FrameworkServlet.java:1000)
	at org.springframework.web.servlet.FrameworkServlet.doPost(FrameworkServlet.java:903)
	at jakarta.servlet.http.HttpServlet.service(HttpServlet.java:649)
	at org.springframework.web.servlet.FrameworkServlet.service(FrameworkServlet.java:874)
	at jakarta.servlet.http.HttpServlet.service(HttpServlet.java:710)
	at org.apache.catalina.core.ApplicationFilterChain.doFilter(ApplicationFilterChain.java:132)
	at org.apache.tomcat.websocket.server.WsFilter.doFilter(WsFilter.java:59)
	at org.apache.catalina.core.ApplicationFilterChain.doFilter(ApplicationFilterChain.java:111)
	at org.springframework.web.filter.RequestContextFilter.doFilterInternal(RequestContextFilter.java:100)
	at org.springframework.web.filter.OncePerRequestFilter.doFilter(OncePerRequestFilter.java:116)
	at org.apache.catalina.core.ApplicationFilterChain.doFilter(ApplicationFilterChain.java:111)
	at org.springframework.web.filter.FormContentFilter.doFilterInternal(FormContentFilter.java:93)
	at org.springframework.web.filter.OncePerRequestFilter.doFilter(OncePerRequestFilter.java:116)
	at org.apache.catalina.core.ApplicationFilterChain.doFilter(ApplicationFilterChain.java:111)
	at org.springframework.web.filter.CharacterEncodingFilter.doFilterInternal(CharacterEncodingFilter.java:199)
	at org.springframework.web.filter.OncePerRequestFilter.doFilter(OncePerRequestFilter.java:116)
	at org.apache.catalina.core.ApplicationFilterChain.doFilter(ApplicationFilterChain.java:111)
	at org.apache.catalina.core.StandardWrapperValve.invoke(StandardWrapperValve.java:165)
	at org.apache.catalina.core.StandardContextValve.invoke(StandardContextValve.java:77)
	at org.apache.catalina.authenticator.AuthenticatorBase.invoke(AuthenticatorBase.java:535)
	at org.apache.catalina.core.StandardHostValve.invoke(StandardHostValve.java:115)
	at org.apache.catalina.valves.ErrorReportValve.invoke(ErrorReportValve.java:86)
	at org.apache.catalina.core.StandardEngineValve.invoke(StandardEngineValve.java:71)
	at org.apache.catalina.connector.CoyoteAdapter.service(CoyoteAdapter.java:347)
	at org.apache.coyote.http11.Http11Processor.service(Http11Processor.java:406)
	at org.apache.coyote.AbstractProcessorLight.process(AbstractProcessorLight.java:71)
	at org.apache.coyote.AbstractProtocol$ConnectionHandler.process(AbstractProtocol.java:1307)
	at org.apache.tomcat.util.net.NioEndpoint$SocketProcessor.doRun(NioEndpoint.java:2036)
	at org.apache.tomcat.util.net.SocketProcessorBase.run(SocketProcessorBase.java:74)
	at org.apache.tomcat.util.threads.ThreadPoolExecutor.runWorker(ThreadPoolExecutor.java:949)
	at org.apache.tomcat.util.threads.ThreadPoolExecutor$Worker.run(ThreadPoolExecutor.java:483)
	at org.apache.tomcat.util.threads.TaskThread$WrappingRunnable.run(TaskThread.java:74)
	at java.base/java.lang.Thread.run(Thread.java:1583)
2026-09-24 01:35:49 ERROR [http-nio-8081-exec-6] - Servlet.service() for servlet [dispatcherServlet] in context with path [] threw exception [Request processing failed: com.ecom.ecom.Exception.DuplicateCategoryNameException: Category already exists with name: Smartphones] with root cause
com.ecom.ecom.Exception.DuplicateCategoryNameException: Category already exists with name: Smartphones
	at com.ecom.ecom.ServiceImpl.CategoryServiceImpl.createCategory(CategoryServiceImpl.java:55)
	at java.base/jdk.internal.reflect.DirectMethodHandleAccessor.invoke(DirectMethodHandleAccessor.java:103)
	at java.base/java.lang.reflect.Method.invoke(Method.java:580)
	at org.springframework.aop.support.AopUtils.invokeJoinpointUsingReflection(AopUtils.java:359)
	at org.springframework.aop.framework.ReflectiveMethodInvocation.invokeJoinpoint(ReflectiveMethodInvocation.java:190)
	at org.springframework.aop.framework.ReflectiveMethodInvocation.proceed(ReflectiveMethodInvocation.java:158)
	at org.springframework.transaction.interceptor.TransactionInterceptor$1.proceedWithInvocation(TransactionInterceptor.java:133)
	at org.springframework.transaction.interceptor.TransactionAspectSupport.invokeWithinTransaction(TransactionAspectSupport.java:371)
	at org.springframework.transaction.interceptor.TransactionInterceptor.invoke(TransactionInterceptor.java:130)
	at org.springframework.aop.framework.ReflectiveMethodInvocation.proceed(ReflectiveMethodInvocation.java:179)
	at org.springframework.aop.framework.CglibAopProxy$DynamicAdvisedInterceptor.intercept(CglibAopProxy.java:719)
	at com.ecom.ecom.ServiceImpl.CategoryServiceImpl$$SpringCGLIB$$0.createCategory(<generated>)
	at com.ecom.ecom.Controller.CategoryController.createCategory(CategoryController.java:91)
	at java.base/jdk.internal.reflect.DirectMethodHandleAccessor.invoke(DirectMethodHandleAccessor.java:103)
	at java.base/java.lang.reflect.Method.invoke(Method.java:580)
	at org.springframework.web.method.support.InvocableHandlerMethod.doInvoke(InvocableHandlerMethod.java:252)
	at org.springframework.web.method.support.InvocableHandlerMethod.invokeForRequest(InvocableHandlerMethod.java:184)
	at org.springframework.web.servlet.mvc.method.annotation.ServletInvocableHandlerMethod.invokeAndHandle(ServletInvocableHandlerMethod.java:117)
	at org.springframework.web.servlet.mvc.method.annotation.RequestMappingHandlerAdapter.invokeHandlerMethod(RequestMappingHandlerAdapter.java:934)
	at org.springframework.web.servlet.mvc.method.annotation.RequestMappingHandlerAdapter.handleInternal(RequestMappingHandlerAdapter.java:853)
	at org.springframework.web.servlet.mvc.method.AbstractHandlerMethodAdapter.handle(AbstractHandlerMethodAdapter.java:86)
	at org.springframework.web.servlet.DispatcherServlet.doDispatch(DispatcherServlet.java:963)
	at org.springframework.web.servlet.DispatcherServlet.doService(DispatcherServlet.java:866)
	at org.springframework.web.servlet.FrameworkServlet.processRequest(FrameworkServlet.java:1000)
	at org.springframework.web.servlet.FrameworkServlet.doPost(FrameworkServlet.java:903)
	at jakarta.servlet.http.HttpServlet.service(HttpServlet.java:649)
	at org.springframework.web.servlet.FrameworkServlet.service(FrameworkServlet.java:874)
	at jakarta.servlet.http.HttpServlet.service(HttpServlet.java:710)
	at org.apache.catalina.core.ApplicationFilterChain.doFilter(ApplicationFilterChain.java:132)
	at org.apache.tomcat.websocket.server.WsFilter.doFilter(WsFilter.java:59)
	at org.apache.catalina.core.ApplicationFilterChain.doFilter(ApplicationFilterChain.java:111)
	at org.springframework.web.filter.RequestContextFilter.doFilterInternal(RequestContextFilter.java:100)
	at org.springframework.web.filter.OncePerRequestFilter.doFilter(OncePerRequestFilter.java:116)
	at org.apache.catalina.core.ApplicationFilterChain.doFilter(ApplicationFilterChain.java:111)
	at org.springframework.web.filter.FormContentFilter.doFilterInternal(FormContentFilter.java:93)
	at org.springframework.web.filter.OncePerRequestFilter.doFilter(OncePerRequestFilter.java:116)
	at org.apache.catalina.core.ApplicationFilterChain.doFilter(ApplicationFilterChain.java:111)
	at org.springframework.web.filter.CharacterEncodingFilter.doFilterInternal(CharacterEncodingFilter.java:199)
	at org.springframework.web.filter.OncePerRequestFilter.doFilter(OncePerRequestFilter.java:116)
	at org.apache.catalina.core.ApplicationFilterChain.doFilter(ApplicationFilterChain.java:111)
	at org.apache.catalina.core.StandardWrapperValve.invoke(StandardWrapperValve.java:165)
	at org.apache.catalina.core.StandardContextValve.invoke(StandardContextValve.java:77)
	at org.apache.catalina.authenticator.AuthenticatorBase.invoke(AuthenticatorBase.java:535)
	at org.apache.catalina.core.StandardHostValve.invoke(StandardHostValve.java:115)
	at org.apache.catalina.valves.ErrorReportValve.invoke(ErrorReportValve.java:86)
	at org.apache.catalina.core.StandardEngineValve.invoke(StandardEngineValve.java:71)
	at org.apache.catalina.connector.CoyoteAdapter.service(CoyoteAdapter.java:347)
	at org.apache.coyote.http11.Http11Processor.service(Http11Processor.java:406)
	at org.apache.coyote.AbstractProcessorLight.process(AbstractProcessorLight.java:71)
	at org.apache.coyote.AbstractProtocol$ConnectionHandler.process(AbstractProtocol.java:1307)
	at org.apache.tomcat.util.net.NioEndpoint$SocketProcessor.doRun(NioEndpoint.java:2036)
	at org.apache.tomcat.util.net.SocketProcessorBase.run(SocketProcessorBase.java:74)
	at org.apache.tomcat.util.threads.ThreadPoolExecutor.runWorker(ThreadPoolExecutor.java:949)
	at org.apache.tomcat.util.threads.ThreadPoolExecutor$Worker.run(ThreadPoolExecutor.java:483)
	at org.apache.tomcat.util.threads.TaskThread$WrappingRunnable.run(TaskThread.java:74)
	at java.base/java.lang.Thread.run(Thread.java:1583)
2026-09-24 01:36:32 DEBUG [http-nio-8081-exec-3] - Creating category categoryName=kitchen-culnery, slug=culnery
2026-09-24 01:36:32 DEBUG [http-nio-8081-exec-3] - 
    select
        c1_0.id 
    from
        category c1_0 
    where
        upper(c1_0.category_name)=upper(?) 
    limit
        ?
2026-09-24 01:36:32 TRACE [http-nio-8081-exec-3] - binding parameter (1:VARCHAR) <- [kitchen-culnery]
2026-09-24 01:36:32 TRACE [http-nio-8081-exec-3] - binding parameter (2:INTEGER) <- [1]
2026-09-24 01:36:32 DEBUG [http-nio-8081-exec-3] - 
    select
        c1_0.id 
    from
        category c1_0 
    where
        c1_0.slug=? 
    limit
        ?
2026-09-24 01:36:32 TRACE [http-nio-8081-exec-3] - binding parameter (1:VARCHAR) <- [culnery]
2026-09-24 01:36:32 TRACE [http-nio-8081-exec-3] - binding parameter (2:INTEGER) <- [1]
2026-09-24 01:36:32 DEBUG [http-nio-8081-exec-3] - 
    insert 
    into
        category
        (description, active, category_name, created_at, image_url, slug, updated_at) 
    values
        (?, ?, ?, ?, ?, ?, ?)
2026-09-24 01:36:32 TRACE [http-nio-8081-exec-3] - binding parameter (1:VARCHAR) <- [Mobile phones and smartphones]
2026-09-24 01:36:32 TRACE [http-nio-8081-exec-3] - binding parameter (2:BOOLEAN) <- [true]
2026-09-24 01:36:32 TRACE [http-nio-8081-exec-3] - binding parameter (3:VARCHAR) <- [kitchen-culnery]
2026-09-24 01:36:32 TRACE [http-nio-8081-exec-3] - binding parameter (4:TIMESTAMP) <- [2026-09-24T01:36:32.717032]
2026-09-24 01:36:32 TRACE [http-nio-8081-exec-3] - binding parameter (5:VARCHAR) <- [https://example.com/images/smartphones.jpg]
2026-09-24 01:36:32 TRACE [http-nio-8081-exec-3] - binding parameter (6:VARCHAR) <- [culnery]
2026-09-24 01:36:32 TRACE [http-nio-8081-exec-3] - binding parameter (7:TIMESTAMP) <- [2026-09-24T01:36:32.718034]
2026-09-24 01:36:32 INFO  [http-nio-8081-exec-3] - Category created successfully categoryId=3
2026-09-24 01:37:27 DEBUG [http-nio-8081-exec-8] - creating brand record with request com.ecom.ecom.Dto.BrandCreateRequest@79e0974f
2026-09-24 01:37:27 DEBUG [http-nio-8081-exec-8] - 
    select
        b1_0.id 
    from
        brands b1_0 
    where
        upper(b1_0.brand_name)=upper(?) 
    limit
        ?
2026-09-24 01:37:27 TRACE [http-nio-8081-exec-8] - binding parameter (1:VARCHAR) <- [Oppoo]
2026-09-24 01:37:27 TRACE [http-nio-8081-exec-8] - binding parameter (2:INTEGER) <- [1]
2026-09-24 01:37:27 DEBUG [http-nio-8081-exec-8] - 
    select
        b1_0.id 
    from
        brands b1_0 
    where
        b1_0.slug=? 
    limit
        ?
2026-09-24 01:37:27 TRACE [http-nio-8081-exec-8] - binding parameter (1:VARCHAR) <- [Oppoo]
2026-09-24 01:37:27 TRACE [http-nio-8081-exec-8] - binding parameter (2:INTEGER) <- [1]
2026-09-24 01:37:27 INFO  [http-nio-8081-exec-8] - creating brand record with Slug Oppoo
2026-09-24 01:37:27 DEBUG [http-nio-8081-exec-8] - 
    insert 
    into
        brands
        (brand_name, created_at, logo_url, slug, status, updated_at, website_url) 
    values
        (?, ?, ?, ?, ?, ?, ?)
2026-09-24 01:37:27 TRACE [http-nio-8081-exec-8] - binding parameter (1:VARCHAR) <- [Oppoo]
2026-09-24 01:37:27 TRACE [http-nio-8081-exec-8] - binding parameter (2:TIMESTAMP) <- [2026-09-24T01:37:27.113014]
2026-09-24 01:37:27 TRACE [http-nio-8081-exec-8] - binding parameter (3:VARCHAR) <- [https://example.com/images/apple.png]
2026-09-24 01:37:27 TRACE [http-nio-8081-exec-8] - binding parameter (4:VARCHAR) <- [Oppoo]
2026-09-24 01:37:27 TRACE [http-nio-8081-exec-8] - binding parameter (5:BOOLEAN) <- [true]
2026-09-24 01:37:27 TRACE [http-nio-8081-exec-8] - binding parameter (6:TIMESTAMP) <- [2026-09-24T01:37:27.113014]
2026-09-24 01:37:27 TRACE [http-nio-8081-exec-8] - binding parameter (7:VARCHAR) <- [null]
2026-09-24 01:37:27 INFO  [http-nio-8081-exec-8] - Brand saved com.ecom.ecom.Entities.Brand@4141e10d
2026-09-24 01:38:41 ERROR [http-nio-8081-exec-4] - Unexpected application error
org.springframework.http.converter.HttpMessageNotReadableException: JSON parse error: Cannot deserialize value of type `com.ecom.ecom.ProductStatus` from String "false": not one of the values accepted for Enum class: [InActive, Active]
	at org.springframework.http.converter.AbstractJacksonHttpMessageConverter.readJavaType(AbstractJacksonHttpMessageConverter.java:363)
	at org.springframework.http.converter.AbstractJacksonHttpMessageConverter.read(AbstractJacksonHttpMessageConverter.java:319)
	at org.springframework.web.servlet.mvc.method.annotation.AbstractMessageConverterMethodArgumentResolver.readWithMessageConverters(AbstractMessageConverterMethodArgumentResolver.java:203)
	at org.springframework.web.servlet.mvc.method.annotation.RequestResponseBodyMethodProcessor.readWithMessageConverters(RequestResponseBodyMethodProcessor.java:181)
	at org.springframework.web.servlet.mvc.method.annotation.RequestResponseBodyMethodProcessor.resolveArgument(RequestResponseBodyMethodProcessor.java:156)
	at org.springframework.web.method.support.HandlerMethodArgumentResolverComposite.resolveArgument(HandlerMethodArgumentResolverComposite.java:122)
	at org.springframework.web.method.support.InvocableHandlerMethod.getMethodArgumentValues(InvocableHandlerMethod.java:224)
	at org.springframework.web.method.support.InvocableHandlerMethod.invokeForRequest(InvocableHandlerMethod.java:174)
	at org.springframework.web.servlet.mvc.method.annotation.ServletInvocableHandlerMethod.invokeAndHandle(ServletInvocableHandlerMethod.java:117)
	at org.springframework.web.servlet.mvc.method.annotation.RequestMappingHandlerAdapter.invokeHandlerMethod(RequestMappingHandlerAdapter.java:934)
	at org.springframework.web.servlet.mvc.method.annotation.RequestMappingHandlerAdapter.handleInternal(RequestMappingHandlerAdapter.java:853)
	at org.springframework.web.servlet.mvc.method.AbstractHandlerMethodAdapter.handle(AbstractHandlerMethodAdapter.java:86)
	at org.springframework.web.servlet.DispatcherServlet.doDispatch(DispatcherServlet.java:963)
	at org.springframework.web.servlet.DispatcherServlet.doService(DispatcherServlet.java:866)
	at org.springframework.web.servlet.FrameworkServlet.processRequest(FrameworkServlet.java:1000)
	at org.springframework.web.servlet.FrameworkServlet.doPost(FrameworkServlet.java:903)
	at jakarta.servlet.http.HttpServlet.service(HttpServlet.java:649)
	at org.springframework.web.servlet.FrameworkServlet.service(FrameworkServlet.java:874)
	at jakarta.servlet.http.HttpServlet.service(HttpServlet.java:710)
	at org.apache.catalina.core.ApplicationFilterChain.doFilter(ApplicationFilterChain.java:132)
	at org.apache.tomcat.websocket.server.WsFilter.doFilter(WsFilter.java:59)
	at org.apache.catalina.core.ApplicationFilterChain.doFilter(ApplicationFilterChain.java:111)
	at org.springframework.web.filter.RequestContextFilter.doFilterInternal(RequestContextFilter.java:100)
	at org.springframework.web.filter.OncePerRequestFilter.doFilter(OncePerRequestFilter.java:116)
	at org.apache.catalina.core.ApplicationFilterChain.doFilter(ApplicationFilterChain.java:111)
	at org.springframework.web.filter.FormContentFilter.doFilterInternal(FormContentFilter.java:93)
	at org.springframework.web.filter.OncePerRequestFilter.doFilter(OncePerRequestFilter.java:116)
	at org.apache.catalina.core.ApplicationFilterChain.doFilter(ApplicationFilterChain.java:111)
	at org.springframework.web.filter.CharacterEncodingFilter.doFilterInternal(CharacterEncodingFilter.java:199)
	at org.springframework.web.filter.OncePerRequestFilter.doFilter(OncePerRequestFilter.java:116)
	at org.apache.catalina.core.ApplicationFilterChain.doFilter(ApplicationFilterChain.java:111)
	at org.apache.catalina.core.StandardWrapperValve.invoke(StandardWrapperValve.java:165)
	at org.apache.catalina.core.StandardContextValve.invoke(StandardContextValve.java:77)
	at org.apache.catalina.authenticator.AuthenticatorBase.invoke(AuthenticatorBase.java:535)
	at org.apache.catalina.core.StandardHostValve.invoke(StandardHostValve.java:115)
	at org.apache.catalina.valves.ErrorReportValve.invoke(ErrorReportValve.java:86)
	at org.apache.catalina.core.StandardEngineValve.invoke(StandardEngineValve.java:71)
	at org.apache.catalina.connector.CoyoteAdapter.service(CoyoteAdapter.java:347)
	at org.apache.coyote.http11.Http11Processor.service(Http11Processor.java:406)
	at org.apache.coyote.AbstractProcessorLight.process(AbstractProcessorLight.java:71)
	at org.apache.coyote.AbstractProtocol$ConnectionHandler.process(AbstractProtocol.java:1307)
	at org.apache.tomcat.util.net.NioEndpoint$SocketProcessor.doRun(NioEndpoint.java:2036)
	at org.apache.tomcat.util.net.SocketProcessorBase.run(SocketProcessorBase.java:74)
	at org.apache.tomcat.util.threads.ThreadPoolExecutor.runWorker(ThreadPoolExecutor.java:949)
	at org.apache.tomcat.util.threads.ThreadPoolExecutor$Worker.run(ThreadPoolExecutor.java:483)
	at org.apache.tomcat.util.threads.TaskThread$WrappingRunnable.run(TaskThread.java:74)
	at java.base/java.lang.Thread.run(Thread.java:1583)
Caused by: tools.jackson.databind.exc.InvalidFormatException: Cannot deserialize value of type `com.ecom.ecom.ProductStatus` from String "false": not one of the values accepted for Enum class: [InActive, Active]
 at [Source: REDACTED (`StreamReadFeature.INCLUDE_SOURCE_IN_LOCATION` disabled); byte offset: #261] (through reference chain: com.ecom.ecom.Dto.ProductCreateRequest["status"])
	at tools.jackson.databind.exc.InvalidFormatException.from(InvalidFormatException.java:37)
	at tools.jackson.databind.DeserializationContext.weirdStringException(DeserializationContext.java:2063)
	at tools.jackson.databind.DeserializationContext.handleWeirdStringValue(DeserializationContext.java:1354)
	at tools.jackson.databind.deser.jdk.EnumDeserializer._deserializeAltString(EnumDeserializer.java:371)
	at tools.jackson.databind.deser.jdk.EnumDeserializer._fromString(EnumDeserializer.java:230)
	at tools.jackson.databind.deser.jdk.EnumDeserializer.deserialize(EnumDeserializer.java:195)
	at tools.jackson.databind.deser.impl.MethodProperty.deserializeAndSet(MethodProperty.java:120)
	at tools.jackson.databind.deser.bean.BeanDeserializer.deserializeFromObject(BeanDeserializer.java:659)
	at tools.jackson.databind.deser.bean.BeanDeserializer.deserialize(BeanDeserializer.java:200)
	at tools.jackson.databind.deser.DeserializationContextExt.readRootValue(DeserializationContextExt.java:266)
	at tools.jackson.databind.ObjectReader._bindAndClose(ObjectReader.java:1888)
	at tools.jackson.databind.ObjectReader.readValue(ObjectReader.java:1270)
	at org.springframework.http.converter.AbstractJacksonHttpMessageConverter.readJavaType(AbstractJacksonHttpMessageConverter.java:352)
	... 46 common frames omitted
2026-09-24 01:38:54 ERROR [http-nio-8081-exec-10] - Unexpected application error
org.springframework.http.converter.HttpMessageNotReadableException: JSON parse error: Cannot deserialize value of type `com.ecom.ecom.ProductStatus` from String "false": not one of the values accepted for Enum class: [InActive, Active]
	at org.springframework.http.converter.AbstractJacksonHttpMessageConverter.readJavaType(AbstractJacksonHttpMessageConverter.java:363)
	at org.springframework.http.converter.AbstractJacksonHttpMessageConverter.read(AbstractJacksonHttpMessageConverter.java:319)
	at org.springframework.web.servlet.mvc.method.annotation.AbstractMessageConverterMethodArgumentResolver.readWithMessageConverters(AbstractMessageConverterMethodArgumentResolver.java:203)
	at org.springframework.web.servlet.mvc.method.annotation.RequestResponseBodyMethodProcessor.readWithMessageConverters(RequestResponseBodyMethodProcessor.java:181)
	at org.springframework.web.servlet.mvc.method.annotation.RequestResponseBodyMethodProcessor.resolveArgument(RequestResponseBodyMethodProcessor.java:156)
	at org.springframework.web.method.support.HandlerMethodArgumentResolverComposite.resolveArgument(HandlerMethodArgumentResolverComposite.java:122)
	at org.springframework.web.method.support.InvocableHandlerMethod.getMethodArgumentValues(InvocableHandlerMethod.java:224)
	at org.springframework.web.method.support.InvocableHandlerMethod.invokeForRequest(InvocableHandlerMethod.java:174)
	at org.springframework.web.servlet.mvc.method.annotation.ServletInvocableHandlerMethod.invokeAndHandle(ServletInvocableHandlerMethod.java:117)
	at org.springframework.web.servlet.mvc.method.annotation.RequestMappingHandlerAdapter.invokeHandlerMethod(RequestMappingHandlerAdapter.java:934)
	at org.springframework.web.servlet.mvc.method.annotation.RequestMappingHandlerAdapter.handleInternal(RequestMappingHandlerAdapter.java:853)
	at org.springframework.web.servlet.mvc.method.AbstractHandlerMethodAdapter.handle(AbstractHandlerMethodAdapter.java:86)
	at org.springframework.web.servlet.DispatcherServlet.doDispatch(DispatcherServlet.java:963)
	at org.springframework.web.servlet.DispatcherServlet.doService(DispatcherServlet.java:866)
	at org.springframework.web.servlet.FrameworkServlet.processRequest(FrameworkServlet.java:1000)
	at org.springframework.web.servlet.FrameworkServlet.doPost(FrameworkServlet.java:903)
	at jakarta.servlet.http.HttpServlet.service(HttpServlet.java:649)
	at org.springframework.web.servlet.FrameworkServlet.service(FrameworkServlet.java:874)
	at jakarta.servlet.http.HttpServlet.service(HttpServlet.java:710)
	at org.apache.catalina.core.ApplicationFilterChain.doFilter(ApplicationFilterChain.java:132)
	at org.apache.tomcat.websocket.server.WsFilter.doFilter(WsFilter.java:59)
	at org.apache.catalina.core.ApplicationFilterChain.doFilter(ApplicationFilterChain.java:111)
	at org.springframework.web.filter.RequestContextFilter.doFilterInternal(RequestContextFilter.java:100)
	at org.springframework.web.filter.OncePerRequestFilter.doFilter(OncePerRequestFilter.java:116)
	at org.apache.catalina.core.ApplicationFilterChain.doFilter(ApplicationFilterChain.java:111)
	at org.springframework.web.filter.FormContentFilter.doFilterInternal(FormContentFilter.java:93)
	at org.springframework.web.filter.OncePerRequestFilter.doFilter(OncePerRequestFilter.java:116)
	at org.apache.catalina.core.ApplicationFilterChain.doFilter(ApplicationFilterChain.java:111)
	at org.springframework.web.filter.CharacterEncodingFilter.doFilterInternal(CharacterEncodingFilter.java:199)
	at org.springframework.web.filter.OncePerRequestFilter.doFilter(OncePerRequestFilter.java:116)
	at org.apache.catalina.core.ApplicationFilterChain.doFilter(ApplicationFilterChain.java:111)
	at org.apache.catalina.core.StandardWrapperValve.invoke(StandardWrapperValve.java:165)
	at org.apache.catalina.core.StandardContextValve.invoke(StandardContextValve.java:77)
	at org.apache.catalina.authenticator.AuthenticatorBase.invoke(AuthenticatorBase.java:535)
	at org.apache.catalina.core.StandardHostValve.invoke(StandardHostValve.java:115)
	at org.apache.catalina.valves.ErrorReportValve.invoke(ErrorReportValve.java:86)
	at org.apache.catalina.core.StandardEngineValve.invoke(StandardEngineValve.java:71)
	at org.apache.catalina.connector.CoyoteAdapter.service(CoyoteAdapter.java:347)
	at org.apache.coyote.http11.Http11Processor.service(Http11Processor.java:406)
	at org.apache.coyote.AbstractProcessorLight.process(AbstractProcessorLight.java:71)
	at org.apache.coyote.AbstractProtocol$ConnectionHandler.process(AbstractProtocol.java:1307)
	at org.apache.tomcat.util.net.NioEndpoint$SocketProcessor.doRun(NioEndpoint.java:2036)
	at org.apache.tomcat.util.net.SocketProcessorBase.run(SocketProcessorBase.java:74)
	at org.apache.tomcat.util.threads.ThreadPoolExecutor.runWorker(ThreadPoolExecutor.java:949)
	at org.apache.tomcat.util.threads.ThreadPoolExecutor$Worker.run(ThreadPoolExecutor.java:483)
	at org.apache.tomcat.util.threads.TaskThread$WrappingRunnable.run(TaskThread.java:74)
	at java.base/java.lang.Thread.run(Thread.java:1583)
Caused by: tools.jackson.databind.exc.InvalidFormatException: Cannot deserialize value of type `com.ecom.ecom.ProductStatus` from String "false": not one of the values accepted for Enum class: [InActive, Active]
 at [Source: REDACTED (`StreamReadFeature.INCLUDE_SOURCE_IN_LOCATION` disabled); byte offset: #260] (through reference chain: com.ecom.ecom.Dto.ProductCreateRequest["status"])
	at tools.jackson.databind.exc.InvalidFormatException.from(InvalidFormatException.java:37)
	at tools.jackson.databind.DeserializationContext.weirdStringException(DeserializationContext.java:2063)
	at tools.jackson.databind.DeserializationContext.handleWeirdStringValue(DeserializationContext.java:1354)
	at tools.jackson.databind.deser.jdk.EnumDeserializer._deserializeAltString(EnumDeserializer.java:371)
	at tools.jackson.databind.deser.jdk.EnumDeserializer._fromString(EnumDeserializer.java:230)
	at tools.jackson.databind.deser.jdk.EnumDeserializer.deserialize(EnumDeserializer.java:195)
	at tools.jackson.databind.deser.impl.MethodProperty.deserializeAndSet(MethodProperty.java:120)
	at tools.jackson.databind.deser.bean.BeanDeserializer.deserializeFromObject(BeanDeserializer.java:659)
	at tools.jackson.databind.deser.bean.BeanDeserializer.deserialize(BeanDeserializer.java:200)
	at tools.jackson.databind.deser.DeserializationContextExt.readRootValue(DeserializationContextExt.java:266)
	at tools.jackson.databind.ObjectReader._bindAndClose(ObjectReader.java:1888)
	at tools.jackson.databind.ObjectReader.readValue(ObjectReader.java:1270)
	at org.springframework.http.converter.AbstractJacksonHttpMessageConverter.readJavaType(AbstractJacksonHttpMessageConverter.java:352)
	... 46 common frames omitted
2026-09-24 01:39:19 DEBUG [http-nio-8081-exec-1] - Creating product
2026-09-24 01:39:19 DEBUG [http-nio-8081-exec-1] - 
    select
        p1_0.id 
    from
        product p1_0 
    where
        p1_0.sku=? 
    limit
        ?
2026-09-24 01:39:19 TRACE [http-nio-8081-exec-1] - binding parameter (1:VARCHAR) <- [sk1-121011]
2026-09-24 01:39:19 TRACE [http-nio-8081-exec-1] - binding parameter (2:INTEGER) <- [1]
2026-09-24 01:39:20 DEBUG [http-nio-8081-exec-1] - 
    select
        b1_0.id,
        b1_0.brand_name,
        b1_0.created_at,
        b1_0.logo_url,
        b1_0.slug,
        b1_0.status,
        b1_0.updated_at,
        b1_0.website_url 
    from
        brands b1_0 
    where
        b1_0.id=?
2026-09-24 01:39:20 TRACE [http-nio-8081-exec-1] - binding parameter (1:BIGINT) <- [1]
2026-09-24 01:39:20 WARN  [http-nio-8081-exec-1] - Brand not Active
2026-09-24 01:39:20 ERROR [http-nio-8081-exec-1] - Unexpected application error
com.ecom.ecom.Exception.InactiveException: Brand Inactive with id1
	at com.ecom.ecom.ServiceImpl.ProductServiceImpl.createProduct(ProductServiceImpl.java:64)
	at java.base/jdk.internal.reflect.DirectMethodHandleAccessor.invoke(DirectMethodHandleAccessor.java:103)
	at java.base/java.lang.reflect.Method.invoke(Method.java:580)
	at org.springframework.aop.support.AopUtils.invokeJoinpointUsingReflection(AopUtils.java:359)
	at org.springframework.aop.framework.ReflectiveMethodInvocation.invokeJoinpoint(ReflectiveMethodInvocation.java:190)
	at org.springframework.aop.framework.ReflectiveMethodInvocation.proceed(ReflectiveMethodInvocation.java:158)
	at org.springframework.transaction.interceptor.TransactionInterceptor$1.proceedWithInvocation(TransactionInterceptor.java:133)
	at org.springframework.transaction.interceptor.TransactionAspectSupport.invokeWithinTransaction(TransactionAspectSupport.java:371)
	at org.springframework.transaction.interceptor.TransactionInterceptor.invoke(TransactionInterceptor.java:130)
	at org.springframework.aop.framework.ReflectiveMethodInvocation.proceed(ReflectiveMethodInvocation.java:179)
	at org.springframework.aop.framework.CglibAopProxy$DynamicAdvisedInterceptor.intercept(CglibAopProxy.java:719)
	at com.ecom.ecom.ServiceImpl.ProductServiceImpl$$SpringCGLIB$$0.createProduct(<generated>)
	at com.ecom.ecom.Controller.ProductController.createProduct(ProductController.java:104)
	at java.base/jdk.internal.reflect.DirectMethodHandleAccessor.invoke(DirectMethodHandleAccessor.java:103)
	at java.base/java.lang.reflect.Method.invoke(Method.java:580)
	at org.springframework.web.method.support.InvocableHandlerMethod.doInvoke(InvocableHandlerMethod.java:252)
	at org.springframework.web.method.support.InvocableHandlerMethod.invokeForRequest(InvocableHandlerMethod.java:184)
	at org.springframework.web.servlet.mvc.method.annotation.ServletInvocableHandlerMethod.invokeAndHandle(ServletInvocableHandlerMethod.java:117)
	at org.springframework.web.servlet.mvc.method.annotation.RequestMappingHandlerAdapter.invokeHandlerMethod(RequestMappingHandlerAdapter.java:934)
	at org.springframework.web.servlet.mvc.method.annotation.RequestMappingHandlerAdapter.handleInternal(RequestMappingHandlerAdapter.java:853)
	at org.springframework.web.servlet.mvc.method.AbstractHandlerMethodAdapter.handle(AbstractHandlerMethodAdapter.java:86)
	at org.springframework.web.servlet.DispatcherServlet.doDispatch(DispatcherServlet.java:963)
	at org.springframework.web.servlet.DispatcherServlet.doService(DispatcherServlet.java:866)
	at org.springframework.web.servlet.FrameworkServlet.processRequest(FrameworkServlet.java:1000)
	at org.springframework.web.servlet.FrameworkServlet.doPost(FrameworkServlet.java:903)
	at jakarta.servlet.http.HttpServlet.service(HttpServlet.java:649)
	at org.springframework.web.servlet.FrameworkServlet.service(FrameworkServlet.java:874)
	at jakarta.servlet.http.HttpServlet.service(HttpServlet.java:710)
	at org.apache.catalina.core.ApplicationFilterChain.doFilter(ApplicationFilterChain.java:132)
	at org.apache.tomcat.websocket.server.WsFilter.doFilter(WsFilter.java:59)
	at org.apache.catalina.core.ApplicationFilterChain.doFilter(ApplicationFilterChain.java:111)
	at org.springframework.web.filter.RequestContextFilter.doFilterInternal(RequestContextFilter.java:100)
	at org.springframework.web.filter.OncePerRequestFilter.doFilter(OncePerRequestFilter.java:116)
	at org.apache.catalina.core.ApplicationFilterChain.doFilter(ApplicationFilterChain.java:111)
	at org.springframework.web.filter.FormContentFilter.doFilterInternal(FormContentFilter.java:93)
	at org.springframework.web.filter.OncePerRequestFilter.doFilter(OncePerRequestFilter.java:116)
	at org.apache.catalina.core.ApplicationFilterChain.doFilter(ApplicationFilterChain.java:111)
	at org.springframework.web.filter.CharacterEncodingFilter.doFilterInternal(CharacterEncodingFilter.java:199)
	at org.springframework.web.filter.OncePerRequestFilter.doFilter(OncePerRequestFilter.java:116)
	at org.apache.catalina.core.ApplicationFilterChain.doFilter(ApplicationFilterChain.java:111)
	at org.apache.catalina.core.StandardWrapperValve.invoke(StandardWrapperValve.java:165)
	at org.apache.catalina.core.StandardContextValve.invoke(StandardContextValve.java:77)
	at org.apache.catalina.authenticator.AuthenticatorBase.invoke(AuthenticatorBase.java:535)
	at org.apache.catalina.core.StandardHostValve.invoke(StandardHostValve.java:115)
	at org.apache.catalina.valves.ErrorReportValve.invoke(ErrorReportValve.java:86)
	at org.apache.catalina.core.StandardEngineValve.invoke(StandardEngineValve.java:71)
	at org.apache.catalina.connector.CoyoteAdapter.service(CoyoteAdapter.java:347)
	at org.apache.coyote.http11.Http11Processor.service(Http11Processor.java:406)
	at org.apache.coyote.AbstractProcessorLight.process(AbstractProcessorLight.java:71)
	at org.apache.coyote.AbstractProtocol$ConnectionHandler.process(AbstractProtocol.java:1307)
	at org.apache.tomcat.util.net.NioEndpoint$SocketProcessor.doRun(NioEndpoint.java:2036)
	at org.apache.tomcat.util.net.SocketProcessorBase.run(SocketProcessorBase.java:74)
	at org.apache.tomcat.util.threads.ThreadPoolExecutor.runWorker(ThreadPoolExecutor.java:949)
	at org.apache.tomcat.util.threads.ThreadPoolExecutor$Worker.run(ThreadPoolExecutor.java:483)
	at org.apache.tomcat.util.threads.TaskThread$WrappingRunnable.run(TaskThread.java:74)
	at java.base/java.lang.Thread.run(Thread.java:1583)
2026-09-24 01:39:55 DEBUG [http-nio-8081-exec-2] - Creating product
2026-09-24 01:39:55 DEBUG [http-nio-8081-exec-2] - 
    select
        p1_0.id 
    from
        product p1_0 
    where
        p1_0.sku=? 
    limit
        ?
2026-09-24 01:39:55 TRACE [http-nio-8081-exec-2] - binding parameter (1:VARCHAR) <- [sk1-121011]
2026-09-24 01:39:55 TRACE [http-nio-8081-exec-2] - binding parameter (2:INTEGER) <- [1]
2026-09-24 01:39:55 DEBUG [http-nio-8081-exec-2] - 
    select
        b1_0.id,
        b1_0.brand_name,
        b1_0.created_at,
        b1_0.logo_url,
        b1_0.slug,
        b1_0.status,
        b1_0.updated_at,
        b1_0.website_url 
    from
        brands b1_0 
    where
        b1_0.id=?
2026-09-24 01:39:55 TRACE [http-nio-8081-exec-2] - binding parameter (1:BIGINT) <- [2]
2026-09-24 01:39:55 WARN  [http-nio-8081-exec-2] - Brand not Active
2026-09-24 01:39:55 ERROR [http-nio-8081-exec-2] - Unexpected application error
com.ecom.ecom.Exception.InactiveException: Brand Inactive with id2
	at com.ecom.ecom.ServiceImpl.ProductServiceImpl.createProduct(ProductServiceImpl.java:64)
	at java.base/jdk.internal.reflect.DirectMethodHandleAccessor.invoke(DirectMethodHandleAccessor.java:103)
	at java.base/java.lang.reflect.Method.invoke(Method.java:580)
	at org.springframework.aop.support.AopUtils.invokeJoinpointUsingReflection(AopUtils.java:359)
	at org.springframework.aop.framework.ReflectiveMethodInvocation.invokeJoinpoint(ReflectiveMethodInvocation.java:190)
	at org.springframework.aop.framework.ReflectiveMethodInvocation.proceed(ReflectiveMethodInvocation.java:158)
	at org.springframework.transaction.interceptor.TransactionInterceptor$1.proceedWithInvocation(TransactionInterceptor.java:133)
	at org.springframework.transaction.interceptor.TransactionAspectSupport.invokeWithinTransaction(TransactionAspectSupport.java:371)
	at org.springframework.transaction.interceptor.TransactionInterceptor.invoke(TransactionInterceptor.java:130)
	at org.springframework.aop.framework.ReflectiveMethodInvocation.proceed(ReflectiveMethodInvocation.java:179)
	at org.springframework.aop.framework.CglibAopProxy$DynamicAdvisedInterceptor.intercept(CglibAopProxy.java:719)
	at com.ecom.ecom.ServiceImpl.ProductServiceImpl$$SpringCGLIB$$0.createProduct(<generated>)
	at com.ecom.ecom.Controller.ProductController.createProduct(ProductController.java:104)
	at java.base/jdk.internal.reflect.DirectMethodHandleAccessor.invoke(DirectMethodHandleAccessor.java:103)
	at java.base/java.lang.reflect.Method.invoke(Method.java:580)
	at org.springframework.web.method.support.InvocableHandlerMethod.doInvoke(InvocableHandlerMethod.java:252)
	at org.springframework.web.method.support.InvocableHandlerMethod.invokeForRequest(InvocableHandlerMethod.java:184)
	at org.springframework.web.servlet.mvc.method.annotation.ServletInvocableHandlerMethod.invokeAndHandle(ServletInvocableHandlerMethod.java:117)
	at org.springframework.web.servlet.mvc.method.annotation.RequestMappingHandlerAdapter.invokeHandlerMethod(RequestMappingHandlerAdapter.java:934)
	at org.springframework.web.servlet.mvc.method.annotation.RequestMappingHandlerAdapter.handleInternal(RequestMappingHandlerAdapter.java:853)
	at org.springframework.web.servlet.mvc.method.AbstractHandlerMethodAdapter.handle(AbstractHandlerMethodAdapter.java:86)
	at org.springframework.web.servlet.DispatcherServlet.doDispatch(DispatcherServlet.java:963)
	at org.springframework.web.servlet.DispatcherServlet.doService(DispatcherServlet.java:866)
	at org.springframework.web.servlet.FrameworkServlet.processRequest(FrameworkServlet.java:1000)
	at org.springframework.web.servlet.FrameworkServlet.doPost(FrameworkServlet.java:903)
	at jakarta.servlet.http.HttpServlet.service(HttpServlet.java:649)
	at org.springframework.web.servlet.FrameworkServlet.service(FrameworkServlet.java:874)
	at jakarta.servlet.http.HttpServlet.service(HttpServlet.java:710)
	at org.apache.catalina.core.ApplicationFilterChain.doFilter(ApplicationFilterChain.java:132)
	at org.apache.tomcat.websocket.server.WsFilter.doFilter(WsFilter.java:59)
	at org.apache.catalina.core.ApplicationFilterChain.doFilter(ApplicationFilterChain.java:111)
	at org.springframework.web.filter.RequestContextFilter.doFilterInternal(RequestContextFilter.java:100)
	at org.springframework.web.filter.OncePerRequestFilter.doFilter(OncePerRequestFilter.java:116)
	at org.apache.catalina.core.ApplicationFilterChain.doFilter(ApplicationFilterChain.java:111)
	at org.springframework.web.filter.FormContentFilter.doFilterInternal(FormContentFilter.java:93)
	at org.springframework.web.filter.OncePerRequestFilter.doFilter(OncePerRequestFilter.java:116)
	at org.apache.catalina.core.ApplicationFilterChain.doFilter(ApplicationFilterChain.java:111)
	at org.springframework.web.filter.CharacterEncodingFilter.doFilterInternal(CharacterEncodingFilter.java:199)
	at org.springframework.web.filter.OncePerRequestFilter.doFilter(OncePerRequestFilter.java:116)
	at org.apache.catalina.core.ApplicationFilterChain.doFilter(ApplicationFilterChain.java:111)
	at org.apache.catalina.core.StandardWrapperValve.invoke(StandardWrapperValve.java:165)
	at org.apache.catalina.core.StandardContextValve.invoke(StandardContextValve.java:77)
	at org.apache.catalina.authenticator.AuthenticatorBase.invoke(AuthenticatorBase.java:535)
	at org.apache.catalina.core.StandardHostValve.invoke(StandardHostValve.java:115)
	at org.apache.catalina.valves.ErrorReportValve.invoke(ErrorReportValve.java:86)
	at org.apache.catalina.core.StandardEngineValve.invoke(StandardEngineValve.java:71)
	at org.apache.catalina.connector.CoyoteAdapter.service(CoyoteAdapter.java:347)
	at org.apache.coyote.http11.Http11Processor.service(Http11Processor.java:406)
	at org.apache.coyote.AbstractProcessorLight.process(AbstractProcessorLight.java:71)
	at org.apache.coyote.AbstractProtocol$ConnectionHandler.process(AbstractProtocol.java:1307)
	at org.apache.tomcat.util.net.NioEndpoint$SocketProcessor.doRun(NioEndpoint.java:2036)
	at org.apache.tomcat.util.net.SocketProcessorBase.run(SocketProcessorBase.java:74)
	at org.apache.tomcat.util.threads.ThreadPoolExecutor.runWorker(ThreadPoolExecutor.java:949)
	at org.apache.tomcat.util.threads.ThreadPoolExecutor$Worker.run(ThreadPoolExecutor.java:483)
	at org.apache.tomcat.util.threads.TaskThread$WrappingRunnable.run(TaskThread.java:74)
	at java.base/java.lang.Thread.run(Thread.java:1583)
2026-09-24 01:40:06 DEBUG [http-nio-8081-exec-5] - Creating product
2026-09-24 01:40:06 DEBUG [http-nio-8081-exec-5] - 
    select
        p1_0.id 
    from
        product p1_0 
    where
        p1_0.sku=? 
    limit
        ?
2026-09-24 01:40:06 TRACE [http-nio-8081-exec-5] - binding parameter (1:VARCHAR) <- [sk1-121011]
2026-09-24 01:40:06 TRACE [http-nio-8081-exec-5] - binding parameter (2:INTEGER) <- [1]
2026-09-24 01:40:06 DEBUG [http-nio-8081-exec-5] - 
    select
        b1_0.id,
        b1_0.brand_name,
        b1_0.created_at,
        b1_0.logo_url,
        b1_0.slug,
        b1_0.status,
        b1_0.updated_at,
        b1_0.website_url 
    from
        brands b1_0 
    where
        b1_0.id=?
2026-09-24 01:40:06 TRACE [http-nio-8081-exec-5] - binding parameter (1:BIGINT) <- [3]
2026-09-24 01:40:06 WARN  [http-nio-8081-exec-5] - Brand not Active
2026-09-24 01:40:06 ERROR [http-nio-8081-exec-5] - Unexpected application error
com.ecom.ecom.Exception.InactiveException: Brand Inactive with id3
	at com.ecom.ecom.ServiceImpl.ProductServiceImpl.createProduct(ProductServiceImpl.java:64)
	at java.base/jdk.internal.reflect.DirectMethodHandleAccessor.invoke(DirectMethodHandleAccessor.java:103)
	at java.base/java.lang.reflect.Method.invoke(Method.java:580)
	at org.springframework.aop.support.AopUtils.invokeJoinpointUsingReflection(AopUtils.java:359)
	at org.springframework.aop.framework.ReflectiveMethodInvocation.invokeJoinpoint(ReflectiveMethodInvocation.java:190)
	at org.springframework.aop.framework.ReflectiveMethodInvocation.proceed(ReflectiveMethodInvocation.java:158)
	at org.springframework.transaction.interceptor.TransactionInterceptor$1.proceedWithInvocation(TransactionInterceptor.java:133)
	at org.springframework.transaction.interceptor.TransactionAspectSupport.invokeWithinTransaction(TransactionAspectSupport.java:371)
	at org.springframework.transaction.interceptor.TransactionInterceptor.invoke(TransactionInterceptor.java:130)
	at org.springframework.aop.framework.ReflectiveMethodInvocation.proceed(ReflectiveMethodInvocation.java:179)
	at org.springframework.aop.framework.CglibAopProxy$DynamicAdvisedInterceptor.intercept(CglibAopProxy.java:719)
	at com.ecom.ecom.ServiceImpl.ProductServiceImpl$$SpringCGLIB$$0.createProduct(<generated>)
	at com.ecom.ecom.Controller.ProductController.createProduct(ProductController.java:104)
	at java.base/jdk.internal.reflect.DirectMethodHandleAccessor.invoke(DirectMethodHandleAccessor.java:103)
	at java.base/java.lang.reflect.Method.invoke(Method.java:580)
	at org.springframework.web.method.support.InvocableHandlerMethod.doInvoke(InvocableHandlerMethod.java:252)
	at org.springframework.web.method.support.InvocableHandlerMethod.invokeForRequest(InvocableHandlerMethod.java:184)
	at org.springframework.web.servlet.mvc.method.annotation.ServletInvocableHandlerMethod.invokeAndHandle(ServletInvocableHandlerMethod.java:117)
	at org.springframework.web.servlet.mvc.method.annotation.RequestMappingHandlerAdapter.invokeHandlerMethod(RequestMappingHandlerAdapter.java:934)
	at org.springframework.web.servlet.mvc.method.annotation.RequestMappingHandlerAdapter.handleInternal(RequestMappingHandlerAdapter.java:853)
	at org.springframework.web.servlet.mvc.method.AbstractHandlerMethodAdapter.handle(AbstractHandlerMethodAdapter.java:86)
	at org.springframework.web.servlet.DispatcherServlet.doDispatch(DispatcherServlet.java:963)
	at org.springframework.web.servlet.DispatcherServlet.doService(DispatcherServlet.java:866)
	at org.springframework.web.servlet.FrameworkServlet.processRequest(FrameworkServlet.java:1000)
	at org.springframework.web.servlet.FrameworkServlet.doPost(FrameworkServlet.java:903)
	at jakarta.servlet.http.HttpServlet.service(HttpServlet.java:649)
	at org.springframework.web.servlet.FrameworkServlet.service(FrameworkServlet.java:874)
	at jakarta.servlet.http.HttpServlet.service(HttpServlet.java:710)
	at org.apache.catalina.core.ApplicationFilterChain.doFilter(ApplicationFilterChain.java:132)
	at org.apache.tomcat.websocket.server.WsFilter.doFilter(WsFilter.java:59)
	at org.apache.catalina.core.ApplicationFilterChain.doFilter(ApplicationFilterChain.java:111)
	at org.springframework.web.filter.RequestContextFilter.doFilterInternal(RequestContextFilter.java:100)
	at org.springframework.web.filter.OncePerRequestFilter.doFilter(OncePerRequestFilter.java:116)
	at org.apache.catalina.core.ApplicationFilterChain.doFilter(ApplicationFilterChain.java:111)
	at org.springframework.web.filter.FormContentFilter.doFilterInternal(FormContentFilter.java:93)
	at org.springframework.web.filter.OncePerRequestFilter.doFilter(OncePerRequestFilter.java:116)
	at org.apache.catalina.core.ApplicationFilterChain.doFilter(ApplicationFilterChain.java:111)
	at org.springframework.web.filter.CharacterEncodingFilter.doFilterInternal(CharacterEncodingFilter.java:199)
	at org.springframework.web.filter.OncePerRequestFilter.doFilter(OncePerRequestFilter.java:116)
	at org.apache.catalina.core.ApplicationFilterChain.doFilter(ApplicationFilterChain.java:111)
	at org.apache.catalina.core.StandardWrapperValve.invoke(StandardWrapperValve.java:165)
	at org.apache.catalina.core.StandardContextValve.invoke(StandardContextValve.java:77)
	at org.apache.catalina.authenticator.AuthenticatorBase.invoke(AuthenticatorBase.java:535)
	at org.apache.catalina.core.StandardHostValve.invoke(StandardHostValve.java:115)
	at org.apache.catalina.valves.ErrorReportValve.invoke(ErrorReportValve.java:86)
	at org.apache.catalina.core.StandardEngineValve.invoke(StandardEngineValve.java:71)
	at org.apache.catalina.connector.CoyoteAdapter.service(CoyoteAdapter.java:347)
	at org.apache.coyote.http11.Http11Processor.service(Http11Processor.java:406)
	at org.apache.coyote.AbstractProcessorLight.process(AbstractProcessorLight.java:71)
	at org.apache.coyote.AbstractProtocol$ConnectionHandler.process(AbstractProtocol.java:1307)
	at org.apache.tomcat.util.net.NioEndpoint$SocketProcessor.doRun(NioEndpoint.java:2036)
	at org.apache.tomcat.util.net.SocketProcessorBase.run(SocketProcessorBase.java:74)
	at org.apache.tomcat.util.threads.ThreadPoolExecutor.runWorker(ThreadPoolExecutor.java:949)
	at org.apache.tomcat.util.threads.ThreadPoolExecutor$Worker.run(ThreadPoolExecutor.java:483)
	at org.apache.tomcat.util.threads.TaskThread$WrappingRunnable.run(TaskThread.java:74)
	at java.base/java.lang.Thread.run(Thread.java:1583)
2026-09-24 01:40:58 DEBUG [http-nio-8081-exec-6] - Creating product
2026-09-24 01:40:58 DEBUG [http-nio-8081-exec-6] - 
    select
        p1_0.id 
    from
        product p1_0 
    where
        p1_0.sku=? 
    limit
        ?
2026-09-24 01:40:58 TRACE [http-nio-8081-exec-6] - binding parameter (1:VARCHAR) <- [sk1-121011]
2026-09-24 01:40:58 TRACE [http-nio-8081-exec-6] - binding parameter (2:INTEGER) <- [1]
2026-09-24 01:40:58 DEBUG [http-nio-8081-exec-6] - 
    select
        b1_0.id,
        b1_0.brand_name,
        b1_0.created_at,
        b1_0.logo_url,
        b1_0.slug,
        b1_0.status,
        b1_0.updated_at,
        b1_0.website_url 
    from
        brands b1_0 
    where
        b1_0.id=?
2026-09-24 01:40:58 TRACE [http-nio-8081-exec-6] - binding parameter (1:BIGINT) <- [7]
2026-09-24 01:40:58 DEBUG [http-nio-8081-exec-6] - 
    select
        c1_0.id,
        c1_0.description,
        c1_0.active,
        c1_0.category_name,
        c1_0.created_at,
        c1_0.image_url,
        c1_0.slug,
        c1_0.updated_at 
    from
        category c1_0 
    where
        c1_0.id=?
2026-09-24 01:40:58 TRACE [http-nio-8081-exec-6] - binding parameter (1:BIGINT) <- [1]
2026-09-24 01:40:58 DEBUG [http-nio-8081-exec-6] - 
    insert 
    into
        product
        (brand_id, products, created_at, created_by, deleted, description, discount, featured, price, product_name, rating, review_count, sku, status, thumbnail_url, updated_at, updated_by, version) 
    values
        (?, ?, ?, ?, ?, ?, ?, ?, ?, ?, ?, ?, ?, ?, ?, ?, ?, ?)
2026-09-24 01:40:58 TRACE [http-nio-8081-exec-6] - binding parameter (1:BIGINT) <- [7]
2026-09-24 01:40:58 TRACE [http-nio-8081-exec-6] - binding parameter (2:BIGINT) <- [1]
2026-09-24 01:40:58 TRACE [http-nio-8081-exec-6] - binding parameter (3:TIMESTAMP) <- [2026-09-24T01:40:58.572414]
2026-09-24 01:40:58 TRACE [http-nio-8081-exec-6] - binding parameter (4:VARCHAR) <- [null]
2026-09-24 01:40:58 TRACE [http-nio-8081-exec-6] - binding parameter (5:BOOLEAN) <- [false]
2026-09-24 01:40:58 TRACE [http-nio-8081-exec-6] - binding parameter (6:VARCHAR) <- [Mobile phone by samsung]
2026-09-24 01:40:58 TRACE [http-nio-8081-exec-6] - binding parameter (7:NUMERIC) <- [30]
2026-09-24 01:40:58 TRACE [http-nio-8081-exec-6] - binding parameter (8:BOOLEAN) <- [false]
2026-09-24 01:40:58 TRACE [http-nio-8081-exec-6] - binding parameter (9:NUMERIC) <- [10000]
2026-09-24 01:40:58 TRACE [http-nio-8081-exec-6] - binding parameter (10:VARCHAR) <- [Iphone 17]
2026-09-24 01:40:58 TRACE [http-nio-8081-exec-6] - binding parameter (11:NUMERIC) <- [0]
2026-09-24 01:40:58 TRACE [http-nio-8081-exec-6] - binding parameter (12:INTEGER) <- [0]
2026-09-24 01:40:58 TRACE [http-nio-8081-exec-6] - binding parameter (13:VARCHAR) <- [sk1-121011]
2026-09-24 01:40:58 TRACE [http-nio-8081-exec-6] - binding parameter (14:ENUM) <- [InActive]
2026-09-24 01:40:58 TRACE [http-nio-8081-exec-6] - binding parameter (15:VARCHAR) <- [hhtps:google/images/uyydrtgyhujk]
2026-09-24 01:40:58 TRACE [http-nio-8081-exec-6] - binding parameter (16:TIMESTAMP) <- [2026-09-24T01:40:58.572414]
2026-09-24 01:40:58 TRACE [http-nio-8081-exec-6] - binding parameter (17:VARCHAR) <- [null]
2026-09-24 01:40:58 TRACE [http-nio-8081-exec-6] - binding parameter (18:BIGINT) <- [0]
2026-09-24 01:40:59 WARN  [http-nio-8081-exec-6] - HHH000247: ErrorCode: 1364, SQLState: HY000
2026-09-24 01:40:59 WARN  [http-nio-8081-exec-6] - Field 'category_id' doesn't have a default value
2026-09-24 01:40:59 ERROR [http-nio-8081-exec-6] - Database integrity violation
org.springframework.dao.DataIntegrityViolationException: could not execute statement [Field 'category_id' doesn't have a default value] [insert into product (brand_id,products,created_at,created_by,deleted,description,discount,featured,price,product_name,rating,review_count,sku,status,thumbnail_url,updated_at,updated_by,version) values (?,?,?,?,?,?,?,?,?,?,?,?,?,?,?,?,?,?)]; SQL [insert into product (brand_id,products,created_at,created_by,deleted,description,discount,featured,price,product_name,rating,review_count,sku,status,thumbnail_url,updated_at,updated_by,version) values (?,?,?,?,?,?,?,?,?,?,?,?,?,?,?,?,?,?)]; constraint [category_id]
	at org.springframework.orm.jpa.hibernate.HibernateExceptionTranslator.convertHibernateAccessException(HibernateExceptionTranslator.java:169)
	at org.springframework.orm.jpa.hibernate.HibernateExceptionTranslator.convertHibernateAccessException(HibernateExceptionTranslator.java:131)
	at org.springframework.orm.jpa.hibernate.HibernateExceptionTranslator.translateExceptionIfPossible(HibernateExceptionTranslator.java:105)
	at org.springframework.orm.jpa.vendor.HibernateJpaDialect.translateExceptionIfPossible(HibernateJpaDialect.java:223)
	at org.springframework.orm.jpa.AbstractEntityManagerFactoryBean.translateExceptionIfPossible(AbstractEntityManagerFactoryBean.java:577)
	at org.springframework.dao.support.ChainedPersistenceExceptionTranslator.translateExceptionIfPossible(ChainedPersistenceExceptionTranslator.java:61)
	at org.springframework.dao.support.DataAccessUtils.translateIfNecessary(DataAccessUtils.java:346)
	at org.springframework.dao.support.PersistenceExceptionTranslationInterceptor.invoke(PersistenceExceptionTranslationInterceptor.java:157)
	at org.springframework.aop.framework.ReflectiveMethodInvocation.proceed(ReflectiveMethodInvocation.java:179)
	at org.springframework.data.jpa.repository.support.CrudMethodMetadataPostProcessor$CrudMethodMetadataPopulatingMethodInterceptor.invoke(CrudMethodMetadataPostProcessor.java:166)
	at org.springframework.aop.framework.ReflectiveMethodInvocation.proceed(ReflectiveMethodInvocation.java:179)
	at org.springframework.aop.framework.JdkDynamicAopProxy.invoke(JdkDynamicAopProxy.java:222)
	at jdk.proxy2/jdk.proxy2.$Proxy157.save(Unknown Source)
	at com.ecom.ecom.ServiceImpl.ProductServiceImpl.createProduct(ProductServiceImpl.java:95)
	at java.base/jdk.internal.reflect.DirectMethodHandleAccessor.invoke(DirectMethodHandleAccessor.java:103)
	at java.base/java.lang.reflect.Method.invoke(Method.java:580)
	at org.springframework.aop.support.AopUtils.invokeJoinpointUsingReflection(AopUtils.java:359)
	at org.springframework.aop.framework.ReflectiveMethodInvocation.invokeJoinpoint(ReflectiveMethodInvocation.java:190)
	at org.springframework.aop.framework.ReflectiveMethodInvocation.proceed(ReflectiveMethodInvocation.java:158)
	at org.springframework.transaction.interceptor.TransactionInterceptor$1.proceedWithInvocation(TransactionInterceptor.java:133)
	at org.springframework.transaction.interceptor.TransactionAspectSupport.invokeWithinTransaction(TransactionAspectSupport.java:371)
	at org.springframework.transaction.interceptor.TransactionInterceptor.invoke(TransactionInterceptor.java:130)
	at org.springframework.aop.framework.ReflectiveMethodInvocation.proceed(ReflectiveMethodInvocation.java:179)
	at org.springframework.aop.framework.CglibAopProxy$DynamicAdvisedInterceptor.intercept(CglibAopProxy.java:719)
	at com.ecom.ecom.ServiceImpl.ProductServiceImpl$$SpringCGLIB$$0.createProduct(<generated>)
	at com.ecom.ecom.Controller.ProductController.createProduct(ProductController.java:104)
	at java.base/jdk.internal.reflect.DirectMethodHandleAccessor.invoke(DirectMethodHandleAccessor.java:103)
	at java.base/java.lang.reflect.Method.invoke(Method.java:580)
	at org.springframework.web.method.support.InvocableHandlerMethod.doInvoke(InvocableHandlerMethod.java:252)
	at org.springframework.web.method.support.InvocableHandlerMethod.invokeForRequest(InvocableHandlerMethod.java:184)
	at org.springframework.web.servlet.mvc.method.annotation.ServletInvocableHandlerMethod.invokeAndHandle(ServletInvocableHandlerMethod.java:117)
	at org.springframework.web.servlet.mvc.method.annotation.RequestMappingHandlerAdapter.invokeHandlerMethod(RequestMappingHandlerAdapter.java:934)
	at org.springframework.web.servlet.mvc.method.annotation.RequestMappingHandlerAdapter.handleInternal(RequestMappingHandlerAdapter.java:853)
	at org.springframework.web.servlet.mvc.method.AbstractHandlerMethodAdapter.handle(AbstractHandlerMethodAdapter.java:86)
	at org.springframework.web.servlet.DispatcherServlet.doDispatch(DispatcherServlet.java:963)
	at org.springframework.web.servlet.DispatcherServlet.doService(DispatcherServlet.java:866)
	at org.springframework.web.servlet.FrameworkServlet.processRequest(FrameworkServlet.java:1000)
	at org.springframework.web.servlet.FrameworkServlet.doPost(FrameworkServlet.java:903)
	at jakarta.servlet.http.HttpServlet.service(HttpServlet.java:649)
	at org.springframework.web.servlet.FrameworkServlet.service(FrameworkServlet.java:874)
	at jakarta.servlet.http.HttpServlet.service(HttpServlet.java:710)
	at org.apache.catalina.core.ApplicationFilterChain.doFilter(ApplicationFilterChain.java:132)
	at org.apache.tomcat.websocket.server.WsFilter.doFilter(WsFilter.java:59)
	at org.apache.catalina.core.ApplicationFilterChain.doFilter(ApplicationFilterChain.java:111)
	at org.springframework.web.filter.RequestContextFilter.doFilterInternal(RequestContextFilter.java:100)
	at org.springframework.web.filter.OncePerRequestFilter.doFilter(OncePerRequestFilter.java:116)
	at org.apache.catalina.core.ApplicationFilterChain.doFilter(ApplicationFilterChain.java:111)
	at org.springframework.web.filter.FormContentFilter.doFilterInternal(FormContentFilter.java:93)
	at org.springframework.web.filter.OncePerRequestFilter.doFilter(OncePerRequestFilter.java:116)
	at org.apache.catalina.core.ApplicationFilterChain.doFilter(ApplicationFilterChain.java:111)
	at org.springframework.web.filter.CharacterEncodingFilter.doFilterInternal(CharacterEncodingFilter.java:199)
	at org.springframework.web.filter.OncePerRequestFilter.doFilter(OncePerRequestFilter.java:116)
	at org.apache.catalina.core.ApplicationFilterChain.doFilter(ApplicationFilterChain.java:111)
	at org.apache.catalina.core.StandardWrapperValve.invoke(StandardWrapperValve.java:165)
	at org.apache.catalina.core.StandardContextValve.invoke(StandardContextValve.java:77)
	at org.apache.catalina.authenticator.AuthenticatorBase.invoke(AuthenticatorBase.java:535)
	at org.apache.catalina.core.StandardHostValve.invoke(StandardHostValve.java:115)
	at org.apache.catalina.valves.ErrorReportValve.invoke(ErrorReportValve.java:86)
	at org.apache.catalina.core.StandardEngineValve.invoke(StandardEngineValve.java:71)
	at org.apache.catalina.connector.CoyoteAdapter.service(CoyoteAdapter.java:347)
	at org.apache.coyote.http11.Http11Processor.service(Http11Processor.java:406)
	at org.apache.coyote.AbstractProcessorLight.process(AbstractProcessorLight.java:71)
	at org.apache.coyote.AbstractProtocol$ConnectionHandler.process(AbstractProtocol.java:1307)
	at org.apache.tomcat.util.net.NioEndpoint$SocketProcessor.doRun(NioEndpoint.java:2036)
	at org.apache.tomcat.util.net.SocketProcessorBase.run(SocketProcessorBase.java:74)
	at org.apache.tomcat.util.threads.ThreadPoolExecutor.runWorker(ThreadPoolExecutor.java:949)
	at org.apache.tomcat.util.threads.ThreadPoolExecutor$Worker.run(ThreadPoolExecutor.java:483)
	at org.apache.tomcat.util.threads.TaskThread$WrappingRunnable.run(TaskThread.java:74)
	at java.base/java.lang.Thread.run(Thread.java:1583)
Caused by: org.hibernate.exception.ConstraintViolationException: could not execute statement [Field 'category_id' doesn't have a default value] [insert into product (brand_id,products,created_at,created_by,deleted,description,discount,featured,price,product_name,rating,review_count,sku,status,thumbnail_url,updated_at,updated_by,version) values (?,?,?,?,?,?,?,?,?,?,?,?,?,?,?,?,?,?)]
	at org.hibernate.dialect.MySQLDialect.lambda$buildSQLExceptionConversionDelegate$0(MySQLDialect.java:1273)
	at org.hibernate.exception.internal.StandardSQLExceptionConverter.convert(StandardSQLExceptionConverter.java:34)
	at org.hibernate.engine.jdbc.spi.SqlExceptionHelper.convert(SqlExceptionHelper.java:115)
	at org.hibernate.engine.jdbc.internal.ResultSetReturnImpl.executeUpdate(ResultSetReturnImpl.java:184)
	at org.hibernate.id.insert.GetGeneratedKeysDelegate.performMutation(GetGeneratedKeysDelegate.java:103)
	at org.hibernate.engine.jdbc.mutation.internal.MutationExecutorSingleNonBatched.performNonBatchedOperations(MutationExecutorSingleNonBatched.java:45)
	at org.hibernate.engine.jdbc.mutation.internal.AbstractMutationExecutor.execute(AbstractMutationExecutor.java:66)
	at org.hibernate.engine.jdbc.mutation.internal.AbstractMutationExecutor.execute(AbstractMutationExecutor.java:55)
	at org.hibernate.persister.entity.mutation.InsertCoordinatorStandard.doStaticInserts(InsertCoordinatorStandard.java:180)
	at org.hibernate.persister.entity.mutation.InsertCoordinatorStandard.coordinateInsert(InsertCoordinatorStandard.java:120)
	at org.hibernate.persister.entity.mutation.InsertCoordinatorStandard.insert(InsertCoordinatorStandard.java:84)
	at org.hibernate.action.internal.EntityIdentityInsertAction.execute(EntityIdentityInsertAction.java:85)
	at org.hibernate.engine.spi.ActionQueue.execute(ActionQueue.java:667)
	at org.hibernate.engine.spi.ActionQueue.addResolvedEntityInsertAction(ActionQueue.java:291)
	at org.hibernate.engine.spi.ActionQueue.addInsertAction(ActionQueue.java:270)
	at org.hibernate.engine.spi.ActionQueue.addAction(ActionQueue.java:322)
	at org.hibernate.event.internal.AbstractSaveEventListener.addInsertAction(AbstractSaveEventListener.java:371)
	at org.hibernate.event.internal.AbstractSaveEventListener.performSaveOrReplicate(AbstractSaveEventListener.java:285)
	at org.hibernate.event.internal.AbstractSaveEventListener.performSave(AbstractSaveEventListener.java:215)
	at org.hibernate.event.internal.AbstractSaveEventListener.saveWithGeneratedId(AbstractSaveEventListener.java:133)
	at org.hibernate.event.internal.DefaultPersistEventListener.entityIsTransient(DefaultPersistEventListener.java:144)
	at org.hibernate.event.internal.DefaultPersistEventListener.persist(DefaultPersistEventListener.java:90)
	at org.hibernate.event.internal.DefaultPersistEventListener.onPersist(DefaultPersistEventListener.java:74)
	at org.hibernate.event.internal.DefaultPersistEventListener.onPersist(DefaultPersistEventListener.java:50)
	at org.hibernate.event.service.internal.EventListenerGroupImpl.fireEventOnEachListener(EventListenerGroupImpl.java:138)
	at org.hibernate.internal.SessionImpl.firePersist(SessionImpl.java:706)
	at org.hibernate.internal.SessionImpl.persist(SessionImpl.java:689)
	at java.base/jdk.internal.reflect.DirectMethodHandleAccessor.invoke(DirectMethodHandleAccessor.java:103)
	at java.base/java.lang.reflect.Method.invoke(Method.java:580)
	at org.springframework.orm.jpa.ExtendedEntityManagerCreator$ExtendedEntityManagerInvocationHandler.invoke(ExtendedEntityManagerCreator.java:360)
	at jdk.proxy2/jdk.proxy2.$Proxy140.persist(Unknown Source)
	at java.base/jdk.internal.reflect.DirectMethodHandleAccessor.invoke(DirectMethodHandleAccessor.java:103)
	at java.base/java.lang.reflect.Method.invoke(Method.java:580)
	at org.springframework.orm.jpa.SharedEntityManagerCreator$SharedEntityHandlerInvocationHandler.invokeMethod(SharedEntityManagerCreator.java:239)
	at org.springframework.orm.jpa.SharedEntityManagerCreator$SharedEntityManagerInvocationHandler.invoke(SharedEntityManagerCreator.java:392)
	at jdk.proxy2/jdk.proxy2.$Proxy140.persist(Unknown Source)
	at org.springframework.data.jpa.repository.support.SimpleJpaRepository.save(SimpleJpaRepository.java:664)
	at java.base/jdk.internal.reflect.DirectMethodHandleAccessor.invoke(DirectMethodHandleAccessor.java:103)
	at java.base/java.lang.reflect.Method.invoke(Method.java:580)
	at org.springframework.aop.support.AopUtils.invokeJoinpointUsingReflection(AopUtils.java:359)
	at org.springframework.data.repository.core.support.RepositoryMethodInvoker$RepositoryFragmentMethodInvoker.lambda$new$0(RepositoryMethodInvoker.java:278)
	at org.springframework.data.repository.core.support.RepositoryMethodInvoker.doInvoke(RepositoryMethodInvoker.java:169)
	at org.springframework.data.repository.core.support.RepositoryMethodInvoker.invoke(RepositoryMethodInvoker.java:158)
	at org.springframework.data.repository.core.support.RepositoryComposition$RepositoryFragments.invoke(RepositoryComposition.java:545)
	at org.springframework.data.repository.core.support.RepositoryComposition.invoke(RepositoryComposition.java:290)
	at org.springframework.data.repository.core.support.RepositoryFactorySupport$ImplementationMethodExecutionInterceptor.invoke(RepositoryFactorySupport.java:690)
	at org.springframework.aop.framework.ReflectiveMethodInvocation.proceed(ReflectiveMethodInvocation.java:179)
	at org.springframework.data.repository.core.support.QueryExecutorMethodInterceptor.doInvoke(QueryExecutorMethodInterceptor.java:171)
	at org.springframework.data.repository.core.support.QueryExecutorMethodInterceptor.invoke(QueryExecutorMethodInterceptor.java:146)
	at org.springframework.aop.framework.ReflectiveMethodInvocation.proceed(ReflectiveMethodInvocation.java:179)
	at org.springframework.data.projection.DefaultMethodInvokingMethodInterceptor.invoke(DefaultMethodInvokingMethodInterceptor.java:69)
	at org.springframework.aop.framework.ReflectiveMethodInvocation.proceed(ReflectiveMethodInvocation.java:179)
	at org.springframework.transaction.interceptor.TransactionInterceptor$1.proceedWithInvocation(TransactionInterceptor.java:133)
	at org.springframework.transaction.interceptor.TransactionAspectSupport.invokeWithinTransaction(TransactionAspectSupport.java:371)
	at org.springframework.transaction.interceptor.TransactionInterceptor.invoke(TransactionInterceptor.java:130)
	at org.springframework.aop.framework.ReflectiveMethodInvocation.proceed(ReflectiveMethodInvocation.java:179)
	at org.springframework.dao.support.PersistenceExceptionTranslationInterceptor.invoke(PersistenceExceptionTranslationInterceptor.java:135)
	... 61 common frames omitted
Caused by: java.sql.SQLException: Field 'category_id' doesn't have a default value
	at com.mysql.cj.jdbc.exceptions.SQLError.createSQLException(SQLError.java:121)
	at com.mysql.cj.jdbc.exceptions.SQLExceptionsMapping.translateException(SQLExceptionsMapping.java:114)
	at com.mysql.cj.jdbc.ClientPreparedStatement.executeInternal(ClientPreparedStatement.java:988)
	at com.mysql.cj.jdbc.ClientPreparedStatement.executeUpdateInternal(ClientPreparedStatement.java:1166)
	at com.mysql.cj.jdbc.ClientPreparedStatement.executeUpdateInternal(ClientPreparedStatement.java:1101)
	at com.mysql.cj.jdbc.ClientPreparedStatement.executeLargeUpdate(ClientPreparedStatement.java:1448)
	at com.mysql.cj.jdbc.ClientPreparedStatement.executeUpdate(ClientPreparedStatement.java:1084)
	at com.zaxxer.hikari.pool.ProxyPreparedStatement.executeUpdate(ProxyPreparedStatement.java:61)
	at com.zaxxer.hikari.pool.HikariProxyPreparedStatement.executeUpdate(HikariProxyPreparedStatement.java)
	at org.hibernate.engine.jdbc.internal.ResultSetReturnImpl.executeUpdate(ResultSetReturnImpl.java:181)
	... 114 common frames omitted
2026-09-24 01:41:15 DEBUG [http-nio-8081-exec-3] - Creating product
2026-09-24 01:41:15 DEBUG [http-nio-8081-exec-3] - 
    select
        p1_0.id 
    from
        product p1_0 
    where
        p1_0.sku=? 
    limit
        ?
2026-09-24 01:41:15 TRACE [http-nio-8081-exec-3] - binding parameter (1:VARCHAR) <- [sk1-121011]
2026-09-24 01:41:15 TRACE [http-nio-8081-exec-3] - binding parameter (2:INTEGER) <- [1]
2026-09-24 01:41:15 DEBUG [http-nio-8081-exec-3] - 
    select
        b1_0.id,
        b1_0.brand_name,
        b1_0.created_at,
        b1_0.logo_url,
        b1_0.slug,
        b1_0.status,
        b1_0.updated_at,
        b1_0.website_url 
    from
        brands b1_0 
    where
        b1_0.id=?
2026-09-24 01:41:15 TRACE [http-nio-8081-exec-3] - binding parameter (1:BIGINT) <- [6]
2026-09-24 01:41:15 DEBUG [http-nio-8081-exec-3] - 
    select
        c1_0.id,
        c1_0.description,
        c1_0.active,
        c1_0.category_name,
        c1_0.created_at,
        c1_0.image_url,
        c1_0.slug,
        c1_0.updated_at 
    from
        category c1_0 
    where
        c1_0.id=?
2026-09-24 01:41:15 TRACE [http-nio-8081-exec-3] - binding parameter (1:BIGINT) <- [1]
2026-09-24 01:41:15 DEBUG [http-nio-8081-exec-3] - 
    insert 
    into
        product
        (brand_id, products, created_at, created_by, deleted, description, discount, featured, price, product_name, rating, review_count, sku, status, thumbnail_url, updated_at, updated_by, version) 
    values
        (?, ?, ?, ?, ?, ?, ?, ?, ?, ?, ?, ?, ?, ?, ?, ?, ?, ?)
2026-09-24 01:41:15 TRACE [http-nio-8081-exec-3] - binding parameter (1:BIGINT) <- [6]
2026-09-24 01:41:15 TRACE [http-nio-8081-exec-3] - binding parameter (2:BIGINT) <- [1]
2026-09-24 01:41:15 TRACE [http-nio-8081-exec-3] - binding parameter (3:TIMESTAMP) <- [2026-09-24T01:41:15.935587]
2026-09-24 01:41:15 TRACE [http-nio-8081-exec-3] - binding parameter (4:VARCHAR) <- [null]
2026-09-24 01:41:15 TRACE [http-nio-8081-exec-3] - binding parameter (5:BOOLEAN) <- [false]
2026-09-24 01:41:15 TRACE [http-nio-8081-exec-3] - binding parameter (6:VARCHAR) <- [Mobile phone by samsung]
2026-09-24 01:41:15 TRACE [http-nio-8081-exec-3] - binding parameter (7:NUMERIC) <- [30]
2026-09-24 01:41:15 TRACE [http-nio-8081-exec-3] - binding parameter (8:BOOLEAN) <- [false]
2026-09-24 01:41:15 TRACE [http-nio-8081-exec-3] - binding parameter (9:NUMERIC) <- [10000]
2026-09-24 01:41:15 TRACE [http-nio-8081-exec-3] - binding parameter (10:VARCHAR) <- [Iphone 17]
2026-09-24 01:41:15 TRACE [http-nio-8081-exec-3] - binding parameter (11:NUMERIC) <- [0]
2026-09-24 01:41:15 TRACE [http-nio-8081-exec-3] - binding parameter (12:INTEGER) <- [0]
2026-09-24 01:41:15 TRACE [http-nio-8081-exec-3] - binding parameter (13:VARCHAR) <- [sk1-121011]
2026-09-24 01:41:15 TRACE [http-nio-8081-exec-3] - binding parameter (14:ENUM) <- [InActive]
2026-09-24 01:41:15 TRACE [http-nio-8081-exec-3] - binding parameter (15:VARCHAR) <- [hhtps:google/images/uyydrtgyhujk]
2026-09-24 01:41:15 TRACE [http-nio-8081-exec-3] - binding parameter (16:TIMESTAMP) <- [2026-09-24T01:41:15.935587]
2026-09-24 01:41:15 TRACE [http-nio-8081-exec-3] - binding parameter (17:VARCHAR) <- [null]
2026-09-24 01:41:15 TRACE [http-nio-8081-exec-3] - binding parameter (18:BIGINT) <- [0]
2026-09-24 01:41:15 WARN  [http-nio-8081-exec-3] - HHH000247: ErrorCode: 1364, SQLState: HY000
2026-09-24 01:41:15 WARN  [http-nio-8081-exec-3] - Field 'category_id' doesn't have a default value
2026-09-24 01:41:15 ERROR [http-nio-8081-exec-3] - Database integrity violation
org.springframework.dao.DataIntegrityViolationException: could not execute statement [Field 'category_id' doesn't have a default value] [insert into product (brand_id,products,created_at,created_by,deleted,description,discount,featured,price,product_name,rating,review_count,sku,status,thumbnail_url,updated_at,updated_by,version) values (?,?,?,?,?,?,?,?,?,?,?,?,?,?,?,?,?,?)]; SQL [insert into product (brand_id,products,created_at,created_by,deleted,description,discount,featured,price,product_name,rating,review_count,sku,status,thumbnail_url,updated_at,updated_by,version) values (?,?,?,?,?,?,?,?,?,?,?,?,?,?,?,?,?,?)]; constraint [category_id]
	at org.springframework.orm.jpa.hibernate.HibernateExceptionTranslator.convertHibernateAccessException(HibernateExceptionTranslator.java:169)
	at org.springframework.orm.jpa.hibernate.HibernateExceptionTranslator.convertHibernateAccessException(HibernateExceptionTranslator.java:131)
	at org.springframework.orm.jpa.hibernate.HibernateExceptionTranslator.translateExceptionIfPossible(HibernateExceptionTranslator.java:105)
	at org.springframework.orm.jpa.vendor.HibernateJpaDialect.translateExceptionIfPossible(HibernateJpaDialect.java:223)
	at org.springframework.orm.jpa.AbstractEntityManagerFactoryBean.translateExceptionIfPossible(AbstractEntityManagerFactoryBean.java:577)
	at org.springframework.dao.support.ChainedPersistenceExceptionTranslator.translateExceptionIfPossible(ChainedPersistenceExceptionTranslator.java:61)
	at org.springframework.dao.support.DataAccessUtils.translateIfNecessary(DataAccessUtils.java:346)
	at org.springframework.dao.support.PersistenceExceptionTranslationInterceptor.invoke(PersistenceExceptionTranslationInterceptor.java:157)
	at org.springframework.aop.framework.ReflectiveMethodInvocation.proceed(ReflectiveMethodInvocation.java:179)
	at org.springframework.data.jpa.repository.support.CrudMethodMetadataPostProcessor$CrudMethodMetadataPopulatingMethodInterceptor.invoke(CrudMethodMetadataPostProcessor.java:166)
	at org.springframework.aop.framework.ReflectiveMethodInvocation.proceed(ReflectiveMethodInvocation.java:179)
	at org.springframework.aop.framework.JdkDynamicAopProxy.invoke(JdkDynamicAopProxy.java:222)
	at jdk.proxy2/jdk.proxy2.$Proxy157.save(Unknown Source)
	at com.ecom.ecom.ServiceImpl.ProductServiceImpl.createProduct(ProductServiceImpl.java:95)
	at java.base/jdk.internal.reflect.DirectMethodHandleAccessor.invoke(DirectMethodHandleAccessor.java:103)
	at java.base/java.lang.reflect.Method.invoke(Method.java:580)
	at org.springframework.aop.support.AopUtils.invokeJoinpointUsingReflection(AopUtils.java:359)
	at org.springframework.aop.framework.ReflectiveMethodInvocation.invokeJoinpoint(ReflectiveMethodInvocation.java:190)
	at org.springframework.aop.framework.ReflectiveMethodInvocation.proceed(ReflectiveMethodInvocation.java:158)
	at org.springframework.transaction.interceptor.TransactionInterceptor$1.proceedWithInvocation(TransactionInterceptor.java:133)
	at org.springframework.transaction.interceptor.TransactionAspectSupport.invokeWithinTransaction(TransactionAspectSupport.java:371)
	at org.springframework.transaction.interceptor.TransactionInterceptor.invoke(TransactionInterceptor.java:130)
	at org.springframework.aop.framework.ReflectiveMethodInvocation.proceed(ReflectiveMethodInvocation.java:179)
	at org.springframework.aop.framework.CglibAopProxy$DynamicAdvisedInterceptor.intercept(CglibAopProxy.java:719)
	at com.ecom.ecom.ServiceImpl.ProductServiceImpl$$SpringCGLIB$$0.createProduct(<generated>)
	at com.ecom.ecom.Controller.ProductController.createProduct(ProductController.java:104)
	at java.base/jdk.internal.reflect.DirectMethodHandleAccessor.invoke(DirectMethodHandleAccessor.java:103)
	at java.base/java.lang.reflect.Method.invoke(Method.java:580)
	at org.springframework.web.method.support.InvocableHandlerMethod.doInvoke(InvocableHandlerMethod.java:252)
	at org.springframework.web.method.support.InvocableHandlerMethod.invokeForRequest(InvocableHandlerMethod.java:184)
	at org.springframework.web.servlet.mvc.method.annotation.ServletInvocableHandlerMethod.invokeAndHandle(ServletInvocableHandlerMethod.java:117)
	at org.springframework.web.servlet.mvc.method.annotation.RequestMappingHandlerAdapter.invokeHandlerMethod(RequestMappingHandlerAdapter.java:934)
	at org.springframework.web.servlet.mvc.method.annotation.RequestMappingHandlerAdapter.handleInternal(RequestMappingHandlerAdapter.java:853)
	at org.springframework.web.servlet.mvc.method.AbstractHandlerMethodAdapter.handle(AbstractHandlerMethodAdapter.java:86)
	at org.springframework.web.servlet.DispatcherServlet.doDispatch(DispatcherServlet.java:963)
	at org.springframework.web.servlet.DispatcherServlet.doService(DispatcherServlet.java:866)
	at org.springframework.web.servlet.FrameworkServlet.processRequest(FrameworkServlet.java:1000)
	at org.springframework.web.servlet.FrameworkServlet.doPost(FrameworkServlet.java:903)
	at jakarta.servlet.http.HttpServlet.service(HttpServlet.java:649)
	at org.springframework.web.servlet.FrameworkServlet.service(FrameworkServlet.java:874)
	at jakarta.servlet.http.HttpServlet.service(HttpServlet.java:710)
	at org.apache.catalina.core.ApplicationFilterChain.doFilter(ApplicationFilterChain.java:132)
	at org.apache.tomcat.websocket.server.WsFilter.doFilter(WsFilter.java:59)
	at org.apache.catalina.core.ApplicationFilterChain.doFilter(ApplicationFilterChain.java:111)
	at org.springframework.web.filter.RequestContextFilter.doFilterInternal(RequestContextFilter.java:100)
	at org.springframework.web.filter.OncePerRequestFilter.doFilter(OncePerRequestFilter.java:116)
	at org.apache.catalina.core.ApplicationFilterChain.doFilter(ApplicationFilterChain.java:111)
	at org.springframework.web.filter.FormContentFilter.doFilterInternal(FormContentFilter.java:93)
	at org.springframework.web.filter.OncePerRequestFilter.doFilter(OncePerRequestFilter.java:116)
	at org.apache.catalina.core.ApplicationFilterChain.doFilter(ApplicationFilterChain.java:111)
	at org.springframework.web.filter.CharacterEncodingFilter.doFilterInternal(CharacterEncodingFilter.java:199)
	at org.springframework.web.filter.OncePerRequestFilter.doFilter(OncePerRequestFilter.java:116)
	at org.apache.catalina.core.ApplicationFilterChain.doFilter(ApplicationFilterChain.java:111)
	at org.apache.catalina.core.StandardWrapperValve.invoke(StandardWrapperValve.java:165)
	at org.apache.catalina.core.StandardContextValve.invoke(StandardContextValve.java:77)
	at org.apache.catalina.authenticator.AuthenticatorBase.invoke(AuthenticatorBase.java:535)
	at org.apache.catalina.core.StandardHostValve.invoke(StandardHostValve.java:115)
	at org.apache.catalina.valves.ErrorReportValve.invoke(ErrorReportValve.java:86)
	at org.apache.catalina.core.StandardEngineValve.invoke(StandardEngineValve.java:71)
	at org.apache.catalina.connector.CoyoteAdapter.service(CoyoteAdapter.java:347)
	at org.apache.coyote.http11.Http11Processor.service(Http11Processor.java:406)
	at org.apache.coyote.AbstractProcessorLight.process(AbstractProcessorLight.java:71)
	at org.apache.coyote.AbstractProtocol$ConnectionHandler.process(AbstractProtocol.java:1307)
	at org.apache.tomcat.util.net.NioEndpoint$SocketProcessor.doRun(NioEndpoint.java:2036)
	at org.apache.tomcat.util.net.SocketProcessorBase.run(SocketProcessorBase.java:74)
	at org.apache.tomcat.util.threads.ThreadPoolExecutor.runWorker(ThreadPoolExecutor.java:949)
	at org.apache.tomcat.util.threads.ThreadPoolExecutor$Worker.run(ThreadPoolExecutor.java:483)
	at org.apache.tomcat.util.threads.TaskThread$WrappingRunnable.run(TaskThread.java:74)
	at java.base/java.lang.Thread.run(Thread.java:1583)
Caused by: org.hibernate.exception.ConstraintViolationException: could not execute statement [Field 'category_id' doesn't have a default value] [insert into product (brand_id,products,created_at,created_by,deleted,description,discount,featured,price,product_name,rating,review_count,sku,status,thumbnail_url,updated_at,updated_by,version) values (?,?,?,?,?,?,?,?,?,?,?,?,?,?,?,?,?,?)]
	at org.hibernate.dialect.MySQLDialect.lambda$buildSQLExceptionConversionDelegate$0(MySQLDialect.java:1273)
	at org.hibernate.exception.internal.StandardSQLExceptionConverter.convert(StandardSQLExceptionConverter.java:34)
	at org.hibernate.engine.jdbc.spi.SqlExceptionHelper.convert(SqlExceptionHelper.java:115)
	at org.hibernate.engine.jdbc.internal.ResultSetReturnImpl.executeUpdate(ResultSetReturnImpl.java:184)
	at org.hibernate.id.insert.GetGeneratedKeysDelegate.performMutation(GetGeneratedKeysDelegate.java:103)
	at org.hibernate.engine.jdbc.mutation.internal.MutationExecutorSingleNonBatched.performNonBatchedOperations(MutationExecutorSingleNonBatched.java:45)
	at org.hibernate.engine.jdbc.mutation.internal.AbstractMutationExecutor.execute(AbstractMutationExecutor.java:66)
	at org.hibernate.engine.jdbc.mutation.internal.AbstractMutationExecutor.execute(AbstractMutationExecutor.java:55)
	at org.hibernate.persister.entity.mutation.InsertCoordinatorStandard.doStaticInserts(InsertCoordinatorStandard.java:180)
	at org.hibernate.persister.entity.mutation.InsertCoordinatorStandard.coordinateInsert(InsertCoordinatorStandard.java:120)
	at org.hibernate.persister.entity.mutation.InsertCoordinatorStandard.insert(InsertCoordinatorStandard.java:84)
	at org.hibernate.action.internal.EntityIdentityInsertAction.execute(EntityIdentityInsertAction.java:85)
	at org.hibernate.engine.spi.ActionQueue.execute(ActionQueue.java:667)
	at org.hibernate.engine.spi.ActionQueue.addResolvedEntityInsertAction(ActionQueue.java:291)
	at org.hibernate.engine.spi.ActionQueue.addInsertAction(ActionQueue.java:270)
	at org.hibernate.engine.spi.ActionQueue.addAction(ActionQueue.java:322)
	at org.hibernate.event.internal.AbstractSaveEventListener.addInsertAction(AbstractSaveEventListener.java:371)
	at org.hibernate.event.internal.AbstractSaveEventListener.performSaveOrReplicate(AbstractSaveEventListener.java:285)
	at org.hibernate.event.internal.AbstractSaveEventListener.performSave(AbstractSaveEventListener.java:215)
	at org.hibernate.event.internal.AbstractSaveEventListener.saveWithGeneratedId(AbstractSaveEventListener.java:133)
	at org.hibernate.event.internal.DefaultPersistEventListener.entityIsTransient(DefaultPersistEventListener.java:144)
	at org.hibernate.event.internal.DefaultPersistEventListener.persist(DefaultPersistEventListener.java:90)
	at org.hibernate.event.internal.DefaultPersistEventListener.onPersist(DefaultPersistEventListener.java:74)
	at org.hibernate.event.internal.DefaultPersistEventListener.onPersist(DefaultPersistEventListener.java:50)
	at org.hibernate.event.service.internal.EventListenerGroupImpl.fireEventOnEachListener(EventListenerGroupImpl.java:138)
	at org.hibernate.internal.SessionImpl.firePersist(SessionImpl.java:706)
	at org.hibernate.internal.SessionImpl.persist(SessionImpl.java:689)
	at java.base/jdk.internal.reflect.DirectMethodHandleAccessor.invoke(DirectMethodHandleAccessor.java:103)
	at java.base/java.lang.reflect.Method.invoke(Method.java:580)
	at org.springframework.orm.jpa.ExtendedEntityManagerCreator$ExtendedEntityManagerInvocationHandler.invoke(ExtendedEntityManagerCreator.java:360)
	at jdk.proxy2/jdk.proxy2.$Proxy140.persist(Unknown Source)
	at java.base/jdk.internal.reflect.DirectMethodHandleAccessor.invoke(DirectMethodHandleAccessor.java:103)
	at java.base/java.lang.reflect.Method.invoke(Method.java:580)
	at org.springframework.orm.jpa.SharedEntityManagerCreator$SharedEntityHandlerInvocationHandler.invokeMethod(SharedEntityManagerCreator.java:239)
	at org.springframework.orm.jpa.SharedEntityManagerCreator$SharedEntityManagerInvocationHandler.invoke(SharedEntityManagerCreator.java:392)
	at jdk.proxy2/jdk.proxy2.$Proxy140.persist(Unknown Source)
	at org.springframework.data.jpa.repository.support.SimpleJpaRepository.save(SimpleJpaRepository.java:664)
	at java.base/jdk.internal.reflect.DirectMethodHandleAccessor.invoke(DirectMethodHandleAccessor.java:103)
	at java.base/java.lang.reflect.Method.invoke(Method.java:580)
	at org.springframework.aop.support.AopUtils.invokeJoinpointUsingReflection(AopUtils.java:359)
	at org.springframework.data.repository.core.support.RepositoryMethodInvoker$RepositoryFragmentMethodInvoker.lambda$new$0(RepositoryMethodInvoker.java:278)
	at org.springframework.data.repository.core.support.RepositoryMethodInvoker.doInvoke(RepositoryMethodInvoker.java:169)
	at org.springframework.data.repository.core.support.RepositoryMethodInvoker.invoke(RepositoryMethodInvoker.java:158)
	at org.springframework.data.repository.core.support.RepositoryComposition$RepositoryFragments.invoke(RepositoryComposition.java:545)
	at org.springframework.data.repository.core.support.RepositoryComposition.invoke(RepositoryComposition.java:290)
	at org.springframework.data.repository.core.support.RepositoryFactorySupport$ImplementationMethodExecutionInterceptor.invoke(RepositoryFactorySupport.java:690)
	at org.springframework.aop.framework.ReflectiveMethodInvocation.proceed(ReflectiveMethodInvocation.java:179)
	at org.springframework.data.repository.core.support.QueryExecutorMethodInterceptor.doInvoke(QueryExecutorMethodInterceptor.java:171)
	at org.springframework.data.repository.core.support.QueryExecutorMethodInterceptor.invoke(QueryExecutorMethodInterceptor.java:146)
	at org.springframework.aop.framework.ReflectiveMethodInvocation.proceed(ReflectiveMethodInvocation.java:179)
	at org.springframework.data.projection.DefaultMethodInvokingMethodInterceptor.invoke(DefaultMethodInvokingMethodInterceptor.java:69)
	at org.springframework.aop.framework.ReflectiveMethodInvocation.proceed(ReflectiveMethodInvocation.java:179)
	at org.springframework.transaction.interceptor.TransactionInterceptor$1.proceedWithInvocation(TransactionInterceptor.java:133)
	at org.springframework.transaction.interceptor.TransactionAspectSupport.invokeWithinTransaction(TransactionAspectSupport.java:371)
	at org.springframework.transaction.interceptor.TransactionInterceptor.invoke(TransactionInterceptor.java:130)
	at org.springframework.aop.framework.ReflectiveMethodInvocation.proceed(ReflectiveMethodInvocation.java:179)
	at org.springframework.dao.support.PersistenceExceptionTranslationInterceptor.invoke(PersistenceExceptionTranslationInterceptor.java:135)
	... 61 common frames omitted
Caused by: java.sql.SQLException: Field 'category_id' doesn't have a default value
	at com.mysql.cj.jdbc.exceptions.SQLError.createSQLException(SQLError.java:121)
	at com.mysql.cj.jdbc.exceptions.SQLExceptionsMapping.translateException(SQLExceptionsMapping.java:114)
	at com.mysql.cj.jdbc.ClientPreparedStatement.executeInternal(ClientPreparedStatement.java:988)
	at com.mysql.cj.jdbc.ClientPreparedStatement.executeUpdateInternal(ClientPreparedStatement.java:1166)
	at com.mysql.cj.jdbc.ClientPreparedStatement.executeUpdateInternal(ClientPreparedStatement.java:1101)
	at com.mysql.cj.jdbc.ClientPreparedStatement.executeLargeUpdate(ClientPreparedStatement.java:1448)
	at com.mysql.cj.jdbc.ClientPreparedStatement.executeUpdate(ClientPreparedStatement.java:1084)
	at com.zaxxer.hikari.pool.ProxyPreparedStatement.executeUpdate(ProxyPreparedStatement.java:61)
	at com.zaxxer.hikari.pool.HikariProxyPreparedStatement.executeUpdate(HikariProxyPreparedStatement.java)
	at org.hibernate.engine.jdbc.internal.ResultSetReturnImpl.executeUpdate(ResultSetReturnImpl.java:181)
	... 114 common frames omitted
2026-09-24 01:41:43 DEBUG [http-nio-8081-exec-7] - Creating product
2026-09-24 01:41:43 DEBUG [http-nio-8081-exec-7] - 
    select
        p1_0.id 
    from
        product p1_0 
    where
        p1_0.sku=? 
    limit
        ?
2026-09-24 01:41:43 TRACE [http-nio-8081-exec-7] - binding parameter (1:VARCHAR) <- [sk1-121011]
2026-09-24 01:41:43 TRACE [http-nio-8081-exec-7] - binding parameter (2:INTEGER) <- [1]
2026-09-24 01:41:43 DEBUG [http-nio-8081-exec-7] - 
    select
        b1_0.id,
        b1_0.brand_name,
        b1_0.created_at,
        b1_0.logo_url,
        b1_0.slug,
        b1_0.status,
        b1_0.updated_at,
        b1_0.website_url 
    from
        brands b1_0 
    where
        b1_0.id=?
2026-09-24 01:41:43 TRACE [http-nio-8081-exec-7] - binding parameter (1:BIGINT) <- [6]
2026-09-24 01:41:43 DEBUG [http-nio-8081-exec-7] - 
    select
        c1_0.id,
        c1_0.description,
        c1_0.active,
        c1_0.category_name,
        c1_0.created_at,
        c1_0.image_url,
        c1_0.slug,
        c1_0.updated_at 
    from
        category c1_0 
    where
        c1_0.id=?
2026-09-24 01:41:43 TRACE [http-nio-8081-exec-7] - binding parameter (1:BIGINT) <- [3]
2026-09-24 01:41:43 DEBUG [http-nio-8081-exec-7] - 
    insert 
    into
        product
        (brand_id, products, created_at, created_by, deleted, description, discount, featured, price, product_name, rating, review_count, sku, status, thumbnail_url, updated_at, updated_by, version) 
    values
        (?, ?, ?, ?, ?, ?, ?, ?, ?, ?, ?, ?, ?, ?, ?, ?, ?, ?)
2026-09-24 01:41:43 TRACE [http-nio-8081-exec-7] - binding parameter (1:BIGINT) <- [6]
2026-09-24 01:41:43 TRACE [http-nio-8081-exec-7] - binding parameter (2:BIGINT) <- [3]
2026-09-24 01:41:43 TRACE [http-nio-8081-exec-7] - binding parameter (3:TIMESTAMP) <- [2026-09-24T01:41:43.425594]
2026-09-24 01:41:43 TRACE [http-nio-8081-exec-7] - binding parameter (4:VARCHAR) <- [null]
2026-09-24 01:41:43 TRACE [http-nio-8081-exec-7] - binding parameter (5:BOOLEAN) <- [false]
2026-09-24 01:41:43 TRACE [http-nio-8081-exec-7] - binding parameter (6:VARCHAR) <- [Mobile phone by samsung]
2026-09-24 01:41:43 TRACE [http-nio-8081-exec-7] - binding parameter (7:NUMERIC) <- [30]
2026-09-24 01:41:43 TRACE [http-nio-8081-exec-7] - binding parameter (8:BOOLEAN) <- [false]
2026-09-24 01:41:43 TRACE [http-nio-8081-exec-7] - binding parameter (9:NUMERIC) <- [10000]
2026-09-24 01:41:43 TRACE [http-nio-8081-exec-7] - binding parameter (10:VARCHAR) <- [Iphone 17]
2026-09-24 01:41:43 TRACE [http-nio-8081-exec-7] - binding parameter (11:NUMERIC) <- [0]
2026-09-24 01:41:43 TRACE [http-nio-8081-exec-7] - binding parameter (12:INTEGER) <- [0]
2026-09-24 01:41:43 TRACE [http-nio-8081-exec-7] - binding parameter (13:VARCHAR) <- [sk1-121011]
2026-09-24 01:41:43 TRACE [http-nio-8081-exec-7] - binding parameter (14:ENUM) <- [InActive]
2026-09-24 01:41:43 TRACE [http-nio-8081-exec-7] - binding parameter (15:VARCHAR) <- [hhtps:google/images/uyydrtgyhujk]
2026-09-24 01:41:43 TRACE [http-nio-8081-exec-7] - binding parameter (16:TIMESTAMP) <- [2026-09-24T01:41:43.425916]
2026-09-24 01:41:43 TRACE [http-nio-8081-exec-7] - binding parameter (17:VARCHAR) <- [null]
2026-09-24 01:41:43 TRACE [http-nio-8081-exec-7] - binding parameter (18:BIGINT) <- [0]
2026-09-24 01:41:43 WARN  [http-nio-8081-exec-7] - HHH000247: ErrorCode: 1364, SQLState: HY000
2026-09-24 01:41:43 WARN  [http-nio-8081-exec-7] - Field 'category_id' doesn't have a default value
2026-09-24 01:41:43 ERROR [http-nio-8081-exec-7] - Database integrity violation
org.springframework.dao.DataIntegrityViolationException: could not execute statement [Field 'category_id' doesn't have a default value] [insert into product (brand_id,products,created_at,created_by,deleted,description,discount,featured,price,product_name,rating,review_count,sku,status,thumbnail_url,updated_at,updated_by,version) values (?,?,?,?,?,?,?,?,?,?,?,?,?,?,?,?,?,?)]; SQL [insert into product (brand_id,products,created_at,created_by,deleted,description,discount,featured,price,product_name,rating,review_count,sku,status,thumbnail_url,updated_at,updated_by,version) values (?,?,?,?,?,?,?,?,?,?,?,?,?,?,?,?,?,?)]; constraint [category_id]
	at org.springframework.orm.jpa.hibernate.HibernateExceptionTranslator.convertHibernateAccessException(HibernateExceptionTranslator.java:169)
	at org.springframework.orm.jpa.hibernate.HibernateExceptionTranslator.convertHibernateAccessException(HibernateExceptionTranslator.java:131)
	at org.springframework.orm.jpa.hibernate.HibernateExceptionTranslator.translateExceptionIfPossible(HibernateExceptionTranslator.java:105)
	at org.springframework.orm.jpa.vendor.HibernateJpaDialect.translateExceptionIfPossible(HibernateJpaDialect.java:223)
	at org.springframework.orm.jpa.AbstractEntityManagerFactoryBean.translateExceptionIfPossible(AbstractEntityManagerFactoryBean.java:577)
	at org.springframework.dao.support.ChainedPersistenceExceptionTranslator.translateExceptionIfPossible(ChainedPersistenceExceptionTranslator.java:61)
	at org.springframework.dao.support.DataAccessUtils.translateIfNecessary(DataAccessUtils.java:346)
	at org.springframework.dao.support.PersistenceExceptionTranslationInterceptor.invoke(PersistenceExceptionTranslationInterceptor.java:157)
	at org.springframework.aop.framework.ReflectiveMethodInvocation.proceed(ReflectiveMethodInvocation.java:179)
	at org.springframework.data.jpa.repository.support.CrudMethodMetadataPostProcessor$CrudMethodMetadataPopulatingMethodInterceptor.invoke(CrudMethodMetadataPostProcessor.java:166)
	at org.springframework.aop.framework.ReflectiveMethodInvocation.proceed(ReflectiveMethodInvocation.java:179)
	at org.springframework.aop.framework.JdkDynamicAopProxy.invoke(JdkDynamicAopProxy.java:222)
	at jdk.proxy2/jdk.proxy2.$Proxy157.save(Unknown Source)
	at com.ecom.ecom.ServiceImpl.ProductServiceImpl.createProduct(ProductServiceImpl.java:95)
	at java.base/jdk.internal.reflect.DirectMethodHandleAccessor.invoke(DirectMethodHandleAccessor.java:103)
	at java.base/java.lang.reflect.Method.invoke(Method.java:580)
	at org.springframework.aop.support.AopUtils.invokeJoinpointUsingReflection(AopUtils.java:359)
	at org.springframework.aop.framework.ReflectiveMethodInvocation.invokeJoinpoint(ReflectiveMethodInvocation.java:190)
	at org.springframework.aop.framework.ReflectiveMethodInvocation.proceed(ReflectiveMethodInvocation.java:158)
	at org.springframework.transaction.interceptor.TransactionInterceptor$1.proceedWithInvocation(TransactionInterceptor.java:133)
	at org.springframework.transaction.interceptor.TransactionAspectSupport.invokeWithinTransaction(TransactionAspectSupport.java:371)
	at org.springframework.transaction.interceptor.TransactionInterceptor.invoke(TransactionInterceptor.java:130)
	at org.springframework.aop.framework.ReflectiveMethodInvocation.proceed(ReflectiveMethodInvocation.java:179)
	at org.springframework.aop.framework.CglibAopProxy$DynamicAdvisedInterceptor.intercept(CglibAopProxy.java:719)
	at com.ecom.ecom.ServiceImpl.ProductServiceImpl$$SpringCGLIB$$0.createProduct(<generated>)
	at com.ecom.ecom.Controller.ProductController.createProduct(ProductController.java:104)
	at java.base/jdk.internal.reflect.DirectMethodHandleAccessor.invoke(DirectMethodHandleAccessor.java:103)
	at java.base/java.lang.reflect.Method.invoke(Method.java:580)
	at org.springframework.web.method.support.InvocableHandlerMethod.doInvoke(InvocableHandlerMethod.java:252)
	at org.springframework.web.method.support.InvocableHandlerMethod.invokeForRequest(InvocableHandlerMethod.java:184)
	at org.springframework.web.servlet.mvc.method.annotation.ServletInvocableHandlerMethod.invokeAndHandle(ServletInvocableHandlerMethod.java:117)
	at org.springframework.web.servlet.mvc.method.annotation.RequestMappingHandlerAdapter.invokeHandlerMethod(RequestMappingHandlerAdapter.java:934)
	at org.springframework.web.servlet.mvc.method.annotation.RequestMappingHandlerAdapter.handleInternal(RequestMappingHandlerAdapter.java:853)
	at org.springframework.web.servlet.mvc.method.AbstractHandlerMethodAdapter.handle(AbstractHandlerMethodAdapter.java:86)
	at org.springframework.web.servlet.DispatcherServlet.doDispatch(DispatcherServlet.java:963)
	at org.springframework.web.servlet.DispatcherServlet.doService(DispatcherServlet.java:866)
	at org.springframework.web.servlet.FrameworkServlet.processRequest(FrameworkServlet.java:1000)
	at org.springframework.web.servlet.FrameworkServlet.doPost(FrameworkServlet.java:903)
	at jakarta.servlet.http.HttpServlet.service(HttpServlet.java:649)
	at org.springframework.web.servlet.FrameworkServlet.service(FrameworkServlet.java:874)
	at jakarta.servlet.http.HttpServlet.service(HttpServlet.java:710)
	at org.apache.catalina.core.ApplicationFilterChain.doFilter(ApplicationFilterChain.java:132)
	at org.apache.tomcat.websocket.server.WsFilter.doFilter(WsFilter.java:59)
	at org.apache.catalina.core.ApplicationFilterChain.doFilter(ApplicationFilterChain.java:111)
	at org.springframework.web.filter.RequestContextFilter.doFilterInternal(RequestContextFilter.java:100)
	at org.springframework.web.filter.OncePerRequestFilter.doFilter(OncePerRequestFilter.java:116)
	at org.apache.catalina.core.ApplicationFilterChain.doFilter(ApplicationFilterChain.java:111)
	at org.springframework.web.filter.FormContentFilter.doFilterInternal(FormContentFilter.java:93)
	at org.springframework.web.filter.OncePerRequestFilter.doFilter(OncePerRequestFilter.java:116)
	at org.apache.catalina.core.ApplicationFilterChain.doFilter(ApplicationFilterChain.java:111)
	at org.springframework.web.filter.CharacterEncodingFilter.doFilterInternal(CharacterEncodingFilter.java:199)
	at org.springframework.web.filter.OncePerRequestFilter.doFilter(OncePerRequestFilter.java:116)
	at org.apache.catalina.core.ApplicationFilterChain.doFilter(ApplicationFilterChain.java:111)
	at org.apache.catalina.core.StandardWrapperValve.invoke(StandardWrapperValve.java:165)
	at org.apache.catalina.core.StandardContextValve.invoke(StandardContextValve.java:77)
	at org.apache.catalina.authenticator.AuthenticatorBase.invoke(AuthenticatorBase.java:535)
	at org.apache.catalina.core.StandardHostValve.invoke(StandardHostValve.java:115)
	at org.apache.catalina.valves.ErrorReportValve.invoke(ErrorReportValve.java:86)
	at org.apache.catalina.core.StandardEngineValve.invoke(StandardEngineValve.java:71)
	at org.apache.catalina.connector.CoyoteAdapter.service(CoyoteAdapter.java:347)
	at org.apache.coyote.http11.Http11Processor.service(Http11Processor.java:406)
	at org.apache.coyote.AbstractProcessorLight.process(AbstractProcessorLight.java:71)
	at org.apache.coyote.AbstractProtocol$ConnectionHandler.process(AbstractProtocol.java:1307)
	at org.apache.tomcat.util.net.NioEndpoint$SocketProcessor.doRun(NioEndpoint.java:2036)
	at org.apache.tomcat.util.net.SocketProcessorBase.run(SocketProcessorBase.java:74)
	at org.apache.tomcat.util.threads.ThreadPoolExecutor.runWorker(ThreadPoolExecutor.java:949)
	at org.apache.tomcat.util.threads.ThreadPoolExecutor$Worker.run(ThreadPoolExecutor.java:483)
	at org.apache.tomcat.util.threads.TaskThread$WrappingRunnable.run(TaskThread.java:74)
	at java.base/java.lang.Thread.run(Thread.java:1583)
Caused by: org.hibernate.exception.ConstraintViolationException: could not execute statement [Field 'category_id' doesn't have a default value] [insert into product (brand_id,products,created_at,created_by,deleted,description,discount,featured,price,product_name,rating,review_count,sku,status,thumbnail_url,updated_at,updated_by,version) values (?,?,?,?,?,?,?,?,?,?,?,?,?,?,?,?,?,?)]
	at org.hibernate.dialect.MySQLDialect.lambda$buildSQLExceptionConversionDelegate$0(MySQLDialect.java:1273)
	at org.hibernate.exception.internal.StandardSQLExceptionConverter.convert(StandardSQLExceptionConverter.java:34)
	at org.hibernate.engine.jdbc.spi.SqlExceptionHelper.convert(SqlExceptionHelper.java:115)
	at org.hibernate.engine.jdbc.internal.ResultSetReturnImpl.executeUpdate(ResultSetReturnImpl.java:184)
	at org.hibernate.id.insert.GetGeneratedKeysDelegate.performMutation(GetGeneratedKeysDelegate.java:103)
	at org.hibernate.engine.jdbc.mutation.internal.MutationExecutorSingleNonBatched.performNonBatchedOperations(MutationExecutorSingleNonBatched.java:45)
	at org.hibernate.engine.jdbc.mutation.internal.AbstractMutationExecutor.execute(AbstractMutationExecutor.java:66)
	at org.hibernate.engine.jdbc.mutation.internal.AbstractMutationExecutor.execute(AbstractMutationExecutor.java:55)
	at org.hibernate.persister.entity.mutation.InsertCoordinatorStandard.doStaticInserts(InsertCoordinatorStandard.java:180)
	at org.hibernate.persister.entity.mutation.InsertCoordinatorStandard.coordinateInsert(InsertCoordinatorStandard.java:120)
	at org.hibernate.persister.entity.mutation.InsertCoordinatorStandard.insert(InsertCoordinatorStandard.java:84)
	at org.hibernate.action.internal.EntityIdentityInsertAction.execute(EntityIdentityInsertAction.java:85)
	at org.hibernate.engine.spi.ActionQueue.execute(ActionQueue.java:667)
	at org.hibernate.engine.spi.ActionQueue.addResolvedEntityInsertAction(ActionQueue.java:291)
	at org.hibernate.engine.spi.ActionQueue.addInsertAction(ActionQueue.java:270)
	at org.hibernate.engine.spi.ActionQueue.addAction(ActionQueue.java:322)
	at org.hibernate.event.internal.AbstractSaveEventListener.addInsertAction(AbstractSaveEventListener.java:371)
	at org.hibernate.event.internal.AbstractSaveEventListener.performSaveOrReplicate(AbstractSaveEventListener.java:285)
	at org.hibernate.event.internal.AbstractSaveEventListener.performSave(AbstractSaveEventListener.java:215)
	at org.hibernate.event.internal.AbstractSaveEventListener.saveWithGeneratedId(AbstractSaveEventListener.java:133)
	at org.hibernate.event.internal.DefaultPersistEventListener.entityIsTransient(DefaultPersistEventListener.java:144)
	at org.hibernate.event.internal.DefaultPersistEventListener.persist(DefaultPersistEventListener.java:90)
	at org.hibernate.event.internal.DefaultPersistEventListener.onPersist(DefaultPersistEventListener.java:74)
	at org.hibernate.event.internal.DefaultPersistEventListener.onPersist(DefaultPersistEventListener.java:50)
	at org.hibernate.event.service.internal.EventListenerGroupImpl.fireEventOnEachListener(EventListenerGroupImpl.java:138)
	at org.hibernate.internal.SessionImpl.firePersist(SessionImpl.java:706)
	at org.hibernate.internal.SessionImpl.persist(SessionImpl.java:689)
	at java.base/jdk.internal.reflect.DirectMethodHandleAccessor.invoke(DirectMethodHandleAccessor.java:103)
	at java.base/java.lang.reflect.Method.invoke(Method.java:580)
	at org.springframework.orm.jpa.ExtendedEntityManagerCreator$ExtendedEntityManagerInvocationHandler.invoke(ExtendedEntityManagerCreator.java:360)
	at jdk.proxy2/jdk.proxy2.$Proxy140.persist(Unknown Source)
	at java.base/jdk.internal.reflect.DirectMethodHandleAccessor.invoke(DirectMethodHandleAccessor.java:103)
	at java.base/java.lang.reflect.Method.invoke(Method.java:580)
	at org.springframework.orm.jpa.SharedEntityManagerCreator$SharedEntityHandlerInvocationHandler.invokeMethod(SharedEntityManagerCreator.java:239)
	at org.springframework.orm.jpa.SharedEntityManagerCreator$SharedEntityManagerInvocationHandler.invoke(SharedEntityManagerCreator.java:392)
	at jdk.proxy2/jdk.proxy2.$Proxy140.persist(Unknown Source)
	at org.springframework.data.jpa.repository.support.SimpleJpaRepository.save(SimpleJpaRepository.java:664)
	at java.base/jdk.internal.reflect.DirectMethodHandleAccessor.invoke(DirectMethodHandleAccessor.java:103)
	at java.base/java.lang.reflect.Method.invoke(Method.java:580)
	at org.springframework.aop.support.AopUtils.invokeJoinpointUsingReflection(AopUtils.java:359)
	at org.springframework.data.repository.core.support.RepositoryMethodInvoker$RepositoryFragmentMethodInvoker.lambda$new$0(RepositoryMethodInvoker.java:278)
	at org.springframework.data.repository.core.support.RepositoryMethodInvoker.doInvoke(RepositoryMethodInvoker.java:169)
	at org.springframework.data.repository.core.support.RepositoryMethodInvoker.invoke(RepositoryMethodInvoker.java:158)
	at org.springframework.data.repository.core.support.RepositoryComposition$RepositoryFragments.invoke(RepositoryComposition.java:545)
	at org.springframework.data.repository.core.support.RepositoryComposition.invoke(RepositoryComposition.java:290)
	at org.springframework.data.repository.core.support.RepositoryFactorySupport$ImplementationMethodExecutionInterceptor.invoke(RepositoryFactorySupport.java:690)
	at org.springframework.aop.framework.ReflectiveMethodInvocation.proceed(ReflectiveMethodInvocation.java:179)
	at org.springframework.data.repository.core.support.QueryExecutorMethodInterceptor.doInvoke(QueryExecutorMethodInterceptor.java:171)
	at org.springframework.data.repository.core.support.QueryExecutorMethodInterceptor.invoke(QueryExecutorMethodInterceptor.java:146)
	at org.springframework.aop.framework.ReflectiveMethodInvocation.proceed(ReflectiveMethodInvocation.java:179)
	at org.springframework.data.projection.DefaultMethodInvokingMethodInterceptor.invoke(DefaultMethodInvokingMethodInterceptor.java:69)
	at org.springframework.aop.framework.ReflectiveMethodInvocation.proceed(ReflectiveMethodInvocation.java:179)
	at org.springframework.transaction.interceptor.TransactionInterceptor$1.proceedWithInvocation(TransactionInterceptor.java:133)
	at org.springframework.transaction.interceptor.TransactionAspectSupport.invokeWithinTransaction(TransactionAspectSupport.java:371)
	at org.springframework.transaction.interceptor.TransactionInterceptor.invoke(TransactionInterceptor.java:130)
	at org.springframework.aop.framework.ReflectiveMethodInvocation.proceed(ReflectiveMethodInvocation.java:179)
	at org.springframework.dao.support.PersistenceExceptionTranslationInterceptor.invoke(PersistenceExceptionTranslationInterceptor.java:135)
	... 61 common frames omitted
Caused by: java.sql.SQLException: Field 'category_id' doesn't have a default value
	at com.mysql.cj.jdbc.exceptions.SQLError.createSQLException(SQLError.java:121)
	at com.mysql.cj.jdbc.exceptions.SQLExceptionsMapping.translateException(SQLExceptionsMapping.java:114)
	at com.mysql.cj.jdbc.ClientPreparedStatement.executeInternal(ClientPreparedStatement.java:988)
	at com.mysql.cj.jdbc.ClientPreparedStatement.executeUpdateInternal(ClientPreparedStatement.java:1166)
	at com.mysql.cj.jdbc.ClientPreparedStatement.executeUpdateInternal(ClientPreparedStatement.java:1101)
	at com.mysql.cj.jdbc.ClientPreparedStatement.executeLargeUpdate(ClientPreparedStatement.java:1448)
	at com.mysql.cj.jdbc.ClientPreparedStatement.executeUpdate(ClientPreparedStatement.java:1084)
	at com.zaxxer.hikari.pool.ProxyPreparedStatement.executeUpdate(ProxyPreparedStatement.java:61)
	at com.zaxxer.hikari.pool.HikariProxyPreparedStatement.executeUpdate(HikariProxyPreparedStatement.java)
	at org.hibernate.engine.jdbc.internal.ResultSetReturnImpl.executeUpdate(ResultSetReturnImpl.java:181)
	... 114 common frames omitted
2026-09-24 01:46:04 INFO  [SpringApplicationShutdownHook] - Commencing graceful shutdown. Waiting for active requests to complete
2026-09-24 01:46:04 INFO  [tomcat-shutdown] - Graceful shutdown complete
2026-09-24 01:46:04 INFO  [SpringApplicationShutdownHook] - Closing JPA EntityManagerFactory for persistence unit 'default'
2026-09-24 01:46:04 INFO  [SpringApplicationShutdownHook] - HikariPool-1 - Shutdown initiated...
2026-09-24 01:46:04 INFO  [SpringApplicationShutdownHook] - HikariPool-1 - Shutdown completed.
2026-09-24 01:46:07 INFO  [main] - Starting EcomApplication using Java 21.0.11 with PID 24556 (C:\Users\vamsh\Desktop\MasterClass\MicroMini2\Ecom\target\classes started by vamsh in C:\Users\vamsh\Desktop\MasterClass\MicroMini2)
2026-09-24 01:46:07 DEBUG [main] - Running with Spring Boot v4.0.8, Spring v7.0.9
2026-09-24 01:46:07 INFO  [main] - No active profile set, falling back to 1 default profile: "default"
2026-09-24 01:46:08 INFO  [main] - Bootstrapping Spring Data JPA repositories in DEFAULT mode.
2026-09-24 01:46:08 INFO  [main] - Finished Spring Data repository scanning in 112 ms. Found 3 JPA repository interfaces.
2026-09-24 01:46:08 INFO  [main] - Tomcat initialized with port 8081 (http)
2026-09-24 01:46:08 INFO  [main] - Starting service [Tomcat]
2026-09-24 01:46:08 INFO  [main] - Starting Servlet engine: [Apache Tomcat/11.0.24]
2026-09-24 01:46:08 INFO  [main] - Root WebApplicationContext: initialization completed in 1283 ms
2026-09-24 01:46:09 INFO  [main] - HHH008540: Processing PersistenceUnitInfo [name: default]
2026-09-24 01:46:09 INFO  [main] - HHH000001: Hibernate ORM core version 7.2.24.Final
2026-09-24 01:46:09 INFO  [main] - No LoadTimeWeaver setup: ignoring JPA class transformer
2026-09-24 01:46:09 INFO  [main] - HikariPool-1 - Starting...
2026-09-24 01:46:09 INFO  [main] - HikariPool-1 - Added connection com.mysql.cj.jdbc.ConnectionImpl@102fd71d
2026-09-24 01:46:09 INFO  [main] - HikariPool-1 - Start completed.
2026-09-24 01:46:09 INFO  [main] - HHH10001005: Database info:
	Database JDBC URL [jdbc:mysql://localhost:3306/product_db]
	Database driver: MySQL Connector/J
	Database dialect: MySQLDialect
	Database version: 8.0.46
	Default catalog/schema: product_db/undefined
	Autocommit mode: undefined/unknown
	Isolation level: REPEATABLE_READ [default REPEATABLE_READ]
	JDBC fetch size: none
	Pool: DataSourceConnectionProvider
	Minimum pool size: undefined/unknown
	Maximum pool size: undefined/unknown
2026-09-24 01:46:10 INFO  [main] - HHH000489: No JTA platform available (set 'hibernate.transaction.jta.platform' to enable JTA platform integration)
2026-09-24 01:46:10 INFO  [main] - Initialized JPA EntityManagerFactory for persistence unit 'default'
2026-09-24 01:46:11 INFO  [main] - Hibernate is in classpath; If applicable, HQL parser will be used.
2026-09-24 01:46:11 WARN  [main] - spring.jpa.open-in-view is enabled by default. Therefore, database queries may be performed during view rendering. Explicitly configure spring.jpa.open-in-view to disable this warning
2026-09-24 01:46:11 INFO  [main] - Tomcat started on port 8081 (http) with context path '/'
2026-09-24 01:46:12 INFO  [main] - Started EcomApplication in 5.478 seconds (process running for 6.542)
2026-09-24 01:46:12 WARN  [main] - SpringDoc /v3/api-docs endpoint is enabled by default. To disable it in production, set the property 'springdoc.api-docs.enabled=false'
2026-09-24 01:46:12 WARN  [main] - SpringDoc /swagger-ui.html endpoint is enabled by default. To disable it in production, set the property 'springdoc.swagger-ui.enabled=false'
2026-09-24 01:46:54 INFO  [http-nio-8081-exec-1] - Initializing Spring DispatcherServlet 'dispatcherServlet'
2026-09-24 01:46:54 INFO  [http-nio-8081-exec-1] - Initializing Servlet 'dispatcherServlet'
2026-09-24 01:46:54 INFO  [http-nio-8081-exec-1] - Completed initialization in 1 ms
2026-09-24 01:47:35 DEBUG [http-nio-8081-exec-2] - Creating product
2026-09-24 01:47:47 DEBUG [http-nio-8081-exec-2] - 
    select
        p1_0.id 
    from
        product p1_0 
    where
        p1_0.sku=? 
    limit
        ?
2026-09-24 01:47:47 TRACE [http-nio-8081-exec-2] - binding parameter (1:VARCHAR) <- [sk1-121011]
2026-09-24 01:47:47 TRACE [http-nio-8081-exec-2] - binding parameter (2:INTEGER) <- [1]
2026-09-24 01:48:16 DEBUG [http-nio-8081-exec-2] - 
    select
        b1_0.id,
        b1_0.brand_name,
        b1_0.created_at,
        b1_0.logo_url,
        b1_0.slug,
        b1_0.status,
        b1_0.updated_at,
        b1_0.website_url 
    from
        brands b1_0 
    where
        b1_0.id=?
2026-09-24 01:48:16 TRACE [http-nio-8081-exec-2] - binding parameter (1:BIGINT) <- [6]
2026-09-24 01:48:48 DEBUG [http-nio-8081-exec-2] - 
    select
        c1_0.id,
        c1_0.description,
        c1_0.active,
        c1_0.category_name,
        c1_0.created_at,
        c1_0.image_url,
        c1_0.slug,
        c1_0.updated_at 
    from
        category c1_0 
    where
        c1_0.id=?
2026-09-24 01:48:48 TRACE [http-nio-8081-exec-2] - binding parameter (1:BIGINT) <- [3]
2026-09-24 01:48:56 DEBUG [http-nio-8081-exec-2] - 
    select
        pl1_0.products,
        pl1_0.id,
        pl1_0.brand_id,
        pl1_0.created_at,
        pl1_0.created_by,
        pl1_0.deleted,
        pl1_0.description,
        pl1_0.discount,
        pl1_0.featured,
        pl1_0.price,
        pl1_0.product_name,
        pl1_0.rating,
        pl1_0.review_count,
        pl1_0.sku,
        pl1_0.status,
        pl1_0.thumbnail_url,
        pl1_0.updated_at,
        pl1_0.updated_by,
        pl1_0.version 
    from
        product pl1_0 
    where
        pl1_0.products=?
2026-09-24 01:48:56 TRACE [http-nio-8081-exec-2] - binding parameter (1:BIGINT) <- [3]
2026-09-24 01:49:34 WARN  [HikariPool-1:housekeeper] - HikariPool-1 - Thread starvation or clock leap detected (housekeeper delta=46s8ms935µs).
2026-09-24 01:49:47 DEBUG [http-nio-8081-exec-2] - 
    insert 
    into
        product
        (brand_id, products, created_at, created_by, deleted, description, discount, featured, price, product_name, rating, review_count, sku, status, thumbnail_url, updated_at, updated_by, version) 
    values
        (?, ?, ?, ?, ?, ?, ?, ?, ?, ?, ?, ?, ?, ?, ?, ?, ?, ?)
2026-09-24 01:49:47 TRACE [http-nio-8081-exec-2] - binding parameter (1:BIGINT) <- [6]
2026-09-24 01:49:47 TRACE [http-nio-8081-exec-2] - binding parameter (2:BIGINT) <- [3]
2026-09-24 01:49:47 TRACE [http-nio-8081-exec-2] - binding parameter (3:TIMESTAMP) <- [2026-09-24T01:49:47.916111]
2026-09-24 01:49:47 TRACE [http-nio-8081-exec-2] - binding parameter (4:VARCHAR) <- [null]
2026-09-24 01:49:47 TRACE [http-nio-8081-exec-2] - binding parameter (5:BOOLEAN) <- [false]
2026-09-24 01:49:47 TRACE [http-nio-8081-exec-2] - binding parameter (6:VARCHAR) <- [Mobile phone by samsung]
2026-09-24 01:49:47 TRACE [http-nio-8081-exec-2] - binding parameter (7:NUMERIC) <- [30]
2026-09-24 01:49:47 TRACE [http-nio-8081-exec-2] - binding parameter (8:BOOLEAN) <- [false]
2026-09-24 01:49:47 TRACE [http-nio-8081-exec-2] - binding parameter (9:NUMERIC) <- [10000]
2026-09-24 01:49:47 TRACE [http-nio-8081-exec-2] - binding parameter (10:VARCHAR) <- [Iphone 17]
2026-09-24 01:49:47 TRACE [http-nio-8081-exec-2] - binding parameter (11:NUMERIC) <- [0]
2026-09-24 01:49:47 TRACE [http-nio-8081-exec-2] - binding parameter (12:INTEGER) <- [0]
2026-09-24 01:49:47 TRACE [http-nio-8081-exec-2] - binding parameter (13:VARCHAR) <- [sk1-121011]
2026-09-24 01:49:47 TRACE [http-nio-8081-exec-2] - binding parameter (14:ENUM) <- [InActive]
2026-09-24 01:49:47 TRACE [http-nio-8081-exec-2] - binding parameter (15:VARCHAR) <- [hhtps:google/images/uyydrtgyhujk]
2026-09-24 01:49:47 TRACE [http-nio-8081-exec-2] - binding parameter (16:TIMESTAMP) <- [2026-09-24T01:49:47.916111]
2026-09-24 01:49:47 TRACE [http-nio-8081-exec-2] - binding parameter (17:VARCHAR) <- [null]
2026-09-24 01:49:47 TRACE [http-nio-8081-exec-2] - binding parameter (18:BIGINT) <- [0]
2026-09-24 01:49:48 WARN  [http-nio-8081-exec-2] - HHH000247: ErrorCode: 1364, SQLState: HY000
2026-09-24 01:49:48 WARN  [http-nio-8081-exec-2] - Field 'category_id' doesn't have a default value
2026-09-24 01:55:11 WARN  [HikariPool-1:housekeeper] - HikariPool-1 - Thread starvation or clock leap detected (housekeeper delta=5m37s751ms241µs700ns).
2026-09-24 01:55:11 ERROR [http-nio-8081-exec-2] - Database integrity violation
org.springframework.dao.DataIntegrityViolationException: could not execute statement [Field 'category_id' doesn't have a default value] [insert into product (brand_id,products,created_at,created_by,deleted,description,discount,featured,price,product_name,rating,review_count,sku,status,thumbnail_url,updated_at,updated_by,version) values (?,?,?,?,?,?,?,?,?,?,?,?,?,?,?,?,?,?)]; SQL [insert into product (brand_id,products,created_at,created_by,deleted,description,discount,featured,price,product_name,rating,review_count,sku,status,thumbnail_url,updated_at,updated_by,version) values (?,?,?,?,?,?,?,?,?,?,?,?,?,?,?,?,?,?)]; constraint [category_id]
	at org.springframework.orm.jpa.hibernate.HibernateExceptionTranslator.convertHibernateAccessException(HibernateExceptionTranslator.java:169)
	at org.springframework.orm.jpa.hibernate.HibernateExceptionTranslator.convertHibernateAccessException(HibernateExceptionTranslator.java:131)
	at org.springframework.orm.jpa.hibernate.HibernateExceptionTranslator.translateExceptionIfPossible(HibernateExceptionTranslator.java:105)
	at org.springframework.orm.jpa.vendor.HibernateJpaDialect.translateExceptionIfPossible(HibernateJpaDialect.java:223)
	at org.springframework.orm.jpa.AbstractEntityManagerFactoryBean.translateExceptionIfPossible(AbstractEntityManagerFactoryBean.java:577)
	at org.springframework.dao.support.ChainedPersistenceExceptionTranslator.translateExceptionIfPossible(ChainedPersistenceExceptionTranslator.java:61)
	at org.springframework.dao.support.DataAccessUtils.translateIfNecessary(DataAccessUtils.java:346)
	at org.springframework.dao.support.PersistenceExceptionTranslationInterceptor.invoke(PersistenceExceptionTranslationInterceptor.java:157)
	at org.springframework.aop.framework.ReflectiveMethodInvocation.proceed(ReflectiveMethodInvocation.java:179)
	at org.springframework.data.jpa.repository.support.CrudMethodMetadataPostProcessor$CrudMethodMetadataPopulatingMethodInterceptor.invoke(CrudMethodMetadataPostProcessor.java:166)
	at org.springframework.aop.framework.ReflectiveMethodInvocation.proceed(ReflectiveMethodInvocation.java:179)
	at org.springframework.aop.framework.JdkDynamicAopProxy.invoke(JdkDynamicAopProxy.java:222)
	at jdk.proxy2/jdk.proxy2.$Proxy157.save(Unknown Source)
	at com.ecom.ecom.ServiceImpl.ProductServiceImpl.createProduct(ProductServiceImpl.java:95)
	at java.base/jdk.internal.reflect.DirectMethodHandleAccessor.invoke(DirectMethodHandleAccessor.java:103)
	at java.base/java.lang.reflect.Method.invoke(Method.java:580)
	at org.springframework.aop.support.AopUtils.invokeJoinpointUsingReflection(AopUtils.java:359)
	at org.springframework.aop.framework.ReflectiveMethodInvocation.invokeJoinpoint(ReflectiveMethodInvocation.java:190)
	at org.springframework.aop.framework.ReflectiveMethodInvocation.proceed(ReflectiveMethodInvocation.java:158)
	at org.springframework.transaction.interceptor.TransactionInterceptor$1.proceedWithInvocation(TransactionInterceptor.java:133)
	at org.springframework.transaction.interceptor.TransactionAspectSupport.invokeWithinTransaction(TransactionAspectSupport.java:371)
	at org.springframework.transaction.interceptor.TransactionInterceptor.invoke(TransactionInterceptor.java:130)
	at org.springframework.aop.framework.ReflectiveMethodInvocation.proceed(ReflectiveMethodInvocation.java:179)
	at org.springframework.aop.framework.CglibAopProxy$DynamicAdvisedInterceptor.intercept(CglibAopProxy.java:719)
	at com.ecom.ecom.ServiceImpl.ProductServiceImpl$$SpringCGLIB$$0.createProduct(<generated>)
	at com.ecom.ecom.Controller.ProductController.createProduct(ProductController.java:104)
	at java.base/jdk.internal.reflect.DirectMethodHandleAccessor.invoke(DirectMethodHandleAccessor.java:103)
	at java.base/java.lang.reflect.Method.invoke(Method.java:580)
	at org.springframework.web.method.support.InvocableHandlerMethod.doInvoke(InvocableHandlerMethod.java:252)
	at org.springframework.web.method.support.InvocableHandlerMethod.invokeForRequest(InvocableHandlerMethod.java:184)
	at org.springframework.web.servlet.mvc.method.annotation.ServletInvocableHandlerMethod.invokeAndHandle(ServletInvocableHandlerMethod.java:117)
	at org.springframework.web.servlet.mvc.method.annotation.RequestMappingHandlerAdapter.invokeHandlerMethod(RequestMappingHandlerAdapter.java:934)
	at org.springframework.web.servlet.mvc.method.annotation.RequestMappingHandlerAdapter.handleInternal(RequestMappingHandlerAdapter.java:853)
	at org.springframework.web.servlet.mvc.method.AbstractHandlerMethodAdapter.handle(AbstractHandlerMethodAdapter.java:86)
	at org.springframework.web.servlet.DispatcherServlet.doDispatch(DispatcherServlet.java:963)
	at org.springframework.web.servlet.DispatcherServlet.doService(DispatcherServlet.java:866)
	at org.springframework.web.servlet.FrameworkServlet.processRequest(FrameworkServlet.java:1000)
	at org.springframework.web.servlet.FrameworkServlet.doPost(FrameworkServlet.java:903)
	at jakarta.servlet.http.HttpServlet.service(HttpServlet.java:649)
	at org.springframework.web.servlet.FrameworkServlet.service(FrameworkServlet.java:874)
	at jakarta.servlet.http.HttpServlet.service(HttpServlet.java:710)
	at org.apache.catalina.core.ApplicationFilterChain.doFilter(ApplicationFilterChain.java:132)
	at org.apache.tomcat.websocket.server.WsFilter.doFilter(WsFilter.java:59)
	at org.apache.catalina.core.ApplicationFilterChain.doFilter(ApplicationFilterChain.java:111)
	at org.springframework.web.filter.RequestContextFilter.doFilterInternal(RequestContextFilter.java:100)
	at org.springframework.web.filter.OncePerRequestFilter.doFilter(OncePerRequestFilter.java:116)
	at org.apache.catalina.core.ApplicationFilterChain.doFilter(ApplicationFilterChain.java:111)
	at org.springframework.web.filter.FormContentFilter.doFilterInternal(FormContentFilter.java:93)
	at org.springframework.web.filter.OncePerRequestFilter.doFilter(OncePerRequestFilter.java:116)
	at org.apache.catalina.core.ApplicationFilterChain.doFilter(ApplicationFilterChain.java:111)
	at org.springframework.web.filter.CharacterEncodingFilter.doFilterInternal(CharacterEncodingFilter.java:199)
	at org.springframework.web.filter.OncePerRequestFilter.doFilter(OncePerRequestFilter.java:116)
	at org.apache.catalina.core.ApplicationFilterChain.doFilter(ApplicationFilterChain.java:111)
	at org.apache.catalina.core.StandardWrapperValve.invoke(StandardWrapperValve.java:165)
	at org.apache.catalina.core.StandardContextValve.invoke(StandardContextValve.java:77)
	at org.apache.catalina.authenticator.AuthenticatorBase.invoke(AuthenticatorBase.java:535)
	at org.apache.catalina.core.StandardHostValve.invoke(StandardHostValve.java:115)
	at org.apache.catalina.valves.ErrorReportValve.invoke(ErrorReportValve.java:86)
	at org.apache.catalina.core.StandardEngineValve.invoke(StandardEngineValve.java:71)
	at org.apache.catalina.connector.CoyoteAdapter.service(CoyoteAdapter.java:347)
	at org.apache.coyote.http11.Http11Processor.service(Http11Processor.java:406)
	at org.apache.coyote.AbstractProcessorLight.process(AbstractProcessorLight.java:71)
	at org.apache.coyote.AbstractProtocol$ConnectionHandler.process(AbstractProtocol.java:1307)
	at org.apache.tomcat.util.net.NioEndpoint$SocketProcessor.doRun(NioEndpoint.java:2036)
	at org.apache.tomcat.util.net.SocketProcessorBase.run(SocketProcessorBase.java:74)
	at org.apache.tomcat.util.threads.ThreadPoolExecutor.runWorker(ThreadPoolExecutor.java:949)
	at org.apache.tomcat.util.threads.ThreadPoolExecutor$Worker.run(ThreadPoolExecutor.java:483)
	at org.apache.tomcat.util.threads.TaskThread$WrappingRunnable.run(TaskThread.java:74)
	at java.base/java.lang.Thread.run(Thread.java:1583)
Caused by: org.hibernate.exception.ConstraintViolationException: could not execute statement [Field 'category_id' doesn't have a default value] [insert into product (brand_id,products,created_at,created_by,deleted,description,discount,featured,price,product_name,rating,review_count,sku,status,thumbnail_url,updated_at,updated_by,version) values (?,?,?,?,?,?,?,?,?,?,?,?,?,?,?,?,?,?)]
	at org.hibernate.dialect.MySQLDialect.lambda$buildSQLExceptionConversionDelegate$0(MySQLDialect.java:1273)
	at org.hibernate.exception.internal.StandardSQLExceptionConverter.convert(StandardSQLExceptionConverter.java:34)
	at org.hibernate.engine.jdbc.spi.SqlExceptionHelper.convert(SqlExceptionHelper.java:115)
	at org.hibernate.engine.jdbc.internal.ResultSetReturnImpl.executeUpdate(ResultSetReturnImpl.java:184)
	at org.hibernate.id.insert.GetGeneratedKeysDelegate.performMutation(GetGeneratedKeysDelegate.java:103)
	at org.hibernate.engine.jdbc.mutation.internal.MutationExecutorSingleNonBatched.performNonBatchedOperations(MutationExecutorSingleNonBatched.java:45)
	at org.hibernate.engine.jdbc.mutation.internal.AbstractMutationExecutor.execute(AbstractMutationExecutor.java:66)
	at org.hibernate.engine.jdbc.mutation.internal.AbstractMutationExecutor.execute(AbstractMutationExecutor.java:55)
	at org.hibernate.persister.entity.mutation.InsertCoordinatorStandard.doStaticInserts(InsertCoordinatorStandard.java:180)
	at org.hibernate.persister.entity.mutation.InsertCoordinatorStandard.coordinateInsert(InsertCoordinatorStandard.java:120)
	at org.hibernate.persister.entity.mutation.InsertCoordinatorStandard.insert(InsertCoordinatorStandard.java:84)
	at org.hibernate.action.internal.EntityIdentityInsertAction.execute(EntityIdentityInsertAction.java:85)
	at org.hibernate.engine.spi.ActionQueue.execute(ActionQueue.java:667)
	at org.hibernate.engine.spi.ActionQueue.addResolvedEntityInsertAction(ActionQueue.java:291)
	at org.hibernate.engine.spi.ActionQueue.addInsertAction(ActionQueue.java:270)
	at org.hibernate.engine.spi.ActionQueue.addAction(ActionQueue.java:322)
	at org.hibernate.event.internal.AbstractSaveEventListener.addInsertAction(AbstractSaveEventListener.java:371)
	at org.hibernate.event.internal.AbstractSaveEventListener.performSaveOrReplicate(AbstractSaveEventListener.java:285)
	at org.hibernate.event.internal.AbstractSaveEventListener.performSave(AbstractSaveEventListener.java:215)
	at org.hibernate.event.internal.AbstractSaveEventListener.saveWithGeneratedId(AbstractSaveEventListener.java:133)
	at org.hibernate.event.internal.DefaultPersistEventListener.entityIsTransient(DefaultPersistEventListener.java:144)
	at org.hibernate.event.internal.DefaultPersistEventListener.persist(DefaultPersistEventListener.java:90)
	at org.hibernate.event.internal.DefaultPersistEventListener.onPersist(DefaultPersistEventListener.java:74)
	at org.hibernate.event.internal.DefaultPersistEventListener.onPersist(DefaultPersistEventListener.java:50)
	at org.hibernate.event.service.internal.EventListenerGroupImpl.fireEventOnEachListener(EventListenerGroupImpl.java:138)
	at org.hibernate.internal.SessionImpl.firePersist(SessionImpl.java:706)
	at org.hibernate.internal.SessionImpl.persist(SessionImpl.java:689)
	at java.base/jdk.internal.reflect.DirectMethodHandleAccessor.invoke(DirectMethodHandleAccessor.java:103)
	at java.base/java.lang.reflect.Method.invoke(Method.java:580)
	at org.springframework.orm.jpa.ExtendedEntityManagerCreator$ExtendedEntityManagerInvocationHandler.invoke(ExtendedEntityManagerCreator.java:360)
	at jdk.proxy2/jdk.proxy2.$Proxy140.persist(Unknown Source)
	at java.base/jdk.internal.reflect.DirectMethodHandleAccessor.invoke(DirectMethodHandleAccessor.java:103)
	at java.base/java.lang.reflect.Method.invoke(Method.java:580)
	at org.springframework.orm.jpa.SharedEntityManagerCreator$SharedEntityHandlerInvocationHandler.invokeMethod(SharedEntityManagerCreator.java:239)
	at org.springframework.orm.jpa.SharedEntityManagerCreator$SharedEntityManagerInvocationHandler.invoke(SharedEntityManagerCreator.java:392)
	at jdk.proxy2/jdk.proxy2.$Proxy140.persist(Unknown Source)
	at org.springframework.data.jpa.repository.support.SimpleJpaRepository.save(SimpleJpaRepository.java:664)
	at java.base/jdk.internal.reflect.DirectMethodHandleAccessor.invoke(DirectMethodHandleAccessor.java:103)
	at java.base/java.lang.reflect.Method.invoke(Method.java:580)
	at org.springframework.aop.support.AopUtils.invokeJoinpointUsingReflection(AopUtils.java:359)
	at org.springframework.data.repository.core.support.RepositoryMethodInvoker$RepositoryFragmentMethodInvoker.lambda$new$0(RepositoryMethodInvoker.java:278)
	at org.springframework.data.repository.core.support.RepositoryMethodInvoker.doInvoke(RepositoryMethodInvoker.java:169)
	at org.springframework.data.repository.core.support.RepositoryMethodInvoker.invoke(RepositoryMethodInvoker.java:158)
	at org.springframework.data.repository.core.support.RepositoryComposition$RepositoryFragments.invoke(RepositoryComposition.java:545)
	at org.springframework.data.repository.core.support.RepositoryComposition.invoke(RepositoryComposition.java:290)
	at org.springframework.data.repository.core.support.RepositoryFactorySupport$ImplementationMethodExecutionInterceptor.invoke(RepositoryFactorySupport.java:690)
	at org.springframework.aop.framework.ReflectiveMethodInvocation.proceed(ReflectiveMethodInvocation.java:179)
	at org.springframework.data.repository.core.support.QueryExecutorMethodInterceptor.doInvoke(QueryExecutorMethodInterceptor.java:171)
	at org.springframework.data.repository.core.support.QueryExecutorMethodInterceptor.invoke(QueryExecutorMethodInterceptor.java:146)
	at org.springframework.aop.framework.ReflectiveMethodInvocation.proceed(ReflectiveMethodInvocation.java:179)
	at org.springframework.data.projection.DefaultMethodInvokingMethodInterceptor.invoke(DefaultMethodInvokingMethodInterceptor.java:69)
	at org.springframework.aop.framework.ReflectiveMethodInvocation.proceed(ReflectiveMethodInvocation.java:179)
	at org.springframework.transaction.interceptor.TransactionInterceptor$1.proceedWithInvocation(TransactionInterceptor.java:133)
	at org.springframework.transaction.interceptor.TransactionAspectSupport.invokeWithinTransaction(TransactionAspectSupport.java:371)
	at org.springframework.transaction.interceptor.TransactionInterceptor.invoke(TransactionInterceptor.java:130)
	at org.springframework.aop.framework.ReflectiveMethodInvocation.proceed(ReflectiveMethodInvocation.java:179)
	at org.springframework.dao.support.PersistenceExceptionTranslationInterceptor.invoke(PersistenceExceptionTranslationInterceptor.java:135)
	... 61 common frames omitted
Caused by: java.sql.SQLException: Field 'category_id' doesn't have a default value
	at com.mysql.cj.jdbc.exceptions.SQLError.createSQLException(SQLError.java:121)
	at com.mysql.cj.jdbc.exceptions.SQLExceptionsMapping.translateException(SQLExceptionsMapping.java:114)
	at com.mysql.cj.jdbc.ClientPreparedStatement.executeInternal(ClientPreparedStatement.java:988)
	at com.mysql.cj.jdbc.ClientPreparedStatement.executeUpdateInternal(ClientPreparedStatement.java:1166)
	at com.mysql.cj.jdbc.ClientPreparedStatement.executeUpdateInternal(ClientPreparedStatement.java:1101)
	at com.mysql.cj.jdbc.ClientPreparedStatement.executeLargeUpdate(ClientPreparedStatement.java:1448)
	at com.mysql.cj.jdbc.ClientPreparedStatement.executeUpdate(ClientPreparedStatement.java:1084)
	at com.zaxxer.hikari.pool.ProxyPreparedStatement.executeUpdate(ProxyPreparedStatement.java:61)
	at com.zaxxer.hikari.pool.HikariProxyPreparedStatement.executeUpdate(HikariProxyPreparedStatement.java)
	at org.hibernate.engine.jdbc.internal.ResultSetReturnImpl.executeUpdate(ResultSetReturnImpl.java:181)
	... 114 common frames omitted
2026-09-24 01:55:11 INFO  [SpringApplicationShutdownHook] - Commencing graceful shutdown. Waiting for active requests to complete
2026-09-24 01:55:11 INFO  [tomcat-shutdown] - Graceful shutdown complete
2026-09-24 01:55:11 INFO  [SpringApplicationShutdownHook] - Closing JPA EntityManagerFactory for persistence unit 'default'
2026-09-24 01:55:11 INFO  [SpringApplicationShutdownHook] - HikariPool-1 - Shutdown initiated...
2026-09-24 01:55:11 INFO  [SpringApplicationShutdownHook] - HikariPool-1 - Shutdown completed.
2026-09-24 01:55:16 INFO  [main] - Starting EcomApplication using Java 21.0.11 with PID 17136 (C:\Users\vamsh\Desktop\MasterClass\MicroMini2\Ecom\target\classes started by vamsh in C:\Users\vamsh\Desktop\MasterClass\MicroMini2)
2026-09-24 01:55:16 DEBUG [main] - Running with Spring Boot v4.0.8, Spring v7.0.9
2026-09-24 01:55:16 INFO  [main] - No active profile set, falling back to 1 default profile: "default"
2026-09-24 01:55:16 INFO  [main] - Bootstrapping Spring Data JPA repositories in DEFAULT mode.
2026-09-24 01:55:16 INFO  [main] - Finished Spring Data repository scanning in 99 ms. Found 3 JPA repository interfaces.
2026-09-24 01:55:17 INFO  [main] - Tomcat initialized with port 8081 (http)
2026-09-24 01:55:17 INFO  [main] - Starting service [Tomcat]
2026-09-24 01:55:17 INFO  [main] - Starting Servlet engine: [Apache Tomcat/11.0.24]
2026-09-24 01:55:17 INFO  [main] - Root WebApplicationContext: initialization completed in 1148 ms
2026-09-24 01:55:17 INFO  [main] - HHH008540: Processing PersistenceUnitInfo [name: default]
2026-09-24 01:55:17 INFO  [main] - HHH000001: Hibernate ORM core version 7.2.24.Final
2026-09-24 01:55:17 INFO  [main] - No LoadTimeWeaver setup: ignoring JPA class transformer
2026-09-24 01:55:17 INFO  [main] - HikariPool-1 - Starting...
2026-09-24 01:55:18 INFO  [main] - HikariPool-1 - Added connection com.mysql.cj.jdbc.ConnectionImpl@102fd71d
2026-09-24 01:55:18 INFO  [main] - HikariPool-1 - Start completed.
2026-09-24 01:55:18 INFO  [main] - HHH10001005: Database info:
	Database JDBC URL [jdbc:mysql://localhost:3306/product_db]
	Database driver: MySQL Connector/J
	Database dialect: MySQLDialect
	Database version: 8.0.46
	Default catalog/schema: product_db/undefined
	Autocommit mode: undefined/unknown
	Isolation level: REPEATABLE_READ [default REPEATABLE_READ]
	JDBC fetch size: none
	Pool: DataSourceConnectionProvider
	Minimum pool size: undefined/unknown
	Maximum pool size: undefined/unknown
2026-09-24 01:55:18 INFO  [main] - HHH000489: No JTA platform available (set 'hibernate.transaction.jta.platform' to enable JTA platform integration)
2026-09-24 01:55:19 DEBUG [main] - 
    create table product (
        id bigint not null auto_increment,
        created_at datetime(6) not null,
        created_by varchar(255),
        deleted bit not null,
        description varchar(2000),
        discount decimal(5,2),
        featured bit not null,
        price decimal(12,2) not null,
        product_name varchar(255) not null,
        rating decimal(2,1),
        review_count integer not null,
        sku varchar(255) not null,
        status enum ('Active','InActive') not null,
        thumbnail_url varchar(255),
        updated_at datetime(6),
        updated_by varchar(255),
        version bigint,
        brand_id bigint not null,
        category_id bigint not null,
        primary key (id)
    ) engine=InnoDB
2026-09-24 01:55:19 DEBUG [main] - 
    create index idx_product_brand 
       on product (brand_id)
2026-09-24 01:55:19 DEBUG [main] - 
    create index idx_product_category 
       on product (category_id)
2026-09-24 01:55:19 DEBUG [main] - 
    create index idx_product_status 
       on product (status)
2026-09-24 01:55:19 DEBUG [main] - 
    create index idx_product_price 
       on product (price)
2026-09-24 01:55:19 DEBUG [main] - 
    alter table product 
       drop index UKq1mafxn973ldq80m1irp3mpvq
2026-09-24 01:55:19 DEBUG [main] - 
    alter table product 
       add constraint UKq1mafxn973ldq80m1irp3mpvq unique (sku)
2026-09-24 01:55:19 DEBUG [main] - 
    alter table product 
       add constraint FKh259gmj2fw5b2pqed7ii3rpnl 
       foreign key (brand_id) 
       references brands (id)
2026-09-24 01:55:19 DEBUG [main] - 
    alter table product 
       add constraint FK1mtsbur82frn64de7balymq9s 
       foreign key (category_id) 
       references category (id)
2026-09-24 01:55:19 INFO  [main] - Initialized JPA EntityManagerFactory for persistence unit 'default'
2026-09-24 01:55:19 INFO  [main] - Hibernate is in classpath; If applicable, HQL parser will be used.
2026-09-24 01:55:20 WARN  [main] - spring.jpa.open-in-view is enabled by default. Therefore, database queries may be performed during view rendering. Explicitly configure spring.jpa.open-in-view to disable this warning
2026-09-24 01:55:20 INFO  [main] - Tomcat started on port 8081 (http) with context path '/'
2026-09-24 01:55:20 INFO  [main] - Started EcomApplication in 5.605 seconds (process running for 6.704)
2026-09-24 01:55:20 WARN  [main] - SpringDoc /v3/api-docs endpoint is enabled by default. To disable it in production, set the property 'springdoc.api-docs.enabled=false'
2026-09-24 01:55:20 WARN  [main] - SpringDoc /swagger-ui.html endpoint is enabled by default. To disable it in production, set the property 'springdoc.swagger-ui.enabled=false'
2026-09-24 01:55:36 INFO  [http-nio-8081-exec-1] - Initializing Spring DispatcherServlet 'dispatcherServlet'
2026-09-24 01:55:36 INFO  [http-nio-8081-exec-1] - Initializing Servlet 'dispatcherServlet'
2026-09-24 01:55:36 INFO  [http-nio-8081-exec-1] - Completed initialization in 3 ms
2026-09-24 01:55:41 DEBUG [http-nio-8081-exec-1] - Creating product
2026-09-24 01:55:43 DEBUG [http-nio-8081-exec-1] - 
    select
        p1_0.id 
    from
        product p1_0 
    where
        p1_0.sku=? 
    limit
        ?
2026-09-24 01:55:43 TRACE [http-nio-8081-exec-1] - binding parameter (1:VARCHAR) <- [sk1-121011]
2026-09-24 01:55:43 TRACE [http-nio-8081-exec-1] - binding parameter (2:INTEGER) <- [1]
2026-09-24 01:55:46 DEBUG [http-nio-8081-exec-1] - 
    select
        b1_0.id,
        b1_0.brand_name,
        b1_0.created_at,
        b1_0.logo_url,
        b1_0.slug,
        b1_0.status,
        b1_0.updated_at,
        b1_0.website_url 
    from
        brands b1_0 
    where
        b1_0.id=?
2026-09-24 01:55:46 TRACE [http-nio-8081-exec-1] - binding parameter (1:BIGINT) <- [6]
2026-09-24 01:55:47 DEBUG [http-nio-8081-exec-1] - 
    select
        c1_0.id,
        c1_0.description,
        c1_0.active,
        c1_0.category_name,
        c1_0.created_at,
        c1_0.image_url,
        c1_0.slug,
        c1_0.updated_at 
    from
        category c1_0 
    where
        c1_0.id=?
2026-09-24 01:55:47 TRACE [http-nio-8081-exec-1] - binding parameter (1:BIGINT) <- [3]
2026-09-24 01:55:50 DEBUG [http-nio-8081-exec-1] - 
    insert 
    into
        product
        (brand_id, category_id, created_at, created_by, deleted, description, discount, featured, price, product_name, rating, review_count, sku, status, thumbnail_url, updated_at, updated_by, version) 
    values
        (?, ?, ?, ?, ?, ?, ?, ?, ?, ?, ?, ?, ?, ?, ?, ?, ?, ?)
2026-09-24 01:55:50 TRACE [http-nio-8081-exec-1] - binding parameter (1:BIGINT) <- [6]
2026-09-24 01:55:50 TRACE [http-nio-8081-exec-1] - binding parameter (2:BIGINT) <- [3]
2026-09-24 01:55:50 TRACE [http-nio-8081-exec-1] - binding parameter (3:TIMESTAMP) <- [2026-09-24T01:55:50.019818]
2026-09-24 01:55:50 TRACE [http-nio-8081-exec-1] - binding parameter (4:VARCHAR) <- [null]
2026-09-24 01:55:50 TRACE [http-nio-8081-exec-1] - binding parameter (5:BOOLEAN) <- [false]
2026-09-24 01:55:50 TRACE [http-nio-8081-exec-1] - binding parameter (6:VARCHAR) <- [Mobile phone by samsung]
2026-09-24 01:55:50 TRACE [http-nio-8081-exec-1] - binding parameter (7:NUMERIC) <- [30]
2026-09-24 01:55:50 TRACE [http-nio-8081-exec-1] - binding parameter (8:BOOLEAN) <- [false]
2026-09-24 01:55:50 TRACE [http-nio-8081-exec-1] - binding parameter (9:NUMERIC) <- [10000]
2026-09-24 01:55:50 TRACE [http-nio-8081-exec-1] - binding parameter (10:VARCHAR) <- [Iphone 17]
2026-09-24 01:55:50 TRACE [http-nio-8081-exec-1] - binding parameter (11:NUMERIC) <- [0]
2026-09-24 01:55:50 TRACE [http-nio-8081-exec-1] - binding parameter (12:INTEGER) <- [0]
2026-09-24 01:55:50 TRACE [http-nio-8081-exec-1] - binding parameter (13:VARCHAR) <- [sk1-121011]
2026-09-24 01:55:50 TRACE [http-nio-8081-exec-1] - binding parameter (14:ENUM) <- [InActive]
2026-09-24 01:55:50 TRACE [http-nio-8081-exec-1] - binding parameter (15:VARCHAR) <- [hhtps:google/images/uyydrtgyhujk]
2026-09-24 01:55:50 TRACE [http-nio-8081-exec-1] - binding parameter (16:TIMESTAMP) <- [2026-09-24T01:55:50.019818]
2026-09-24 01:55:50 TRACE [http-nio-8081-exec-1] - binding parameter (17:VARCHAR) <- [null]
2026-09-24 01:55:50 TRACE [http-nio-8081-exec-1] - binding parameter (18:BIGINT) <- [0]
2026-09-24 01:55:50 INFO  [http-nio-8081-exec-1] - Product created with id:1
2026-09-24 01:56:47 DEBUG [http-nio-8081-exec-2] - 
    select
        p1_0.id,
        p1_0.brand_id,
        p1_0.category_id,
        p1_0.created_at,
        p1_0.created_by,
        p1_0.deleted,
        p1_0.description,
        p1_0.discount,
        p1_0.featured,
        p1_0.price,
        p1_0.product_name,
        p1_0.rating,
        p1_0.review_count,
        p1_0.sku,
        p1_0.status,
        p1_0.thumbnail_url,
        p1_0.updated_at,
        p1_0.updated_by,
        p1_0.version 
    from
        product p1_0 
    where
        p1_0.id=?
2026-09-24 01:56:47 TRACE [http-nio-8081-exec-2] - binding parameter (1:BIGINT) <- [1]
2026-09-24 01:56:48 DEBUG [http-nio-8081-exec-2] - 
    select
        c1_0.id,
        c1_0.description,
        c1_0.active,
        c1_0.category_name,
        c1_0.created_at,
        c1_0.image_url,
        c1_0.slug,
        c1_0.updated_at 
    from
        category c1_0 
    where
        c1_0.id=?
2026-09-24 01:56:48 TRACE [http-nio-8081-exec-2] - binding parameter (1:BIGINT) <- [3]
2026-09-24 01:56:48 DEBUG [http-nio-8081-exec-2] - 
    select
        b1_0.id,
        b1_0.brand_name,
        b1_0.created_at,
        b1_0.logo_url,
        b1_0.slug,
        b1_0.status,
        b1_0.updated_at,
        b1_0.website_url 
    from
        brands b1_0 
    where
        b1_0.id=?
2026-09-24 01:56:48 TRACE [http-nio-8081-exec-2] - binding parameter (1:BIGINT) <- [6]
2026-09-24T01:56:48.226+05:30 DEBUG 15808 --- [inventory-service] [http-nio-8082-exec-2] org.hibernate.SQL                        : select i1_0.id from inventory i1_0 where i1_0.product_id=? limit ?
2026-09-24T01:56:48.229+05:30 TRACE 15808 --- [inventory-service] [http-nio-8082-exec-2] org.hibernate.orm.jdbc.bind              : binding parameter (1:BIGINT) <- [1]
2026-09-24T01:56:48.229+05:30 TRACE 15808 --- [inventory-service] [http-nio-8082-exec-2] org.hibernate.orm.jdbc.bind              : binding parameter (2:INTEGER) <- [1]
2026-09-24T01:56:48.255+05:30 DEBUG 15808 --- [inventory-service] [http-nio-8082-exec-2] org.hibernate.SQL                        : insert into inventory (available_quantity,product_id,reorder_level,reserved_quantity,version) values (?,?,?,?,?)
2026-09-24T01:56:48.256+05:30 TRACE 15808 --- [inventory-service] [http-nio-8082-exec-2] org.hibernate.orm.jdbc.bind              : binding parameter (1:INTEGER) <- [100]
2026-09-24T01:56:48.256+05:30 TRACE 15808 --- [inventory-service] [http-nio-8082-exec-2] org.hibernate.orm.jdbc.bind              : binding parameter (2:BIGINT) <- [1]
2026-09-24T01:56:48.257+05:30 TRACE 15808 --- [inventory-service] [http-nio-8082-exec-2] org.hibernate.orm.jdbc.bind              : binding parameter (3:INTEGER) <- [10]
2026-09-24T01:56:48.257+05:30 TRACE 15808 --- [inventory-service] [http-nio-8082-exec-2] org.hibernate.orm.jdbc.bind              : binding parameter (4:INTEGER) <- [0]
2026-09-24T01:56:48.257+05:30 TRACE 15808 --- [inventory-service] [http-nio-8082-exec-2] org.hibernate.orm.jdbc.bind              : binding parameter (5:BIGINT) <- [0]
2026-09-24T01:56:48.264+05:30  INFO 15808 --- [inventory-service] [http-nio-8082-exec-2] c.E.i.ServiceImpl.InventoryServiceImpl   : Inventory created successfully for product id: 1, inventory id: 2
2026-09-24 01:57:37 DEBUG [http-nio-8081-exec-4] - 
    select
        p1_0.id,
        p1_0.brand_id,
        p1_0.category_id,
        p1_0.created_at,
        p1_0.created_by,
        p1_0.deleted,
        p1_0.description,
        p1_0.discount,
        p1_0.featured,
        p1_0.price,
        p1_0.product_name,
        p1_0.rating,
        p1_0.review_count,
        p1_0.sku,
        p1_0.status,
        p1_0.thumbnail_url,
        p1_0.updated_at,
        p1_0.updated_by,
        p1_0.version 
    from
        product p1_0 
    where
        p1_0.id=?
2026-09-24 01:57:37 TRACE [http-nio-8081-exec-4] - binding parameter (1:BIGINT) <- [1]
2026-09-24 01:57:38 DEBUG [http-nio-8081-exec-4] - 
    select
        c1_0.id,
        c1_0.description,
        c1_0.active,
        c1_0.category_name,
        c1_0.created_at,
        c1_0.image_url,
        c1_0.slug,
        c1_0.updated_at 
    from
        category c1_0 
    where
        c1_0.id=?
2026-09-24 01:57:38 TRACE [http-nio-8081-exec-4] - binding parameter (1:BIGINT) <- [3]
2026-09-24 01:57:38 DEBUG [http-nio-8081-exec-4] - 
    select
        b1_0.id,
        b1_0.brand_name,
        b1_0.created_at,
        b1_0.logo_url,
        b1_0.slug,
        b1_0.status,
        b1_0.updated_at,
        b1_0.website_url 
    from
        brands b1_0 
    where
        b1_0.id=?
2026-09-24 01:57:38 TRACE [http-nio-8081-exec-4] - binding parameter (1:BIGINT) <- [6]
2026-09-24T01:57:38.209+05:30 DEBUG 15808 --- [inventory-service] [http-nio-8082-exec-3] org.hibernate.SQL                        : select i1_0.id,i1_0.available_quantity,i1_0.product_id,i1_0.reorder_level,i1_0.reserved_quantity,i1_0.version from inventory i1_0 where i1_0.product_id=? for update of i1_0
2026-09-24T01:57:38.209+05:30 TRACE 15808 --- [inventory-service] [http-nio-8082-exec-3] org.hibernate.orm.jdbc.bind              : binding parameter (1:BIGINT) <- [1]
2026-09-24T01:57:38.218+05:30  INFO 15808 --- [inventory-service] [http-nio-8082-exec-3] c.E.i.ServiceImpl.InventoryServiceImpl   : Reserved 5 units for product id: 1. Available: 95, reserved: 5
2026-09-24T01:57:38.225+05:30 DEBUG 15808 --- [inventory-service] [http-nio-8082-exec-3] org.hibernate.SQL                        : update inventory set available_quantity=?,product_id=?,reorder_level=?,reserved_quantity=?,version=? where id=? and version=?
2026-09-24T01:57:38.226+05:30 TRACE 15808 --- [inventory-service] [http-nio-8082-exec-3] org.hibernate.orm.jdbc.bind              : binding parameter (1:INTEGER) <- [95]
2026-09-24T01:57:38.226+05:30 TRACE 15808 --- [inventory-service] [http-nio-8082-exec-3] org.hibernate.orm.jdbc.bind              : binding parameter (2:BIGINT) <- [1]
2026-09-24T01:57:38.226+05:30 TRACE 15808 --- [inventory-service] [http-nio-8082-exec-3] org.hibernate.orm.jdbc.bind              : binding parameter (3:INTEGER) <- [10]
2026-09-24T01:57:38.226+05:30 TRACE 15808 --- [inventory-service] [http-nio-8082-exec-3] org.hibernate.orm.jdbc.bind              : binding parameter (4:INTEGER) <- [5]
2026-09-24T01:57:38.226+05:30 TRACE 15808 --- [inventory-service] [http-nio-8082-exec-3] org.hibernate.orm.jdbc.bind              : binding parameter (5:BIGINT) <- [1]
2026-09-24T01:57:38.226+05:30 TRACE 15808 --- [inventory-service] [http-nio-8082-exec-3] org.hibernate.orm.jdbc.bind              : binding parameter (6:BIGINT) <- [2]
2026-09-24T01:57:38.226+05:30 TRACE 15808 --- [inventory-service] [http-nio-8082-exec-3] org.hibernate.orm.jdbc.bind              : binding parameter (7:BIGINT) <- [0]
2026-09-24T01:57:38.240+05:30 DEBUG 15808 --- [inventory-service] [http-nio-8082-exec-5] org.hibernate.SQL                        : select i1_0.id,i1_0.available_quantity,i1_0.product_id,i1_0.reorder_level,i1_0.reserved_quantity,i1_0.version from inventory i1_0 where i1_0.product_id=? for update of i1_0
2026-09-24T01:57:38.241+05:30 TRACE 15808 --- [inventory-service] [http-nio-8082-exec-5] org.hibernate.orm.jdbc.bind              : binding parameter (1:BIGINT) <- [1]
2026-09-24T01:57:38.242+05:30  INFO 15808 --- [inventory-service] [http-nio-8082-exec-5] c.E.i.ServiceImpl.InventoryServiceImpl   : Released 5 units for product id: 1. Available: 100, reserved: 0
2026-09-24T01:57:38.242+05:30 DEBUG 15808 --- [inventory-service] [http-nio-8082-exec-5] org.hibernate.SQL                        : update inventory set available_quantity=?,product_id=?,reorder_level=?,reserved_quantity=?,version=? where id=? and version=?
2026-09-24T01:57:38.243+05:30 TRACE 15808 --- [inventory-service] [http-nio-8082-exec-5] org.hibernate.orm.jdbc.bind              : binding parameter (1:INTEGER) <- [100]
2026-09-24T01:57:38.243+05:30 TRACE 15808 --- [inventory-service] [http-nio-8082-exec-5] org.hibernate.orm.jdbc.bind              : binding parameter (2:BIGINT) <- [1]
2026-09-24T01:57:38.243+05:30 TRACE 15808 --- [inventory-service] [http-nio-8082-exec-5] org.hibernate.orm.jdbc.bind              : binding parameter (3:INTEGER) <- [10]
2026-09-24T01:57:38.243+05:30 TRACE 15808 --- [inventory-service] [http-nio-8082-exec-5] org.hibernate.orm.jdbc.bind              : binding parameter (4:INTEGER) <- [0]
2026-09-24T01:57:38.243+05:30 TRACE 15808 --- [inventory-service] [http-nio-8082-exec-5] org.hibernate.orm.jdbc.bind              : binding parameter (5:BIGINT) <- [2]
2026-09-24T01:57:38.243+05:30 TRACE 15808 --- [inventory-service] [http-nio-8082-exec-5] org.hibernate.orm.jdbc.bind              : binding parameter (6:BIGINT) <- [2]
2026-09-24T01:57:38.243+05:30 TRACE 15808 --- [inventory-service] [http-nio-8082-exec-5] org.hibernate.orm.jdbc.bind              : binding parameter (7:BIGINT) <- [1]
2026-09-24 02:01:15 WARN  [HikariPool-1:housekeeper] - HikariPool-1 - Thread starvation or clock leap detected (housekeeper delta=1m26s931ms190µs699ns).
2026-09-24 02:01:19 DEBUG [http-nio-8081-exec-7] - 
    select
        p1_0.id,
        p1_0.brand_id,
        p1_0.category_id,
        p1_0.created_at,
        p1_0.created_by,
        p1_0.deleted,
        p1_0.description,
        p1_0.discount,
        p1_0.featured,
        p1_0.price,
        p1_0.product_name,
        p1_0.rating,
        p1_0.review_count,
        p1_0.sku,
        p1_0.status,
        p1_0.thumbnail_url,
        p1_0.updated_at,
        p1_0.updated_by,
        p1_0.version 
    from
        product p1_0 
    where
        p1_0.id=?
2026-09-24 02:01:19 TRACE [http-nio-8081-exec-7] - binding parameter (1:BIGINT) <- [1]
2026-09-24 02:01:19 DEBUG [http-nio-8081-exec-3] - Creating product
2026-09-24 02:01:19 WARN  [http-nio-8081-exec-7] - HHH000247: ErrorCode: 1146, SQLState: 42S02
2026-09-24 02:01:19 WARN  [http-nio-8081-exec-7] - Table 'product_db.product' doesn't exist
2026-09-24 02:01:20 DEBUG [http-nio-8081-exec-3] - 
    select
        p1_0.id 
    from
        product p1_0 
    where
        p1_0.sku=? 
    limit
        ?
2026-09-24 02:01:20 TRACE [http-nio-8081-exec-3] - binding parameter (1:VARCHAR) <- [sk1-121011]
2026-09-24 02:01:20 TRACE [http-nio-8081-exec-3] - binding parameter (2:INTEGER) <- [1]
2026-09-24 02:01:20 WARN  [http-nio-8081-exec-3] - HHH000247: ErrorCode: 1146, SQLState: 42S02
2026-09-24 02:01:20 WARN  [http-nio-8081-exec-3] - Table 'product_db.product' doesn't exist
2026-09-24 02:01:20 ERROR [http-nio-8081-exec-3] - Database operation failed
org.springframework.dao.InvalidDataAccessResourceUsageException: JDBC exception executing SQL [Table 'product_db.product' doesn't exist] [select p1_0.id from product p1_0 where p1_0.sku=? limit ?]; SQL [select p1_0.id from product p1_0 where p1_0.sku=? limit ?]
	at org.springframework.orm.jpa.hibernate.HibernateExceptionTranslator.convertHibernateAccessException(HibernateExceptionTranslator.java:156)
	at org.springframework.orm.jpa.hibernate.HibernateExceptionTranslator.convertHibernateAccessException(HibernateExceptionTranslator.java:131)
	at org.springframework.orm.jpa.hibernate.HibernateExceptionTranslator.translateExceptionIfPossible(HibernateExceptionTranslator.java:105)
	at org.springframework.orm.jpa.vendor.HibernateJpaDialect.translateExceptionIfPossible(HibernateJpaDialect.java:223)
	at org.springframework.orm.jpa.AbstractEntityManagerFactoryBean.translateExceptionIfPossible(AbstractEntityManagerFactoryBean.java:577)
	at org.springframework.dao.support.ChainedPersistenceExceptionTranslator.translateExceptionIfPossible(ChainedPersistenceExceptionTranslator.java:61)
	at org.springframework.dao.support.DataAccessUtils.translateIfNecessary(DataAccessUtils.java:346)
	at org.springframework.dao.support.PersistenceExceptionTranslationInterceptor.invoke(PersistenceExceptionTranslationInterceptor.java:157)
	at org.springframework.aop.framework.ReflectiveMethodInvocation.proceed(ReflectiveMethodInvocation.java:179)
	at org.springframework.data.jpa.repository.support.CrudMethodMetadataPostProcessor$CrudMethodMetadataPopulatingMethodInterceptor.invoke(CrudMethodMetadataPostProcessor.java:137)
	at org.springframework.aop.framework.ReflectiveMethodInvocation.proceed(ReflectiveMethodInvocation.java:179)
	at org.springframework.aop.framework.JdkDynamicAopProxy.invoke(JdkDynamicAopProxy.java:222)
	at jdk.proxy2/jdk.proxy2.$Proxy157.existsBySku(Unknown Source)
	at com.ecom.ecom.ServiceImpl.ProductServiceImpl.createProduct(ProductServiceImpl.java:39)
	at java.base/jdk.internal.reflect.DirectMethodHandleAccessor.invoke(DirectMethodHandleAccessor.java:103)
	at java.base/java.lang.reflect.Method.invoke(Method.java:580)
	at org.springframework.aop.support.AopUtils.invokeJoinpointUsingReflection(AopUtils.java:359)
	at org.springframework.aop.framework.ReflectiveMethodInvocation.invokeJoinpoint(ReflectiveMethodInvocation.java:190)
	at org.springframework.aop.framework.ReflectiveMethodInvocation.proceed(ReflectiveMethodInvocation.java:158)
	at org.springframework.transaction.interceptor.TransactionInterceptor$1.proceedWithInvocation(TransactionInterceptor.java:133)
	at org.springframework.transaction.interceptor.TransactionAspectSupport.invokeWithinTransaction(TransactionAspectSupport.java:371)
	at org.springframework.transaction.interceptor.TransactionInterceptor.invoke(TransactionInterceptor.java:130)
	at org.springframework.aop.framework.ReflectiveMethodInvocation.proceed(ReflectiveMethodInvocation.java:179)
	at org.springframework.aop.framework.CglibAopProxy$DynamicAdvisedInterceptor.intercept(CglibAopProxy.java:719)
	at com.ecom.ecom.ServiceImpl.ProductServiceImpl$$SpringCGLIB$$0.createProduct(<generated>)
	at com.ecom.ecom.Controller.ProductController.createProduct(ProductController.java:104)
	at java.base/jdk.internal.reflect.DirectMethodHandleAccessor.invoke(DirectMethodHandleAccessor.java:103)
	at java.base/java.lang.reflect.Method.invoke(Method.java:580)
	at org.springframework.web.method.support.InvocableHandlerMethod.doInvoke(InvocableHandlerMethod.java:252)
	at org.springframework.web.method.support.InvocableHandlerMethod.invokeForRequest(InvocableHandlerMethod.java:184)
	at org.springframework.web.servlet.mvc.method.annotation.ServletInvocableHandlerMethod.invokeAndHandle(ServletInvocableHandlerMethod.java:117)
	at org.springframework.web.servlet.mvc.method.annotation.RequestMappingHandlerAdapter.invokeHandlerMethod(RequestMappingHandlerAdapter.java:934)
	at org.springframework.web.servlet.mvc.method.annotation.RequestMappingHandlerAdapter.handleInternal(RequestMappingHandlerAdapter.java:853)
	at org.springframework.web.servlet.mvc.method.AbstractHandlerMethodAdapter.handle(AbstractHandlerMethodAdapter.java:86)
	at org.springframework.web.servlet.DispatcherServlet.doDispatch(DispatcherServlet.java:963)
	at org.springframework.web.servlet.DispatcherServlet.doService(DispatcherServlet.java:866)
	at org.springframework.web.servlet.FrameworkServlet.processRequest(FrameworkServlet.java:1000)
	at org.springframework.web.servlet.FrameworkServlet.doPost(FrameworkServlet.java:903)
	at jakarta.servlet.http.HttpServlet.service(HttpServlet.java:649)
	at org.springframework.web.servlet.FrameworkServlet.service(FrameworkServlet.java:874)
	at jakarta.servlet.http.HttpServlet.service(HttpServlet.java:710)
	at org.apache.catalina.core.ApplicationFilterChain.doFilter(ApplicationFilterChain.java:132)
	at org.apache.tomcat.websocket.server.WsFilter.doFilter(WsFilter.java:59)
	at org.apache.catalina.core.ApplicationFilterChain.doFilter(ApplicationFilterChain.java:111)
	at org.springframework.web.filter.RequestContextFilter.doFilterInternal(RequestContextFilter.java:100)
	at org.springframework.web.filter.OncePerRequestFilter.doFilter(OncePerRequestFilter.java:116)
	at org.apache.catalina.core.ApplicationFilterChain.doFilter(ApplicationFilterChain.java:111)
	at org.springframework.web.filter.FormContentFilter.doFilterInternal(FormContentFilter.java:93)
	at org.springframework.web.filter.OncePerRequestFilter.doFilter(OncePerRequestFilter.java:116)
	at org.apache.catalina.core.ApplicationFilterChain.doFilter(ApplicationFilterChain.java:111)
	at org.springframework.web.filter.CharacterEncodingFilter.doFilterInternal(CharacterEncodingFilter.java:199)
	at org.springframework.web.filter.OncePerRequestFilter.doFilter(OncePerRequestFilter.java:116)
	at org.apache.catalina.core.ApplicationFilterChain.doFilter(ApplicationFilterChain.java:111)
	at org.apache.catalina.core.StandardWrapperValve.invoke(StandardWrapperValve.java:165)
	at org.apache.catalina.core.StandardContextValve.invoke(StandardContextValve.java:77)
	at org.apache.catalina.authenticator.AuthenticatorBase.invoke(AuthenticatorBase.java:535)
	at org.apache.catalina.core.StandardHostValve.invoke(StandardHostValve.java:115)
	at org.apache.catalina.valves.ErrorReportValve.invoke(ErrorReportValve.java:86)
	at org.apache.catalina.core.StandardEngineValve.invoke(StandardEngineValve.java:71)
	at org.apache.catalina.connector.CoyoteAdapter.service(CoyoteAdapter.java:347)
	at org.apache.coyote.http11.Http11Processor.service(Http11Processor.java:406)
	at org.apache.coyote.AbstractProcessorLight.process(AbstractProcessorLight.java:71)
	at org.apache.coyote.AbstractProtocol$ConnectionHandler.process(AbstractProtocol.java:1307)
	at org.apache.tomcat.util.net.NioEndpoint$SocketProcessor.doRun(NioEndpoint.java:2036)
	at org.apache.tomcat.util.net.SocketProcessorBase.run(SocketProcessorBase.java:74)
	at org.apache.tomcat.util.threads.ThreadPoolExecutor.runWorker(ThreadPoolExecutor.java:949)
	at org.apache.tomcat.util.threads.ThreadPoolExecutor$Worker.run(ThreadPoolExecutor.java:483)
	at org.apache.tomcat.util.threads.TaskThread$WrappingRunnable.run(TaskThread.java:74)
	at java.base/java.lang.Thread.run(Thread.java:1583)
Caused by: org.hibernate.exception.SQLGrammarException: JDBC exception executing SQL [Table 'product_db.product' doesn't exist] [select p1_0.id from product p1_0 where p1_0.sku=? limit ?]
	at org.hibernate.exception.internal.SQLExceptionTypeDelegate.convert(SQLExceptionTypeDelegate.java:64)
	at org.hibernate.exception.internal.StandardSQLExceptionConverter.convert(StandardSQLExceptionConverter.java:34)
	at org.hibernate.engine.jdbc.spi.SqlExceptionHelper.convert(SqlExceptionHelper.java:115)
	at org.hibernate.sql.results.jdbc.internal.DeferredResultSetAccess.executeQuery(DeferredResultSetAccess.java:290)
	at org.hibernate.sql.results.jdbc.internal.DeferredResultSetAccess.getResultSet(DeferredResultSetAccess.java:190)
	at org.hibernate.sql.results.jdbc.internal.JdbcValuesResultSetImpl.<init>(JdbcValuesResultSetImpl.java:71)
	at org.hibernate.sql.exec.internal.JdbcSelectExecutorStandardImpl.resolveJdbcValues(JdbcSelectExecutorStandardImpl.java:422)
	at org.hibernate.sql.exec.internal.JdbcSelectExecutorStandardImpl.resolveJdbcValuesSource(JdbcSelectExecutorStandardImpl.java:349)
	at org.hibernate.sql.exec.internal.JdbcSelectExecutorStandardImpl.doExecuteQuery(JdbcSelectExecutorStandardImpl.java:143)
	at org.hibernate.sql.exec.internal.JdbcSelectExecutorStandardImpl.executeQuery(JdbcSelectExecutorStandardImpl.java:100)
	at org.hibernate.sql.exec.spi.JdbcSelectExecutor.executeQuery(JdbcSelectExecutor.java:63)
	at org.hibernate.sql.exec.spi.JdbcSelectExecutor.list(JdbcSelectExecutor.java:137)
	at org.hibernate.query.sqm.internal.ConcreteSqmSelectQueryPlan.lambda$new$1(ConcreteSqmSelectQueryPlan.java:134)
	at org.hibernate.query.sqm.internal.ConcreteSqmSelectQueryPlan.withCacheableSqmInterpretation(ConcreteSqmSelectQueryPlan.java:463)
	at org.hibernate.query.sqm.internal.ConcreteSqmSelectQueryPlan.performList(ConcreteSqmSelectQueryPlan.java:391)
	at org.hibernate.query.sqm.internal.SqmQueryImpl.doList(SqmQueryImpl.java:374)
	at org.hibernate.query.spi.AbstractSelectionQuery.list(AbstractSelectionQuery.java:153)
	at org.hibernate.query.Query.getResultList(Query.java:121)
	at org.springframework.data.jpa.repository.query.JpaQueryExecution$ExistsExecution.doExecute(JpaQueryExecution.java:449)
	at org.springframework.data.jpa.repository.query.JpaQueryExecution.execute(JpaQueryExecution.java:100)
	at org.springframework.data.jpa.repository.query.AbstractJpaQuery.doExecute(AbstractJpaQuery.java:166)
	at org.springframework.data.jpa.repository.query.AbstractJpaQuery.execute(AbstractJpaQuery.java:156)
	at org.springframework.data.repository.core.support.RepositoryMethodInvoker.doInvoke(RepositoryMethodInvoker.java:169)
	at org.springframework.data.repository.core.support.RepositoryMethodInvoker.invoke(RepositoryMethodInvoker.java:158)
	at org.springframework.data.repository.core.support.QueryExecutorMethodInterceptor.doInvoke(QueryExecutorMethodInterceptor.java:167)
	at org.springframework.data.repository.core.support.QueryExecutorMethodInterceptor.invoke(QueryExecutorMethodInterceptor.java:146)
	at org.springframework.aop.framework.ReflectiveMethodInvocation.proceed(ReflectiveMethodInvocation.java:179)
	at org.springframework.data.projection.DefaultMethodInvokingMethodInterceptor.invoke(DefaultMethodInvokingMethodInterceptor.java:69)
	at org.springframework.aop.framework.ReflectiveMethodInvocation.proceed(ReflectiveMethodInvocation.java:179)
	at org.springframework.transaction.interceptor.TransactionInterceptor$1.proceedWithInvocation(TransactionInterceptor.java:133)
	at org.springframework.transaction.interceptor.TransactionAspectSupport.invokeWithinTransaction(TransactionAspectSupport.java:371)
	at org.springframework.transaction.interceptor.TransactionInterceptor.invoke(TransactionInterceptor.java:130)
	at org.springframework.aop.framework.ReflectiveMethodInvocation.proceed(ReflectiveMethodInvocation.java:179)
	at org.springframework.dao.support.PersistenceExceptionTranslationInterceptor.invoke(PersistenceExceptionTranslationInterceptor.java:135)
	... 61 common frames omitted
Caused by: java.sql.SQLSyntaxErrorException: Table 'product_db.product' doesn't exist
	at com.mysql.cj.jdbc.exceptions.SQLError.createSQLException(SQLError.java:112)
	at com.mysql.cj.jdbc.exceptions.SQLExceptionsMapping.translateException(SQLExceptionsMapping.java:114)
	at com.mysql.cj.jdbc.ClientPreparedStatement.executeInternal(ClientPreparedStatement.java:988)
	at com.mysql.cj.jdbc.ClientPreparedStatement.executeQuery(ClientPreparedStatement.java:1056)
	at com.zaxxer.hikari.pool.ProxyPreparedStatement.executeQuery(ProxyPreparedStatement.java:52)
	at com.zaxxer.hikari.pool.HikariProxyPreparedStatement.executeQuery(HikariProxyPreparedStatement.java)
	at org.hibernate.sql.results.jdbc.internal.DeferredResultSetAccess.executeQuery(DeferredResultSetAccess.java:271)
	... 91 common frames omitted
2026-09-24 02:01:20 ERROR [http-nio-8081-exec-7] - Database operation failed
org.springframework.dao.InvalidDataAccessResourceUsageException: JDBC exception executing SQL [Table 'product_db.product' doesn't exist] [select p1_0.id,p1_0.brand_id,p1_0.category_id,p1_0.created_at,p1_0.created_by,p1_0.deleted,p1_0.description,p1_0.discount,p1_0.featured,p1_0.price,p1_0.product_name,p1_0.rating,p1_0.review_count,p1_0.sku,p1_0.status,p1_0.thumbnail_url,p1_0.updated_at,p1_0.updated_by,p1_0.version from product p1_0 where p1_0.id=?]; SQL [select p1_0.id,p1_0.brand_id,p1_0.category_id,p1_0.created_at,p1_0.created_by,p1_0.deleted,p1_0.description,p1_0.discount,p1_0.featured,p1_0.price,p1_0.product_name,p1_0.rating,p1_0.review_count,p1_0.sku,p1_0.status,p1_0.thumbnail_url,p1_0.updated_at,p1_0.updated_by,p1_0.version from product p1_0 where p1_0.id=?]
	at org.springframework.orm.jpa.hibernate.HibernateExceptionTranslator.convertHibernateAccessException(HibernateExceptionTranslator.java:156)
	at org.springframework.orm.jpa.hibernate.HibernateExceptionTranslator.convertHibernateAccessException(HibernateExceptionTranslator.java:131)
	at org.springframework.orm.jpa.hibernate.HibernateExceptionTranslator.translateExceptionIfPossible(HibernateExceptionTranslator.java:105)
	at org.springframework.orm.jpa.vendor.HibernateJpaDialect.translateExceptionIfPossible(HibernateJpaDialect.java:223)
	at org.springframework.orm.jpa.AbstractEntityManagerFactoryBean.translateExceptionIfPossible(AbstractEntityManagerFactoryBean.java:577)
	at org.springframework.dao.support.ChainedPersistenceExceptionTranslator.translateExceptionIfPossible(ChainedPersistenceExceptionTranslator.java:61)
	at org.springframework.dao.support.DataAccessUtils.translateIfNecessary(DataAccessUtils.java:346)
	at org.springframework.dao.support.PersistenceExceptionTranslationInterceptor.invoke(PersistenceExceptionTranslationInterceptor.java:157)
	at org.springframework.aop.framework.ReflectiveMethodInvocation.proceed(ReflectiveMethodInvocation.java:179)
	at org.springframework.data.jpa.repository.support.CrudMethodMetadataPostProcessor$CrudMethodMetadataPopulatingMethodInterceptor.invoke(CrudMethodMetadataPostProcessor.java:166)
	at org.springframework.aop.framework.ReflectiveMethodInvocation.proceed(ReflectiveMethodInvocation.java:179)
	at org.springframework.aop.framework.JdkDynamicAopProxy.invoke(JdkDynamicAopProxy.java:222)
	at jdk.proxy2/jdk.proxy2.$Proxy157.findById(Unknown Source)
	at com.ecom.ecom.ServiceImpl.ProductServiceImpl.getProductById(ProductServiceImpl.java:223)
	at java.base/jdk.internal.reflect.DirectMethodHandleAccessor.invoke(DirectMethodHandleAccessor.java:103)
	at java.base/java.lang.reflect.Method.invoke(Method.java:580)
	at org.springframework.aop.support.AopUtils.invokeJoinpointUsingReflection(AopUtils.java:359)
	at org.springframework.aop.framework.ReflectiveMethodInvocation.invokeJoinpoint(ReflectiveMethodInvocation.java:190)
	at org.springframework.aop.framework.ReflectiveMethodInvocation.proceed(ReflectiveMethodInvocation.java:158)
	at org.springframework.transaction.interceptor.TransactionInterceptor$1.proceedWithInvocation(TransactionInterceptor.java:133)
	at org.springframework.transaction.interceptor.TransactionAspectSupport.invokeWithinTransaction(TransactionAspectSupport.java:371)
	at org.springframework.transaction.interceptor.TransactionInterceptor.invoke(TransactionInterceptor.java:130)
	at org.springframework.aop.framework.ReflectiveMethodInvocation.proceed(ReflectiveMethodInvocation.java:179)
	at org.springframework.aop.framework.CglibAopProxy$DynamicAdvisedInterceptor.intercept(CglibAopProxy.java:719)
	at com.ecom.ecom.ServiceImpl.ProductServiceImpl$$SpringCGLIB$$0.getProductById(<generated>)
	at com.ecom.ecom.Controller.ProductController.getProductById(ProductController.java:420)
	at java.base/jdk.internal.reflect.DirectMethodHandleAccessor.invoke(DirectMethodHandleAccessor.java:103)
	at java.base/java.lang.reflect.Method.invoke(Method.java:580)
	at org.springframework.web.method.support.InvocableHandlerMethod.doInvoke(InvocableHandlerMethod.java:252)
	at org.springframework.web.method.support.InvocableHandlerMethod.invokeForRequest(InvocableHandlerMethod.java:184)
	at org.springframework.web.servlet.mvc.method.annotation.ServletInvocableHandlerMethod.invokeAndHandle(ServletInvocableHandlerMethod.java:117)
	at org.springframework.web.servlet.mvc.method.annotation.RequestMappingHandlerAdapter.invokeHandlerMethod(RequestMappingHandlerAdapter.java:934)
	at org.springframework.web.servlet.mvc.method.annotation.RequestMappingHandlerAdapter.handleInternal(RequestMappingHandlerAdapter.java:853)
	at org.springframework.web.servlet.mvc.method.AbstractHandlerMethodAdapter.handle(AbstractHandlerMethodAdapter.java:86)
	at org.springframework.web.servlet.DispatcherServlet.doDispatch(DispatcherServlet.java:963)
	at org.springframework.web.servlet.DispatcherServlet.doService(DispatcherServlet.java:866)
	at org.springframework.web.servlet.FrameworkServlet.processRequest(FrameworkServlet.java:1000)
	at org.springframework.web.servlet.FrameworkServlet.doGet(FrameworkServlet.java:892)
	at jakarta.servlet.http.HttpServlet.service(HttpServlet.java:622)
	at org.springframework.web.servlet.FrameworkServlet.service(FrameworkServlet.java:874)
	at jakarta.servlet.http.HttpServlet.service(HttpServlet.java:710)
	at org.apache.catalina.core.ApplicationFilterChain.doFilter(ApplicationFilterChain.java:132)
	at org.apache.tomcat.websocket.server.WsFilter.doFilter(WsFilter.java:59)
	at org.apache.catalina.core.ApplicationFilterChain.doFilter(ApplicationFilterChain.java:111)
	at org.springframework.web.filter.RequestContextFilter.doFilterInternal(RequestContextFilter.java:100)
	at org.springframework.web.filter.OncePerRequestFilter.doFilter(OncePerRequestFilter.java:116)
	at org.apache.catalina.core.ApplicationFilterChain.doFilter(ApplicationFilterChain.java:111)
	at org.springframework.web.filter.FormContentFilter.doFilterInternal(FormContentFilter.java:93)
	at org.springframework.web.filter.OncePerRequestFilter.doFilter(OncePerRequestFilter.java:116)
	at org.apache.catalina.core.ApplicationFilterChain.doFilter(ApplicationFilterChain.java:111)
	at org.springframework.web.filter.CharacterEncodingFilter.doFilterInternal(CharacterEncodingFilter.java:199)
	at org.springframework.web.filter.OncePerRequestFilter.doFilter(OncePerRequestFilter.java:116)
	at org.apache.catalina.core.ApplicationFilterChain.doFilter(ApplicationFilterChain.java:111)
	at org.apache.catalina.core.StandardWrapperValve.invoke(StandardWrapperValve.java:165)
	at org.apache.catalina.core.StandardContextValve.invoke(StandardContextValve.java:77)
	at org.apache.catalina.authenticator.AuthenticatorBase.invoke(AuthenticatorBase.java:535)
	at org.apache.catalina.core.StandardHostValve.invoke(StandardHostValve.java:115)
	at org.apache.catalina.valves.ErrorReportValve.invoke(ErrorReportValve.java:86)
	at org.apache.catalina.core.StandardEngineValve.invoke(StandardEngineValve.java:71)
	at org.apache.catalina.connector.CoyoteAdapter.service(CoyoteAdapter.java:347)
	at org.apache.coyote.http11.Http11Processor.service(Http11Processor.java:406)
	at org.apache.coyote.AbstractProcessorLight.process(AbstractProcessorLight.java:71)
	at org.apache.coyote.AbstractProtocol$ConnectionHandler.process(AbstractProtocol.java:1307)
	at org.apache.tomcat.util.net.NioEndpoint$SocketProcessor.doRun(NioEndpoint.java:2036)
	at org.apache.tomcat.util.net.SocketProcessorBase.run(SocketProcessorBase.java:74)
	at org.apache.tomcat.util.threads.ThreadPoolExecutor.runWorker(ThreadPoolExecutor.java:949)
	at org.apache.tomcat.util.threads.ThreadPoolExecutor$Worker.run(ThreadPoolExecutor.java:483)
	at org.apache.tomcat.util.threads.TaskThread$WrappingRunnable.run(TaskThread.java:74)
	at java.base/java.lang.Thread.run(Thread.java:1583)
Caused by: org.hibernate.exception.SQLGrammarException: JDBC exception executing SQL [Table 'product_db.product' doesn't exist] [select p1_0.id,p1_0.brand_id,p1_0.category_id,p1_0.created_at,p1_0.created_by,p1_0.deleted,p1_0.description,p1_0.discount,p1_0.featured,p1_0.price,p1_0.product_name,p1_0.rating,p1_0.review_count,p1_0.sku,p1_0.status,p1_0.thumbnail_url,p1_0.updated_at,p1_0.updated_by,p1_0.version from product p1_0 where p1_0.id=?]
	at org.hibernate.exception.internal.SQLExceptionTypeDelegate.convert(SQLExceptionTypeDelegate.java:64)
	at org.hibernate.exception.internal.StandardSQLExceptionConverter.convert(StandardSQLExceptionConverter.java:34)
	at org.hibernate.engine.jdbc.spi.SqlExceptionHelper.convert(SqlExceptionHelper.java:115)
	at org.hibernate.sql.results.jdbc.internal.DeferredResultSetAccess.executeQuery(DeferredResultSetAccess.java:290)
	at org.hibernate.sql.results.jdbc.internal.DeferredResultSetAccess.getResultSet(DeferredResultSetAccess.java:190)
	at org.hibernate.sql.results.jdbc.internal.JdbcValuesResultSetImpl.<init>(JdbcValuesResultSetImpl.java:71)
	at org.hibernate.sql.exec.internal.JdbcSelectExecutorStandardImpl.resolveJdbcValues(JdbcSelectExecutorStandardImpl.java:422)
	at org.hibernate.sql.exec.internal.JdbcSelectExecutorStandardImpl.resolveJdbcValuesSource(JdbcSelectExecutorStandardImpl.java:349)
	at org.hibernate.sql.exec.internal.JdbcSelectExecutorStandardImpl.doExecuteQuery(JdbcSelectExecutorStandardImpl.java:143)
	at org.hibernate.sql.exec.internal.JdbcSelectExecutorStandardImpl.executeQuery(JdbcSelectExecutorStandardImpl.java:100)
	at org.hibernate.sql.exec.spi.JdbcSelectExecutor.executeQuery(JdbcSelectExecutor.java:63)
	at org.hibernate.sql.exec.spi.JdbcSelectExecutor.list(JdbcSelectExecutor.java:137)
	at org.hibernate.loader.ast.internal.SingleIdLoadPlan.load(SingleIdLoadPlan.java:139)
	at org.hibernate.loader.ast.internal.SingleIdLoadPlan.load(SingleIdLoadPlan.java:111)
	at org.hibernate.loader.ast.internal.SingleIdEntityLoaderStandardImpl.load(SingleIdEntityLoaderStandardImpl.java:63)
	at org.hibernate.persister.entity.AbstractEntityPersister.doLoad(AbstractEntityPersister.java:3566)
	at org.hibernate.persister.entity.AbstractEntityPersister.load(AbstractEntityPersister.java:3555)
	at org.hibernate.event.internal.DefaultLoadEventListener.loadFromDatasource(DefaultLoadEventListener.java:576)
	at org.hibernate.event.internal.DefaultLoadEventListener.loadFromCacheOrDatasource(DefaultLoadEventListener.java:550)
	at org.hibernate.event.internal.DefaultLoadEventListener.load(DefaultLoadEventListener.java:534)
	at org.hibernate.event.internal.DefaultLoadEventListener.doLoad(DefaultLoadEventListener.java:520)
	at org.hibernate.event.internal.DefaultLoadEventListener.load(DefaultLoadEventListener.java:186)
	at org.hibernate.event.internal.DefaultLoadEventListener.loadWithRegularProxy(DefaultLoadEventListener.java:267)
	at org.hibernate.event.internal.DefaultLoadEventListener.proxyOrLoad(DefaultLoadEventListener.java:219)
	at org.hibernate.event.internal.DefaultLoadEventListener.doOnLoad(DefaultLoadEventListener.java:96)
	at org.hibernate.event.internal.DefaultLoadEventListener.onLoad(DefaultLoadEventListener.java:55)
	at org.hibernate.event.service.internal.EventListenerGroupImpl.fireEventOnEachListener(EventListenerGroupImpl.java:149)
	at org.hibernate.internal.SessionImpl.fireLoadNoChecks(SessionImpl.java:1308)
	at org.hibernate.internal.SessionImpl.fireLoad(SessionImpl.java:1295)
	at org.hibernate.internal.SessionImpl.load(SessionImpl.java:1278)
	at org.hibernate.loader.internal.IdentifierLoadAccessImpl.doLoad(IdentifierLoadAccessImpl.java:178)
	at org.hibernate.loader.internal.IdentifierLoadAccessImpl.lambda$load$0(IdentifierLoadAccessImpl.java:164)
	at org.hibernate.loader.internal.IdentifierLoadAccessImpl.perform(IdentifierLoadAccessImpl.java:127)
	at org.hibernate.loader.internal.IdentifierLoadAccessImpl.load(IdentifierLoadAccessImpl.java:164)
	at org.hibernate.internal.SessionImpl.find(SessionImpl.java:2203)
	at org.hibernate.internal.SessionImpl.find(SessionImpl.java:2177)
	at java.base/jdk.internal.reflect.DirectMethodHandleAccessor.invoke(DirectMethodHandleAccessor.java:103)
	at java.base/java.lang.reflect.Method.invoke(Method.java:580)
	at org.springframework.orm.jpa.ExtendedEntityManagerCreator$ExtendedEntityManagerInvocationHandler.invoke(ExtendedEntityManagerCreator.java:360)
	at jdk.proxy2/jdk.proxy2.$Proxy140.find(Unknown Source)
	at java.base/jdk.internal.reflect.DirectMethodHandleAccessor.invoke(DirectMethodHandleAccessor.java:103)
	at java.base/java.lang.reflect.Method.invoke(Method.java:580)
	at org.springframework.orm.jpa.SharedEntityManagerCreator$SharedEntityHandlerInvocationHandler.invokeMethod(SharedEntityManagerCreator.java:239)
	at org.springframework.orm.jpa.SharedEntityManagerCreator$SharedEntityManagerInvocationHandler.invoke(SharedEntityManagerCreator.java:392)
	at jdk.proxy2/jdk.proxy2.$Proxy140.find(Unknown Source)
	at org.springframework.data.jpa.repository.support.SimpleJpaRepository.findById(SimpleJpaRepository.java:342)
	at java.base/jdk.internal.reflect.DirectMethodHandleAccessor.invoke(DirectMethodHandleAccessor.java:103)
	at java.base/java.lang.reflect.Method.invoke(Method.java:580)
	at org.springframework.aop.support.AopUtils.invokeJoinpointUsingReflection(AopUtils.java:359)
	at org.springframework.data.repository.core.support.RepositoryMethodInvoker$RepositoryFragmentMethodInvoker.lambda$new$0(RepositoryMethodInvoker.java:278)
	at org.springframework.data.repository.core.support.RepositoryMethodInvoker.doInvoke(RepositoryMethodInvoker.java:169)
	at org.springframework.data.repository.core.support.RepositoryMethodInvoker.invoke(RepositoryMethodInvoker.java:158)
	at org.springframework.data.repository.core.support.RepositoryComposition$RepositoryFragments.invoke(RepositoryComposition.java:545)
	at org.springframework.data.repository.core.support.RepositoryComposition.invoke(RepositoryComposition.java:290)
	at org.springframework.data.repository.core.support.RepositoryFactorySupport$ImplementationMethodExecutionInterceptor.invoke(RepositoryFactorySupport.java:690)
	at org.springframework.aop.framework.ReflectiveMethodInvocation.proceed(ReflectiveMethodInvocation.java:179)
	at org.springframework.data.repository.core.support.QueryExecutorMethodInterceptor.doInvoke(QueryExecutorMethodInterceptor.java:171)
	at org.springframework.data.repository.core.support.QueryExecutorMethodInterceptor.invoke(QueryExecutorMethodInterceptor.java:146)
	at org.springframework.aop.framework.ReflectiveMethodInvocation.proceed(ReflectiveMethodInvocation.java:179)
	at org.springframework.data.projection.DefaultMethodInvokingMethodInterceptor.invoke(DefaultMethodInvokingMethodInterceptor.java:69)
	at org.springframework.aop.framework.ReflectiveMethodInvocation.proceed(ReflectiveMethodInvocation.java:179)
	at org.springframework.transaction.interceptor.TransactionInterceptor$1.proceedWithInvocation(TransactionInterceptor.java:133)
	at org.springframework.transaction.interceptor.TransactionAspectSupport.invokeWithinTransaction(TransactionAspectSupport.java:371)
	at org.springframework.transaction.interceptor.TransactionInterceptor.invoke(TransactionInterceptor.java:130)
	at org.springframework.aop.framework.ReflectiveMethodInvocation.proceed(ReflectiveMethodInvocation.java:179)
	at org.springframework.dao.support.PersistenceExceptionTranslationInterceptor.invoke(PersistenceExceptionTranslationInterceptor.java:135)
	... 61 common frames omitted
Caused by: java.sql.SQLSyntaxErrorException: Table 'product_db.product' doesn't exist
	at com.mysql.cj.jdbc.exceptions.SQLError.createSQLException(SQLError.java:112)
	at com.mysql.cj.jdbc.exceptions.SQLExceptionsMapping.translateException(SQLExceptionsMapping.java:114)
	at com.mysql.cj.jdbc.ClientPreparedStatement.executeInternal(ClientPreparedStatement.java:988)
	at com.mysql.cj.jdbc.ClientPreparedStatement.executeQuery(ClientPreparedStatement.java:1056)
	at com.zaxxer.hikari.pool.ProxyPreparedStatement.executeQuery(ProxyPreparedStatement.java:52)
	at com.zaxxer.hikari.pool.HikariProxyPreparedStatement.executeQuery(HikariProxyPreparedStatement.java)
	at org.hibernate.sql.results.jdbc.internal.DeferredResultSetAccess.executeQuery(DeferredResultSetAccess.java:271)
	... 123 common frames omitted
2026-09-24 02:02:26 DEBUG [http-nio-8081-exec-9] - Creating product
2026-09-24 02:02:26 DEBUG [http-nio-8081-exec-9] - 
    select
        p1_0.id 
    from
        product p1_0 
    where
        p1_0.sku=? 
    limit
        ?
2026-09-24 02:02:26 TRACE [http-nio-8081-exec-9] - binding parameter (1:VARCHAR) <- [sk1-121011]
2026-09-24 02:02:26 TRACE [http-nio-8081-exec-9] - binding parameter (2:INTEGER) <- [1]
2026-09-24 02:02:26 WARN  [http-nio-8081-exec-9] - HHH000247: ErrorCode: 1146, SQLState: 42S02
2026-09-24 02:02:26 WARN  [http-nio-8081-exec-9] - Table 'product_db.product' doesn't exist
2026-09-24 02:02:26 ERROR [http-nio-8081-exec-9] - Database operation failed
org.springframework.dao.InvalidDataAccessResourceUsageException: JDBC exception executing SQL [Table 'product_db.product' doesn't exist] [select p1_0.id from product p1_0 where p1_0.sku=? limit ?]; SQL [select p1_0.id from product p1_0 where p1_0.sku=? limit ?]
	at org.springframework.orm.jpa.hibernate.HibernateExceptionTranslator.convertHibernateAccessException(HibernateExceptionTranslator.java:156)
	at org.springframework.orm.jpa.hibernate.HibernateExceptionTranslator.convertHibernateAccessException(HibernateExceptionTranslator.java:131)
	at org.springframework.orm.jpa.hibernate.HibernateExceptionTranslator.translateExceptionIfPossible(HibernateExceptionTranslator.java:105)
	at org.springframework.orm.jpa.vendor.HibernateJpaDialect.translateExceptionIfPossible(HibernateJpaDialect.java:223)
	at org.springframework.orm.jpa.AbstractEntityManagerFactoryBean.translateExceptionIfPossible(AbstractEntityManagerFactoryBean.java:577)
	at org.springframework.dao.support.ChainedPersistenceExceptionTranslator.translateExceptionIfPossible(ChainedPersistenceExceptionTranslator.java:61)
	at org.springframework.dao.support.DataAccessUtils.translateIfNecessary(DataAccessUtils.java:346)
	at org.springframework.dao.support.PersistenceExceptionTranslationInterceptor.invoke(PersistenceExceptionTranslationInterceptor.java:157)
	at org.springframework.aop.framework.ReflectiveMethodInvocation.proceed(ReflectiveMethodInvocation.java:179)
	at org.springframework.data.jpa.repository.support.CrudMethodMetadataPostProcessor$CrudMethodMetadataPopulatingMethodInterceptor.invoke(CrudMethodMetadataPostProcessor.java:137)
	at org.springframework.aop.framework.ReflectiveMethodInvocation.proceed(ReflectiveMethodInvocation.java:179)
	at org.springframework.aop.framework.JdkDynamicAopProxy.invoke(JdkDynamicAopProxy.java:222)
	at jdk.proxy2/jdk.proxy2.$Proxy157.existsBySku(Unknown Source)
	at com.ecom.ecom.ServiceImpl.ProductServiceImpl.createProduct(ProductServiceImpl.java:39)
	at java.base/jdk.internal.reflect.DirectMethodHandleAccessor.invoke(DirectMethodHandleAccessor.java:103)
	at java.base/java.lang.reflect.Method.invoke(Method.java:580)
	at org.springframework.aop.support.AopUtils.invokeJoinpointUsingReflection(AopUtils.java:359)
	at org.springframework.aop.framework.ReflectiveMethodInvocation.invokeJoinpoint(ReflectiveMethodInvocation.java:190)
	at org.springframework.aop.framework.ReflectiveMethodInvocation.proceed(ReflectiveMethodInvocation.java:158)
	at org.springframework.transaction.interceptor.TransactionInterceptor$1.proceedWithInvocation(TransactionInterceptor.java:133)
	at org.springframework.transaction.interceptor.TransactionAspectSupport.invokeWithinTransaction(TransactionAspectSupport.java:371)
	at org.springframework.transaction.interceptor.TransactionInterceptor.invoke(TransactionInterceptor.java:130)
	at org.springframework.aop.framework.ReflectiveMethodInvocation.proceed(ReflectiveMethodInvocation.java:179)
	at org.springframework.aop.framework.CglibAopProxy$DynamicAdvisedInterceptor.intercept(CglibAopProxy.java:719)
	at com.ecom.ecom.ServiceImpl.ProductServiceImpl$$SpringCGLIB$$0.createProduct(<generated>)
	at com.ecom.ecom.Controller.ProductController.createProduct(ProductController.java:104)
	at java.base/jdk.internal.reflect.DirectMethodHandleAccessor.invoke(DirectMethodHandleAccessor.java:103)
	at java.base/java.lang.reflect.Method.invoke(Method.java:580)
	at org.springframework.web.method.support.InvocableHandlerMethod.doInvoke(InvocableHandlerMethod.java:252)
	at org.springframework.web.method.support.InvocableHandlerMethod.invokeForRequest(InvocableHandlerMethod.java:184)
	at org.springframework.web.servlet.mvc.method.annotation.ServletInvocableHandlerMethod.invokeAndHandle(ServletInvocableHandlerMethod.java:117)
	at org.springframework.web.servlet.mvc.method.annotation.RequestMappingHandlerAdapter.invokeHandlerMethod(RequestMappingHandlerAdapter.java:934)
	at org.springframework.web.servlet.mvc.method.annotation.RequestMappingHandlerAdapter.handleInternal(RequestMappingHandlerAdapter.java:853)
	at org.springframework.web.servlet.mvc.method.AbstractHandlerMethodAdapter.handle(AbstractHandlerMethodAdapter.java:86)
	at org.springframework.web.servlet.DispatcherServlet.doDispatch(DispatcherServlet.java:963)
	at org.springframework.web.servlet.DispatcherServlet.doService(DispatcherServlet.java:866)
	at org.springframework.web.servlet.FrameworkServlet.processRequest(FrameworkServlet.java:1000)
	at org.springframework.web.servlet.FrameworkServlet.doPost(FrameworkServlet.java:903)
	at jakarta.servlet.http.HttpServlet.service(HttpServlet.java:649)
	at org.springframework.web.servlet.FrameworkServlet.service(FrameworkServlet.java:874)
	at jakarta.servlet.http.HttpServlet.service(HttpServlet.java:710)
	at org.apache.catalina.core.ApplicationFilterChain.doFilter(ApplicationFilterChain.java:132)
	at org.apache.tomcat.websocket.server.WsFilter.doFilter(WsFilter.java:59)
	at org.apache.catalina.core.ApplicationFilterChain.doFilter(ApplicationFilterChain.java:111)
	at org.springframework.web.filter.RequestContextFilter.doFilterInternal(RequestContextFilter.java:100)
	at org.springframework.web.filter.OncePerRequestFilter.doFilter(OncePerRequestFilter.java:116)
	at org.apache.catalina.core.ApplicationFilterChain.doFilter(ApplicationFilterChain.java:111)
	at org.springframework.web.filter.FormContentFilter.doFilterInternal(FormContentFilter.java:93)
	at org.springframework.web.filter.OncePerRequestFilter.doFilter(OncePerRequestFilter.java:116)
	at org.apache.catalina.core.ApplicationFilterChain.doFilter(ApplicationFilterChain.java:111)
	at org.springframework.web.filter.CharacterEncodingFilter.doFilterInternal(CharacterEncodingFilter.java:199)
	at org.springframework.web.filter.OncePerRequestFilter.doFilter(OncePerRequestFilter.java:116)
	at org.apache.catalina.core.ApplicationFilterChain.doFilter(ApplicationFilterChain.java:111)
	at org.apache.catalina.core.StandardWrapperValve.invoke(StandardWrapperValve.java:165)
	at org.apache.catalina.core.StandardContextValve.invoke(StandardContextValve.java:77)
	at org.apache.catalina.authenticator.AuthenticatorBase.invoke(AuthenticatorBase.java:535)
	at org.apache.catalina.core.StandardHostValve.invoke(StandardHostValve.java:115)
	at org.apache.catalina.valves.ErrorReportValve.invoke(ErrorReportValve.java:86)
	at org.apache.catalina.core.StandardEngineValve.invoke(StandardEngineValve.java:71)
	at org.apache.catalina.connector.CoyoteAdapter.service(CoyoteAdapter.java:347)
	at org.apache.coyote.http11.Http11Processor.service(Http11Processor.java:406)
	at org.apache.coyote.AbstractProcessorLight.process(AbstractProcessorLight.java:71)
	at org.apache.coyote.AbstractProtocol$ConnectionHandler.process(AbstractProtocol.java:1307)
	at org.apache.tomcat.util.net.NioEndpoint$SocketProcessor.doRun(NioEndpoint.java:2036)
	at org.apache.tomcat.util.net.SocketProcessorBase.run(SocketProcessorBase.java:74)
	at org.apache.tomcat.util.threads.ThreadPoolExecutor.runWorker(ThreadPoolExecutor.java:949)
	at org.apache.tomcat.util.threads.ThreadPoolExecutor$Worker.run(ThreadPoolExecutor.java:483)
	at org.apache.tomcat.util.threads.TaskThread$WrappingRunnable.run(TaskThread.java:74)
	at java.base/java.lang.Thread.run(Thread.java:1583)
Caused by: org.hibernate.exception.SQLGrammarException: JDBC exception executing SQL [Table 'product_db.product' doesn't exist] [select p1_0.id from product p1_0 where p1_0.sku=? limit ?]
	at org.hibernate.exception.internal.SQLExceptionTypeDelegate.convert(SQLExceptionTypeDelegate.java:64)
	at org.hibernate.exception.internal.StandardSQLExceptionConverter.convert(StandardSQLExceptionConverter.java:34)
	at org.hibernate.engine.jdbc.spi.SqlExceptionHelper.convert(SqlExceptionHelper.java:115)
	at org.hibernate.sql.results.jdbc.internal.DeferredResultSetAccess.executeQuery(DeferredResultSetAccess.java:290)
	at org.hibernate.sql.results.jdbc.internal.DeferredResultSetAccess.getResultSet(DeferredResultSetAccess.java:190)
	at org.hibernate.sql.results.jdbc.internal.JdbcValuesResultSetImpl.<init>(JdbcValuesResultSetImpl.java:71)
	at org.hibernate.sql.exec.internal.JdbcSelectExecutorStandardImpl.resolveJdbcValues(JdbcSelectExecutorStandardImpl.java:422)
	at org.hibernate.sql.exec.internal.JdbcSelectExecutorStandardImpl.resolveJdbcValuesSource(JdbcSelectExecutorStandardImpl.java:349)
	at org.hibernate.sql.exec.internal.JdbcSelectExecutorStandardImpl.doExecuteQuery(JdbcSelectExecutorStandardImpl.java:143)
	at org.hibernate.sql.exec.internal.JdbcSelectExecutorStandardImpl.executeQuery(JdbcSelectExecutorStandardImpl.java:100)
	at org.hibernate.sql.exec.spi.JdbcSelectExecutor.executeQuery(JdbcSelectExecutor.java:63)
	at org.hibernate.sql.exec.spi.JdbcSelectExecutor.list(JdbcSelectExecutor.java:137)
	at org.hibernate.query.sqm.internal.ConcreteSqmSelectQueryPlan.lambda$new$1(ConcreteSqmSelectQueryPlan.java:134)
	at org.hibernate.query.sqm.internal.ConcreteSqmSelectQueryPlan.withCacheableSqmInterpretation(ConcreteSqmSelectQueryPlan.java:463)
	at org.hibernate.query.sqm.internal.ConcreteSqmSelectQueryPlan.performList(ConcreteSqmSelectQueryPlan.java:391)
	at org.hibernate.query.sqm.internal.SqmQueryImpl.doList(SqmQueryImpl.java:374)
	at org.hibernate.query.spi.AbstractSelectionQuery.list(AbstractSelectionQuery.java:153)
	at org.hibernate.query.Query.getResultList(Query.java:121)
	at org.springframework.data.jpa.repository.query.JpaQueryExecution$ExistsExecution.doExecute(JpaQueryExecution.java:449)
	at org.springframework.data.jpa.repository.query.JpaQueryExecution.execute(JpaQueryExecution.java:100)
	at org.springframework.data.jpa.repository.query.AbstractJpaQuery.doExecute(AbstractJpaQuery.java:166)
	at org.springframework.data.jpa.repository.query.AbstractJpaQuery.execute(AbstractJpaQuery.java:156)
	at org.springframework.data.repository.core.support.RepositoryMethodInvoker.doInvoke(RepositoryMethodInvoker.java:169)
	at org.springframework.data.repository.core.support.RepositoryMethodInvoker.invoke(RepositoryMethodInvoker.java:158)
	at org.springframework.data.repository.core.support.QueryExecutorMethodInterceptor.doInvoke(QueryExecutorMethodInterceptor.java:167)
	at org.springframework.data.repository.core.support.QueryExecutorMethodInterceptor.invoke(QueryExecutorMethodInterceptor.java:146)
	at org.springframework.aop.framework.ReflectiveMethodInvocation.proceed(ReflectiveMethodInvocation.java:179)
	at org.springframework.data.projection.DefaultMethodInvokingMethodInterceptor.invoke(DefaultMethodInvokingMethodInterceptor.java:69)
	at org.springframework.aop.framework.ReflectiveMethodInvocation.proceed(ReflectiveMethodInvocation.java:179)
	at org.springframework.transaction.interceptor.TransactionInterceptor$1.proceedWithInvocation(TransactionInterceptor.java:133)
	at org.springframework.transaction.interceptor.TransactionAspectSupport.invokeWithinTransaction(TransactionAspectSupport.java:371)
	at org.springframework.transaction.interceptor.TransactionInterceptor.invoke(TransactionInterceptor.java:130)
	at org.springframework.aop.framework.ReflectiveMethodInvocation.proceed(ReflectiveMethodInvocation.java:179)
	at org.springframework.dao.support.PersistenceExceptionTranslationInterceptor.invoke(PersistenceExceptionTranslationInterceptor.java:135)
	... 61 common frames omitted
Caused by: java.sql.SQLSyntaxErrorException: Table 'product_db.product' doesn't exist
	at com.mysql.cj.jdbc.exceptions.SQLError.createSQLException(SQLError.java:112)
	at com.mysql.cj.jdbc.exceptions.SQLExceptionsMapping.translateException(SQLExceptionsMapping.java:114)
	at com.mysql.cj.jdbc.ClientPreparedStatement.executeInternal(ClientPreparedStatement.java:988)
	at com.mysql.cj.jdbc.ClientPreparedStatement.executeQuery(ClientPreparedStatement.java:1056)
	at com.zaxxer.hikari.pool.ProxyPreparedStatement.executeQuery(ProxyPreparedStatement.java:52)
	at com.zaxxer.hikari.pool.HikariProxyPreparedStatement.executeQuery(HikariProxyPreparedStatement.java)
	at org.hibernate.sql.results.jdbc.internal.DeferredResultSetAccess.executeQuery(DeferredResultSetAccess.java:271)
	... 91 common frames omitted
2026-09-24 02:03:27 INFO  [SpringApplicationShutdownHook] - Commencing graceful shutdown. Waiting for active requests to complete
2026-09-24 02:03:27 INFO  [tomcat-shutdown] - Graceful shutdown complete
2026-09-24 02:03:27 INFO  [SpringApplicationShutdownHook] - Closing JPA EntityManagerFactory for persistence unit 'default'
2026-09-24 02:03:27 INFO  [SpringApplicationShutdownHook] - HikariPool-1 - Shutdown initiated...
2026-09-24 02:03:27 INFO  [SpringApplicationShutdownHook] - HikariPool-1 - Shutdown completed.
2026-09-24 02:03:29 INFO  [main] - Starting EcomApplication using Java 21.0.11 with PID 6968 (C:\Users\vamsh\Desktop\MasterClass\MicroMini2\Ecom\target\classes started by vamsh in C:\Users\vamsh\Desktop\MasterClass\MicroMini2)
2026-09-24 02:03:29 DEBUG [main] - Running with Spring Boot v4.0.8, Spring v7.0.9
2026-09-24 02:03:29 INFO  [main] - No active profile set, falling back to 1 default profile: "default"
2026-09-24 02:03:30 INFO  [main] - Bootstrapping Spring Data JPA repositories in DEFAULT mode.
2026-09-24 02:03:30 INFO  [main] - Finished Spring Data repository scanning in 33 ms. Found 3 JPA repository interfaces.
2026-09-24 02:03:30 INFO  [main] - Tomcat initialized with port 8081 (http)
2026-09-24 02:03:30 INFO  [main] - Starting service [Tomcat]
2026-09-24 02:03:30 INFO  [main] - Starting Servlet engine: [Apache Tomcat/11.0.24]
2026-09-24 02:03:30 INFO  [main] - Root WebApplicationContext: initialization completed in 1030 ms
2026-09-24 02:03:31 INFO  [main] - HHH008540: Processing PersistenceUnitInfo [name: default]
2026-09-24 02:03:31 INFO  [main] - HHH000001: Hibernate ORM core version 7.2.24.Final
2026-09-24 02:03:31 INFO  [main] - No LoadTimeWeaver setup: ignoring JPA class transformer
2026-09-24 02:03:31 INFO  [main] - HikariPool-1 - Starting...
2026-09-24 02:03:31 INFO  [main] - HikariPool-1 - Added connection com.mysql.cj.jdbc.ConnectionImpl@13f2d42c
2026-09-24 02:03:31 INFO  [main] - HikariPool-1 - Start completed.
2026-09-24 02:03:31 INFO  [main] - HHH10001005: Database info:
	Database JDBC URL [jdbc:mysql://localhost:3306/product_db]
	Database driver: MySQL Connector/J
	Database dialect: MySQLDialect
	Database version: 8.0.46
	Default catalog/schema: product_db/undefined
	Autocommit mode: undefined/unknown
	Isolation level: REPEATABLE_READ [default REPEATABLE_READ]
	JDBC fetch size: none
	Pool: DataSourceConnectionProvider
	Minimum pool size: undefined/unknown
	Maximum pool size: undefined/unknown
2026-09-24 02:03:32 INFO  [main] - HHH000489: No JTA platform available (set 'hibernate.transaction.jta.platform' to enable JTA platform integration)
2026-09-24 02:03:32 DEBUG [main] - 
    create table product (
        id bigint not null auto_increment,
        created_at datetime(6) not null,
        created_by varchar(255),
        deleted bit not null,
        description varchar(2000),
        discount decimal(5,2),
        featured bit not null,
        price decimal(12,2) not null,
        product_name varchar(255) not null,
        rating decimal(2,1),
        review_count integer not null,
        sku varchar(255) not null,
        status enum ('Active','InActive') not null,
        thumbnail_url varchar(255),
        updated_at datetime(6),
        updated_by varchar(255),
        version bigint,
        brand_id bigint not null,
        category_id bigint not null,
        primary key (id)
    ) engine=InnoDB
2026-09-24 02:03:32 DEBUG [main] - 
    create index idx_product_brand 
       on product (brand_id)
2026-09-24 02:03:32 DEBUG [main] - 
    create index idx_product_category 
       on product (category_id)
2026-09-24 02:03:32 DEBUG [main] - 
    create index idx_product_status 
       on product (status)
2026-09-24 02:03:32 DEBUG [main] - 
    create index idx_product_price 
       on product (price)
2026-09-24 02:03:32 DEBUG [main] - 
    alter table product 
       drop index UKq1mafxn973ldq80m1irp3mpvq
2026-09-24 02:03:32 DEBUG [main] - 
    alter table product 
       add constraint UKq1mafxn973ldq80m1irp3mpvq unique (sku)
2026-09-24 02:03:33 DEBUG [main] - 
    alter table product 
       add constraint FKh259gmj2fw5b2pqed7ii3rpnl 
       foreign key (brand_id) 
       references brands (id)
2026-09-24 02:03:33 DEBUG [main] - 
    alter table product 
       add constraint FK1mtsbur82frn64de7balymq9s 
       foreign key (category_id) 
       references category (id)
2026-09-24 02:03:33 INFO  [main] - Initialized JPA EntityManagerFactory for persistence unit 'default'
2026-09-24 02:03:33 INFO  [main] - Hibernate is in classpath; If applicable, HQL parser will be used.
2026-09-24 02:03:33 WARN  [main] - spring.jpa.open-in-view is enabled by default. Therefore, database queries may be performed during view rendering. Explicitly configure spring.jpa.open-in-view to disable this warning
2026-09-24 02:03:33 INFO  [main] - Tomcat started on port 8081 (http) with context path '/'
2026-09-24 02:03:33 INFO  [main] - Started EcomApplication in 4.391 seconds (process running for 5.22)
2026-09-24 02:03:33 WARN  [main] - SpringDoc /v3/api-docs endpoint is enabled by default. To disable it in production, set the property 'springdoc.api-docs.enabled=false'
2026-09-24 02:03:33 WARN  [main] - SpringDoc /swagger-ui.html endpoint is enabled by default. To disable it in production, set the property 'springdoc.swagger-ui.enabled=false'
2026-09-24 02:03:42 INFO  [http-nio-8081-exec-1] - Initializing Spring DispatcherServlet 'dispatcherServlet'
2026-09-24 02:03:42 INFO  [http-nio-8081-exec-1] - Initializing Servlet 'dispatcherServlet'
2026-09-24 02:03:42 INFO  [http-nio-8081-exec-1] - Completed initialization in 0 ms
2026-09-24 02:03:42 DEBUG [http-nio-8081-exec-1] - Creating product
2026-09-24 02:03:43 DEBUG [http-nio-8081-exec-1] - 
    select
        p1_0.id 
    from
        product p1_0 
    where
        p1_0.sku=? 
    limit
        ?
2026-09-24 02:03:43 TRACE [http-nio-8081-exec-1] - binding parameter (1:VARCHAR) <- [sk1-121011]
2026-09-24 02:03:43 TRACE [http-nio-8081-exec-1] - binding parameter (2:INTEGER) <- [1]
2026-09-24 02:03:43 DEBUG [http-nio-8081-exec-1] - 
    select
        b1_0.id,
        b1_0.brand_name,
        b1_0.created_at,
        b1_0.logo_url,
        b1_0.slug,
        b1_0.status,
        b1_0.updated_at,
        b1_0.website_url 
    from
        brands b1_0 
    where
        b1_0.id=?
2026-09-24 02:03:43 TRACE [http-nio-8081-exec-1] - binding parameter (1:BIGINT) <- [6]
2026-09-24 02:03:43 DEBUG [http-nio-8081-exec-1] - 
    select
        c1_0.id,
        c1_0.description,
        c1_0.active,
        c1_0.category_name,
        c1_0.created_at,
        c1_0.image_url,
        c1_0.slug,
        c1_0.updated_at 
    from
        category c1_0 
    where
        c1_0.id=?
2026-09-24 02:03:43 TRACE [http-nio-8081-exec-1] - binding parameter (1:BIGINT) <- [3]
2026-09-24 02:03:43 DEBUG [http-nio-8081-exec-1] - 
    insert 
    into
        product
        (brand_id, category_id, created_at, created_by, deleted, description, discount, featured, price, product_name, rating, review_count, sku, status, thumbnail_url, updated_at, updated_by, version) 
    values
        (?, ?, ?, ?, ?, ?, ?, ?, ?, ?, ?, ?, ?, ?, ?, ?, ?, ?)
2026-09-24 02:03:43 TRACE [http-nio-8081-exec-1] - binding parameter (1:BIGINT) <- [6]
2026-09-24 02:03:43 TRACE [http-nio-8081-exec-1] - binding parameter (2:BIGINT) <- [3]
2026-09-24 02:03:43 TRACE [http-nio-8081-exec-1] - binding parameter (3:TIMESTAMP) <- [2026-09-24T02:03:43.265499]
2026-09-24 02:03:43 TRACE [http-nio-8081-exec-1] - binding parameter (4:VARCHAR) <- [null]
2026-09-24 02:03:43 TRACE [http-nio-8081-exec-1] - binding parameter (5:BOOLEAN) <- [false]
2026-09-24 02:03:43 TRACE [http-nio-8081-exec-1] - binding parameter (6:VARCHAR) <- [Mobile phone by samsung]
2026-09-24 02:03:43 TRACE [http-nio-8081-exec-1] - binding parameter (7:NUMERIC) <- [30]
2026-09-24 02:03:43 TRACE [http-nio-8081-exec-1] - binding parameter (8:BOOLEAN) <- [false]
2026-09-24 02:03:43 TRACE [http-nio-8081-exec-1] - binding parameter (9:NUMERIC) <- [10000]
2026-09-24 02:03:43 TRACE [http-nio-8081-exec-1] - binding parameter (10:VARCHAR) <- [Iphone 17]
2026-09-24 02:03:43 TRACE [http-nio-8081-exec-1] - binding parameter (11:NUMERIC) <- [0]
2026-09-24 02:03:43 TRACE [http-nio-8081-exec-1] - binding parameter (12:INTEGER) <- [0]
2026-09-24 02:03:43 TRACE [http-nio-8081-exec-1] - binding parameter (13:VARCHAR) <- [sk1-121011]
2026-09-24 02:03:43 TRACE [http-nio-8081-exec-1] - binding parameter (14:ENUM) <- [InActive]
2026-09-24 02:03:43 TRACE [http-nio-8081-exec-1] - binding parameter (15:VARCHAR) <- [hhtps:google/images/uyydrtgyhujk]
2026-09-24 02:03:43 TRACE [http-nio-8081-exec-1] - binding parameter (16:TIMESTAMP) <- [2026-09-24T02:03:43.265499]
2026-09-24 02:03:43 TRACE [http-nio-8081-exec-1] - binding parameter (17:VARCHAR) <- [null]
2026-09-24 02:03:43 TRACE [http-nio-8081-exec-1] - binding parameter (18:BIGINT) <- [0]
2026-09-24 02:03:43 INFO  [http-nio-8081-exec-1] - Product created with id:1
2026-09-24 02:04:27 DEBUG [http-nio-8081-exec-3] - 
    select
        p1_0.id,
        p1_0.brand_id,
        p1_0.category_id,
        p1_0.created_at,
        p1_0.created_by,
        p1_0.deleted,
        p1_0.description,
        p1_0.discount,
        p1_0.featured,
        p1_0.price,
        p1_0.product_name,
        p1_0.rating,
        p1_0.review_count,
        p1_0.sku,
        p1_0.status,
        p1_0.thumbnail_url,
        p1_0.updated_at,
        p1_0.updated_by,
        p1_0.version 
    from
        product p1_0 
    where
        p1_0.id=?
2026-09-24 02:04:27 TRACE [http-nio-8081-exec-3] - binding parameter (1:BIGINT) <- [1]
2026-09-24 02:04:27 DEBUG [http-nio-8081-exec-3] - 
    select
        c1_0.id,
        c1_0.description,
        c1_0.active,
        c1_0.category_name,
        c1_0.created_at,
        c1_0.image_url,
        c1_0.slug,
        c1_0.updated_at 
    from
        category c1_0 
    where
        c1_0.id=?
2026-09-24 02:04:27 TRACE [http-nio-8081-exec-3] - binding parameter (1:BIGINT) <- [3]
2026-09-24 02:04:27 DEBUG [http-nio-8081-exec-3] - 
    select
        b1_0.id,
        b1_0.brand_name,
        b1_0.created_at,
        b1_0.logo_url,
        b1_0.slug,
        b1_0.status,
        b1_0.updated_at,
        b1_0.website_url 
    from
        brands b1_0 
    where
        b1_0.id=?
2026-09-24 02:04:27 TRACE [http-nio-8081-exec-3] - binding parameter (1:BIGINT) <- [6]
2026-09-24T02:04:28.964+05:30 DEBUG 15808 --- [inventory-service] [http-nio-8082-exec-1] org.hibernate.SQL                        : select i1_0.id,i1_0.available_quantity,i1_0.product_id,i1_0.reorder_level,i1_0.reserved_quantity,i1_0.version from inventory i1_0 where i1_0.product_id=? for update of i1_0
2026-09-24T02:04:28.965+05:30 TRACE 15808 --- [inventory-service] [http-nio-8082-exec-1] org.hibernate.orm.jdbc.bind              : binding parameter (1:BIGINT) <- [1]
2026-09-24T02:04:28.965+05:30  INFO 15808 --- [inventory-service] [http-nio-8082-exec-1] c.E.i.ServiceImpl.InventoryServiceImpl   : Reserved 5 units for product id: 1. Available: 95, reserved: 5
2026-09-24T02:04:28.965+05:30 DEBUG 15808 --- [inventory-service] [http-nio-8082-exec-1] org.hibernate.SQL                        : update inventory set available_quantity=?,product_id=?,reorder_level=?,reserved_quantity=?,version=? where id=? and version=?
2026-09-24T02:04:28.967+05:30 TRACE 15808 --- [inventory-service] [http-nio-8082-exec-1] org.hibernate.orm.jdbc.bind              : binding parameter (1:INTEGER) <- [95]
2026-09-24T02:04:28.967+05:30 TRACE 15808 --- [inventory-service] [http-nio-8082-exec-1] org.hibernate.orm.jdbc.bind              : binding parameter (2:BIGINT) <- [1]
2026-09-24T02:04:28.967+05:30 TRACE 15808 --- [inventory-service] [http-nio-8082-exec-1] org.hibernate.orm.jdbc.bind              : binding parameter (3:INTEGER) <- [10]
2026-09-24T02:04:28.967+05:30 TRACE 15808 --- [inventory-service] [http-nio-8082-exec-1] org.hibernate.orm.jdbc.bind              : binding parameter (4:INTEGER) <- [5]
2026-09-24T02:04:28.967+05:30 TRACE 15808 --- [inventory-service] [http-nio-8082-exec-1] org.hibernate.orm.jdbc.bind              : binding parameter (5:BIGINT) <- [3]
2026-09-24T02:04:28.967+05:30 TRACE 15808 --- [inventory-service] [http-nio-8082-exec-1] org.hibernate.orm.jdbc.bind              : binding parameter (6:BIGINT) <- [2]
2026-09-24T02:04:28.967+05:30 TRACE 15808 --- [inventory-service] [http-nio-8082-exec-1] org.hibernate.orm.jdbc.bind              : binding parameter (7:BIGINT) <- [2]
2026-09-24T02:05:12.021+05:30 DEBUG 15808 --- [inventory-service] [http-nio-8082-exec-10] org.hibernate.SQL                        : select i1_0.id,i1_0.available_quantity,i1_0.product_id,i1_0.reorder_level,i1_0.reserved_quantity,i1_0.version from inventory i1_0 where i1_0.product_id=? for update of i1_0
2026-09-24T02:05:12.022+05:30 TRACE 15808 --- [inventory-service] [http-nio-8082-exec-10] org.hibernate.orm.jdbc.bind              : binding parameter (1:BIGINT) <- [1]
2026-09-24T02:05:12.023+05:30  INFO 15808 --- [inventory-service] [http-nio-8082-exec-10] c.E.i.ServiceImpl.InventoryServiceImpl   : Released 5 units for product id: 1. Available: 100, reserved: 0
2026-09-24T02:05:12.023+05:30 DEBUG 15808 --- [inventory-service] [http-nio-8082-exec-10] org.hibernate.SQL                        : update inventory set available_quantity=?,product_id=?,reorder_level=?,reserved_quantity=?,version=? where id=? and version=?
2026-09-24T02:05:12.024+05:30 TRACE 15808 --- [inventory-service] [http-nio-8082-exec-10] org.hibernate.orm.jdbc.bind              : binding parameter (1:INTEGER) <- [100]
2026-09-24T02:05:12.024+05:30 TRACE 15808 --- [inventory-service] [http-nio-8082-exec-10] org.hibernate.orm.jdbc.bind              : binding parameter (2:BIGINT) <- [1]
2026-09-24T02:05:12.024+05:30 TRACE 15808 --- [inventory-service] [http-nio-8082-exec-10] org.hibernate.orm.jdbc.bind              : binding parameter (3:INTEGER) <- [10]
2026-09-24T02:05:12.024+05:30 TRACE 15808 --- [inventory-service] [http-nio-8082-exec-10] org.hibernate.orm.jdbc.bind              : binding parameter (4:INTEGER) <- [0]
2026-09-24T02:05:12.024+05:30 TRACE 15808 --- [inventory-service] [http-nio-8082-exec-10] org.hibernate.orm.jdbc.bind              : binding parameter (5:BIGINT) <- [4]
2026-09-24T02:05:12.024+05:30 TRACE 15808 --- [inventory-service] [http-nio-8082-exec-10] org.hibernate.orm.jdbc.bind              : binding parameter (6:BIGINT) <- [2]
2026-09-24T02:05:12.024+05:30 TRACE 15808 --- [inventory-service] [http-nio-8082-exec-10] org.hibernate.orm.jdbc.bind              : binding parameter (7:BIGINT) <- [3]
2026-09-24 02:05:32 DEBUG [http-nio-8081-exec-5] - 
    select
        p1_0.id,
        p1_0.brand_id,
        p1_0.category_id,
        p1_0.created_at,
        p1_0.created_by,
        p1_0.deleted,
        p1_0.description,
        p1_0.discount,
        p1_0.featured,
        p1_0.price,
        p1_0.product_name,
        p1_0.rating,
        p1_0.review_count,
        p1_0.sku,
        p1_0.status,
        p1_0.thumbnail_url,
        p1_0.updated_at,
        p1_0.updated_by,
        p1_0.version 
    from
        product p1_0 
    where
        p1_0.id=?
2026-09-24 02:05:32 TRACE [http-nio-8081-exec-5] - binding parameter (1:BIGINT) <- [1]
2026-09-24 02:05:32 DEBUG [http-nio-8081-exec-5] - 
    select
        c1_0.id,
        c1_0.description,
        c1_0.active,
        c1_0.category_name,
        c1_0.created_at,
        c1_0.image_url,
        c1_0.slug,
        c1_0.updated_at 
    from
        category c1_0 
    where
        c1_0.id=?
2026-09-24 02:05:32 TRACE [http-nio-8081-exec-5] - binding parameter (1:BIGINT) <- [3]
2026-09-24 02:05:32 DEBUG [http-nio-8081-exec-5] - 
    select
        b1_0.id,
        b1_0.brand_name,
        b1_0.created_at,
        b1_0.logo_url,
        b1_0.slug,
        b1_0.status,
        b1_0.updated_at,
        b1_0.website_url 
    from
        brands b1_0 
    where
        b1_0.id=?
2026-09-24 02:05:32 TRACE [http-nio-8081-exec-5] - binding parameter (1:BIGINT) <- [6]
2026-09-24T02:05:32.893+05:30 DEBUG 15808 --- [inventory-service] [http-nio-8082-exec-8] org.hibernate.SQL                        : select i1_0.id,i1_0.available_quantity,i1_0.product_id,i1_0.reorder_level,i1_0.reserved_quantity,i1_0.version from inventory i1_0 where i1_0.product_id=? for update of i1_0
2026-09-24T02:05:32.894+05:30 TRACE 15808 --- [inventory-service] [http-nio-8082-exec-8] org.hibernate.orm.jdbc.bind              : binding parameter (1:BIGINT) <- [1]
2026-09-24T02:05:32.896+05:30  INFO 15808 --- [inventory-service] [http-nio-8082-exec-8] c.E.i.ServiceImpl.InventoryServiceImpl   : Reserved 5 units for product id: 1. Available: 95, reserved: 5
2026-09-24T02:05:32.896+05:30 DEBUG 15808 --- [inventory-service] [http-nio-8082-exec-8] org.hibernate.SQL                        : update inventory set available_quantity=?,product_id=?,reorder_level=?,reserved_quantity=?,version=? where id=? and version=?
2026-09-24T02:05:32.897+05:30 TRACE 15808 --- [inventory-service] [http-nio-8082-exec-8] org.hibernate.orm.jdbc.bind              : binding parameter (1:INTEGER) <- [95]
2026-09-24T02:05:32.897+05:30 TRACE 15808 --- [inventory-service] [http-nio-8082-exec-8] org.hibernate.orm.jdbc.bind              : binding parameter (2:BIGINT) <- [1]
2026-09-24T02:05:32.897+05:30 TRACE 15808 --- [inventory-service] [http-nio-8082-exec-8] org.hibernate.orm.jdbc.bind              : binding parameter (3:INTEGER) <- [10]
2026-09-24T02:05:32.897+05:30 TRACE 15808 --- [inventory-service] [http-nio-8082-exec-8] org.hibernate.orm.jdbc.bind              : binding parameter (4:INTEGER) <- [5]
2026-09-24T02:05:32.897+05:30 TRACE 15808 --- [inventory-service] [http-nio-8082-exec-8] org.hibernate.orm.jdbc.bind              : binding parameter (5:BIGINT) <- [5]
2026-09-24T02:05:32.897+05:30 TRACE 15808 --- [inventory-service] [http-nio-8082-exec-8] org.hibernate.orm.jdbc.bind              : binding parameter (6:BIGINT) <- [2]
2026-09-24T02:05:32.897+05:30 TRACE 15808 --- [inventory-service] [http-nio-8082-exec-8] org.hibernate.orm.jdbc.bind              : binding parameter (7:BIGINT) <- [4]
2026-09-24T02:06:25.349+05:30 DEBUG 15808 --- [inventory-service] [http-nio-8082-exec-2] org.hibernate.SQL                        : select i1_0.id,i1_0.available_quantity,i1_0.product_id,i1_0.reorder_level,i1_0.reserved_quantity,i1_0.version from inventory i1_0 where i1_0.product_id=? for update of i1_0
2026-09-24T02:06:25.350+05:30 TRACE 15808 --- [inventory-service] [http-nio-8082-exec-2] org.hibernate.orm.jdbc.bind              : binding parameter (1:BIGINT) <- [1]
2026-09-24T02:06:25.353+05:30  INFO 15808 --- [inventory-service] [http-nio-8082-exec-2] c.E.i.ServiceImpl.InventoryServiceImpl   : Released 5 units for product id: 1. Available: 100, reserved: 0
2026-09-24T02:06:25.354+05:30 DEBUG 15808 --- [inventory-service] [http-nio-8082-exec-2] org.hibernate.SQL                        : update inventory set available_quantity=?,product_id=?,reorder_level=?,reserved_quantity=?,version=? where id=? and version=?
2026-09-24T02:06:25.355+05:30 TRACE 15808 --- [inventory-service] [http-nio-8082-exec-2] org.hibernate.orm.jdbc.bind              : binding parameter (1:INTEGER) <- [100]
2026-09-24T02:06:25.355+05:30 TRACE 15808 --- [inventory-service] [http-nio-8082-exec-2] org.hibernate.orm.jdbc.bind              : binding parameter (2:BIGINT) <- [1]
2026-09-24T02:06:25.355+05:30 TRACE 15808 --- [inventory-service] [http-nio-8082-exec-2] org.hibernate.orm.jdbc.bind              : binding parameter (3:INTEGER) <- [10]
2026-09-24T02:06:25.356+05:30 TRACE 15808 --- [inventory-service] [http-nio-8082-exec-2] org.hibernate.orm.jdbc.bind              : binding parameter (4:INTEGER) <- [0]
2026-09-24T02:06:25.356+05:30 TRACE 15808 --- [inventory-service] [http-nio-8082-exec-2] org.hibernate.orm.jdbc.bind              : binding parameter (5:BIGINT) <- [6]
2026-09-24T02:06:25.356+05:30 TRACE 15808 --- [inventory-service] [http-nio-8082-exec-2] org.hibernate.orm.jdbc.bind              : binding parameter (6:BIGINT) <- [2]
2026-09-24T02:06:25.356+05:30 TRACE 15808 --- [inventory-service] [http-nio-8082-exec-2] org.hibernate.orm.jdbc.bind              : binding parameter (7:BIGINT) <- [5]
2026-09-24 02:07:12 DEBUG [http-nio-8081-exec-7] - 
    select
        p1_0.id,
        p1_0.brand_id,
        p1_0.category_id,
        p1_0.created_at,
        p1_0.created_by,
        p1_0.deleted,
        p1_0.description,
        p1_0.discount,
        p1_0.featured,
        p1_0.price,
        p1_0.product_name,
        p1_0.rating,
        p1_0.review_count,
        p1_0.sku,
        p1_0.status,
        p1_0.thumbnail_url,
        p1_0.updated_at,
        p1_0.updated_by,
        p1_0.version 
    from
        product p1_0 
    where
        p1_0.id=?
2026-09-24 02:07:12 TRACE [http-nio-8081-exec-7] - binding parameter (1:BIGINT) <- [1]
2026-09-24 02:07:12 DEBUG [http-nio-8081-exec-7] - 
    select
        c1_0.id,
        c1_0.description,
        c1_0.active,
        c1_0.category_name,
        c1_0.created_at,
        c1_0.image_url,
        c1_0.slug,
        c1_0.updated_at 
    from
        category c1_0 
    where
        c1_0.id=?
2026-09-24 02:07:12 TRACE [http-nio-8081-exec-7] - binding parameter (1:BIGINT) <- [3]
2026-09-24 02:07:12 DEBUG [http-nio-8081-exec-7] - 
    select
        b1_0.id,
        b1_0.brand_name,
        b1_0.created_at,
        b1_0.logo_url,
        b1_0.slug,
        b1_0.status,
        b1_0.updated_at,
        b1_0.website_url 
    from
        brands b1_0 
    where
        b1_0.id=?
2026-09-24 02:07:12 TRACE [http-nio-8081-exec-7] - binding parameter (1:BIGINT) <- [6]
2026-09-24T02:07:12.689+05:30 DEBUG 15808 --- [inventory-service] [http-nio-8082-exec-5] org.hibernate.SQL                        : select i1_0.id,i1_0.available_quantity,i1_0.product_id,i1_0.reorder_level,i1_0.reserved_quantity,i1_0.version from inventory i1_0 where i1_0.product_id=? for update of i1_0
2026-09-24T02:07:12.690+05:30 TRACE 15808 --- [inventory-service] [http-nio-8082-exec-5] org.hibernate.orm.jdbc.bind              : binding parameter (1:BIGINT) <- [1]
2026-09-24T02:07:12.691+05:30  INFO 15808 --- [inventory-service] [http-nio-8082-exec-5] c.E.i.ServiceImpl.InventoryServiceImpl   : Reserved 5 units for product id: 1. Available: 95, reserved: 5
2026-09-24T02:07:12.692+05:30 DEBUG 15808 --- [inventory-service] [http-nio-8082-exec-5] org.hibernate.SQL                        : update inventory set available_quantity=?,product_id=?,reorder_level=?,reserved_quantity=?,version=? where id=? and version=?
2026-09-24T02:07:12.692+05:30 TRACE 15808 --- [inventory-service] [http-nio-8082-exec-5] org.hibernate.orm.jdbc.bind              : binding parameter (1:INTEGER) <- [95]
2026-09-24T02:07:12.692+05:30 TRACE 15808 --- [inventory-service] [http-nio-8082-exec-5] org.hibernate.orm.jdbc.bind              : binding parameter (2:BIGINT) <- [1]
2026-09-24T02:07:12.692+05:30 TRACE 15808 --- [inventory-service] [http-nio-8082-exec-5] org.hibernate.orm.jdbc.bind              : binding parameter (3:INTEGER) <- [10]
2026-09-24T02:07:12.692+05:30 TRACE 15808 --- [inventory-service] [http-nio-8082-exec-5] org.hibernate.orm.jdbc.bind              : binding parameter (4:INTEGER) <- [5]
2026-09-24T02:07:12.692+05:30 TRACE 15808 --- [inventory-service] [http-nio-8082-exec-5] org.hibernate.orm.jdbc.bind              : binding parameter (5:BIGINT) <- [7]
2026-09-24T02:07:12.692+05:30 TRACE 15808 --- [inventory-service] [http-nio-8082-exec-5] org.hibernate.orm.jdbc.bind              : binding parameter (6:BIGINT) <- [2]
2026-09-24T02:07:12.692+05:30 TRACE 15808 --- [inventory-service] [http-nio-8082-exec-5] org.hibernate.orm.jdbc.bind              : binding parameter (7:BIGINT) <- [6]
2026-09-24 02:07:34 ERROR [http-nio-8081-exec-8] - Unexpected application error
org.springframework.web.servlet.resource.NoResourceFoundException: No static resource api/product/api/payments for request '/api/product/api/payments'.
	at org.springframework.web.servlet.resource.ResourceHttpRequestHandler.handleRequest(ResourceHttpRequestHandler.java:527)
	at org.springframework.web.servlet.mvc.HttpRequestHandlerAdapter.handle(HttpRequestHandlerAdapter.java:50)
	at org.springframework.web.servlet.DispatcherServlet.doDispatch(DispatcherServlet.java:963)
	at org.springframework.web.servlet.DispatcherServlet.doService(DispatcherServlet.java:866)
	at org.springframework.web.servlet.FrameworkServlet.processRequest(FrameworkServlet.java:1000)
	at org.springframework.web.servlet.FrameworkServlet.doPost(FrameworkServlet.java:903)
	at jakarta.servlet.http.HttpServlet.service(HttpServlet.java:649)
	at org.springframework.web.servlet.FrameworkServlet.service(FrameworkServlet.java:874)
	at jakarta.servlet.http.HttpServlet.service(HttpServlet.java:710)
	at org.apache.catalina.core.ApplicationFilterChain.doFilter(ApplicationFilterChain.java:132)
	at org.apache.tomcat.websocket.server.WsFilter.doFilter(WsFilter.java:59)
	at org.apache.catalina.core.ApplicationFilterChain.doFilter(ApplicationFilterChain.java:111)
	at org.springframework.web.filter.RequestContextFilter.doFilterInternal(RequestContextFilter.java:100)
	at org.springframework.web.filter.OncePerRequestFilter.doFilter(OncePerRequestFilter.java:116)
	at org.apache.catalina.core.ApplicationFilterChain.doFilter(ApplicationFilterChain.java:111)
	at org.springframework.web.filter.FormContentFilter.doFilterInternal(FormContentFilter.java:93)
	at org.springframework.web.filter.OncePerRequestFilter.doFilter(OncePerRequestFilter.java:116)
	at org.apache.catalina.core.ApplicationFilterChain.doFilter(ApplicationFilterChain.java:111)
	at org.springframework.web.filter.CharacterEncodingFilter.doFilterInternal(CharacterEncodingFilter.java:199)
	at org.springframework.web.filter.OncePerRequestFilter.doFilter(OncePerRequestFilter.java:116)
	at org.apache.catalina.core.ApplicationFilterChain.doFilter(ApplicationFilterChain.java:111)
	at org.apache.catalina.core.StandardWrapperValve.invoke(StandardWrapperValve.java:165)
	at org.apache.catalina.core.StandardContextValve.invoke(StandardContextValve.java:77)
	at org.apache.catalina.authenticator.AuthenticatorBase.invoke(AuthenticatorBase.java:535)
	at org.apache.catalina.core.StandardHostValve.invoke(StandardHostValve.java:115)
	at org.apache.catalina.valves.ErrorReportValve.invoke(ErrorReportValve.java:86)
	at org.apache.catalina.core.StandardEngineValve.invoke(StandardEngineValve.java:71)
	at org.apache.catalina.connector.CoyoteAdapter.service(CoyoteAdapter.java:347)
	at org.apache.coyote.http11.Http11Processor.service(Http11Processor.java:406)
	at org.apache.coyote.AbstractProcessorLight.process(AbstractProcessorLight.java:71)
	at org.apache.coyote.AbstractProtocol$ConnectionHandler.process(AbstractProtocol.java:1307)
	at org.apache.tomcat.util.net.NioEndpoint$SocketProcessor.doRun(NioEndpoint.java:2036)
	at org.apache.tomcat.util.net.SocketProcessorBase.run(SocketProcessorBase.java:74)
	at org.apache.tomcat.util.threads.ThreadPoolExecutor.runWorker(ThreadPoolExecutor.java:949)
	at org.apache.tomcat.util.threads.ThreadPoolExecutor$Worker.run(ThreadPoolExecutor.java:483)
	at org.apache.tomcat.util.threads.TaskThread$WrappingRunnable.run(TaskThread.java:74)
	at java.base/java.lang.Thread.run(Thread.java:1583)
2026-09-24T02:07:56.263+05:30 DEBUG 15808 --- [inventory-service] [http-nio-8082-exec-9] org.hibernate.SQL                        : select i1_0.id,i1_0.available_quantity,i1_0.product_id,i1_0.reorder_level,i1_0.reserved_quantity,i1_0.version from inventory i1_0 where i1_0.product_id=? for update of i1_0
2026-09-24T02:07:56.264+05:30 TRACE 15808 --- [inventory-service] [http-nio-8082-exec-9] org.hibernate.orm.jdbc.bind              : binding parameter (1:BIGINT) <- [1]
2026-09-24T02:07:56.267+05:30  INFO 15808 --- [inventory-service] [http-nio-8082-exec-9] c.E.i.ServiceImpl.InventoryServiceImpl   : Released 5 units for product id: 1. Available: 100, reserved: 0
2026-09-24T02:07:56.268+05:30 DEBUG 15808 --- [inventory-service] [http-nio-8082-exec-9] org.hibernate.SQL                        : update inventory set available_quantity=?,product_id=?,reorder_level=?,reserved_quantity=?,version=? where id=? and version=?
2026-09-24T02:07:56.268+05:30 TRACE 15808 --- [inventory-service] [http-nio-8082-exec-9] org.hibernate.orm.jdbc.bind              : binding parameter (1:INTEGER) <- [100]
2026-09-24T02:07:56.268+05:30 TRACE 15808 --- [inventory-service] [http-nio-8082-exec-9] org.hibernate.orm.jdbc.bind              : binding parameter (2:BIGINT) <- [1]
2026-09-24T02:07:56.268+05:30 TRACE 15808 --- [inventory-service] [http-nio-8082-exec-9] org.hibernate.orm.jdbc.bind              : binding parameter (3:INTEGER) <- [10]
2026-09-24T02:07:56.269+05:30 TRACE 15808 --- [inventory-service] [http-nio-8082-exec-9] org.hibernate.orm.jdbc.bind              : binding parameter (4:INTEGER) <- [0]
2026-09-24T02:07:56.269+05:30 TRACE 15808 --- [inventory-service] [http-nio-8082-exec-9] org.hibernate.orm.jdbc.bind              : binding parameter (5:BIGINT) <- [8]
2026-09-24T02:07:56.269+05:30 TRACE 15808 --- [inventory-service] [http-nio-8082-exec-9] org.hibernate.orm.jdbc.bind              : binding parameter (6:BIGINT) <- [2]
2026-09-24T02:07:56.270+05:30 TRACE 15808 --- [inventory-service] [http-nio-8082-exec-9] org.hibernate.orm.jdbc.bind              : binding parameter (7:BIGINT) <- [7]
2026-09-24 02:09:13 DEBUG [http-nio-8081-exec-10] - 
    select
        p1_0.id,
        p1_0.brand_id,
        p1_0.category_id,
        p1_0.created_at,
        p1_0.created_by,
        p1_0.deleted,
        p1_0.description,
        p1_0.discount,
        p1_0.featured,
        p1_0.price,
        p1_0.product_name,
        p1_0.rating,
        p1_0.review_count,
        p1_0.sku,
        p1_0.status,
        p1_0.thumbnail_url,
        p1_0.updated_at,
        p1_0.updated_by,
        p1_0.version 
    from
        product p1_0 
    where
        p1_0.id=?
2026-09-24 02:09:13 TRACE [http-nio-8081-exec-10] - binding parameter (1:BIGINT) <- [1]
2026-09-24 02:09:13 DEBUG [http-nio-8081-exec-10] - 
    select
        c1_0.id,
        c1_0.description,
        c1_0.active,
        c1_0.category_name,
        c1_0.created_at,
        c1_0.image_url,
        c1_0.slug,
        c1_0.updated_at 
    from
        category c1_0 
    where
        c1_0.id=?
2026-09-24 02:09:13 TRACE [http-nio-8081-exec-10] - binding parameter (1:BIGINT) <- [3]
2026-09-24 02:09:13 DEBUG [http-nio-8081-exec-10] - 
    select
        b1_0.id,
        b1_0.brand_name,
        b1_0.created_at,
        b1_0.logo_url,
        b1_0.slug,
        b1_0.status,
        b1_0.updated_at,
        b1_0.website_url 
    from
        brands b1_0 
    where
        b1_0.id=?
2026-09-24 02:09:13 TRACE [http-nio-8081-exec-10] - binding parameter (1:BIGINT) <- [6]
2026-09-24T02:09:13.542+05:30 DEBUG 15808 --- [inventory-service] [http-nio-8082-exec-4] org.hibernate.SQL                        : select i1_0.id,i1_0.available_quantity,i1_0.product_id,i1_0.reorder_level,i1_0.reserved_quantity,i1_0.version from inventory i1_0 where i1_0.product_id=? for update of i1_0
2026-09-24T02:09:13.542+05:30 TRACE 15808 --- [inventory-service] [http-nio-8082-exec-4] org.hibernate.orm.jdbc.bind              : binding parameter (1:BIGINT) <- [1]
2026-09-24T02:09:13.543+05:30  INFO 15808 --- [inventory-service] [http-nio-8082-exec-4] c.E.i.ServiceImpl.InventoryServiceImpl   : Reserved 5 units for product id: 1. Available: 95, reserved: 5
2026-09-24T02:09:13.544+05:30 DEBUG 15808 --- [inventory-service] [http-nio-8082-exec-4] org.hibernate.SQL                        : update inventory set available_quantity=?,product_id=?,reorder_level=?,reserved_quantity=?,version=? where id=? and version=?
2026-09-24T02:09:13.544+05:30 TRACE 15808 --- [inventory-service] [http-nio-8082-exec-4] org.hibernate.orm.jdbc.bind              : binding parameter (1:INTEGER) <- [95]
2026-09-24T02:09:13.544+05:30 TRACE 15808 --- [inventory-service] [http-nio-8082-exec-4] org.hibernate.orm.jdbc.bind              : binding parameter (2:BIGINT) <- [1]
2026-09-24T02:09:13.544+05:30 TRACE 15808 --- [inventory-service] [http-nio-8082-exec-4] org.hibernate.orm.jdbc.bind              : binding parameter (3:INTEGER) <- [10]
2026-09-24T02:09:13.544+05:30 TRACE 15808 --- [inventory-service] [http-nio-8082-exec-4] org.hibernate.orm.jdbc.bind              : binding parameter (4:INTEGER) <- [5]
2026-09-24T02:09:13.544+05:30 TRACE 15808 --- [inventory-service] [http-nio-8082-exec-4] org.hibernate.orm.jdbc.bind              : binding parameter (5:BIGINT) <- [9]
2026-09-24T02:09:13.544+05:30 TRACE 15808 --- [inventory-service] [http-nio-8082-exec-4] org.hibernate.orm.jdbc.bind              : binding parameter (6:BIGINT) <- [2]
2026-09-24T02:09:13.545+05:30 TRACE 15808 --- [inventory-service] [http-nio-8082-exec-4] org.hibernate.orm.jdbc.bind              : binding parameter (7:BIGINT) <- [8]
2026-09-24 02:09:50 ERROR [http-nio-8081-exec-1] - Unexpected application error
org.springframework.web.servlet.resource.NoResourceFoundException: No static resource api/product/api/payments for request '/api/product/api/payments'.
	at org.springframework.web.servlet.resource.ResourceHttpRequestHandler.handleRequest(ResourceHttpRequestHandler.java:527)
	at org.springframework.web.servlet.mvc.HttpRequestHandlerAdapter.handle(HttpRequestHandlerAdapter.java:50)
	at org.springframework.web.servlet.DispatcherServlet.doDispatch(DispatcherServlet.java:963)
	at org.springframework.web.servlet.DispatcherServlet.doService(DispatcherServlet.java:866)
	at org.springframework.web.servlet.FrameworkServlet.processRequest(FrameworkServlet.java:1000)
	at org.springframework.web.servlet.FrameworkServlet.doPost(FrameworkServlet.java:903)
	at jakarta.servlet.http.HttpServlet.service(HttpServlet.java:649)
	at org.springframework.web.servlet.FrameworkServlet.service(FrameworkServlet.java:874)
	at jakarta.servlet.http.HttpServlet.service(HttpServlet.java:710)
	at org.apache.catalina.core.ApplicationFilterChain.doFilter(ApplicationFilterChain.java:132)
	at org.apache.tomcat.websocket.server.WsFilter.doFilter(WsFilter.java:59)
	at org.apache.catalina.core.ApplicationFilterChain.doFilter(ApplicationFilterChain.java:111)
	at org.springframework.web.filter.RequestContextFilter.doFilterInternal(RequestContextFilter.java:100)
	at org.springframework.web.filter.OncePerRequestFilter.doFilter(OncePerRequestFilter.java:116)
	at org.apache.catalina.core.ApplicationFilterChain.doFilter(ApplicationFilterChain.java:111)
	at org.springframework.web.filter.FormContentFilter.doFilterInternal(FormContentFilter.java:93)
	at org.springframework.web.filter.OncePerRequestFilter.doFilter(OncePerRequestFilter.java:116)
	at org.apache.catalina.core.ApplicationFilterChain.doFilter(ApplicationFilterChain.java:111)
	at org.springframework.web.filter.CharacterEncodingFilter.doFilterInternal(CharacterEncodingFilter.java:199)
	at org.springframework.web.filter.OncePerRequestFilter.doFilter(OncePerRequestFilter.java:116)
	at org.apache.catalina.core.ApplicationFilterChain.doFilter(ApplicationFilterChain.java:111)
	at org.apache.catalina.core.StandardWrapperValve.invoke(StandardWrapperValve.java:165)
	at org.apache.catalina.core.StandardContextValve.invoke(StandardContextValve.java:77)
	at org.apache.catalina.authenticator.AuthenticatorBase.invoke(AuthenticatorBase.java:535)
	at org.apache.catalina.core.StandardHostValve.invoke(StandardHostValve.java:115)
	at org.apache.catalina.valves.ErrorReportValve.invoke(ErrorReportValve.java:86)
	at org.apache.catalina.core.StandardEngineValve.invoke(StandardEngineValve.java:71)
	at org.apache.catalina.connector.CoyoteAdapter.service(CoyoteAdapter.java:347)
	at org.apache.coyote.http11.Http11Processor.service(Http11Processor.java:406)
	at org.apache.coyote.AbstractProcessorLight.process(AbstractProcessorLight.java:71)
	at org.apache.coyote.AbstractProtocol$ConnectionHandler.process(AbstractProtocol.java:1307)
	at org.apache.tomcat.util.net.NioEndpoint$SocketProcessor.doRun(NioEndpoint.java:2036)
	at org.apache.tomcat.util.net.SocketProcessorBase.run(SocketProcessorBase.java:74)
	at org.apache.tomcat.util.threads.ThreadPoolExecutor.runWorker(ThreadPoolExecutor.java:949)
	at org.apache.tomcat.util.threads.ThreadPoolExecutor$Worker.run(ThreadPoolExecutor.java:483)
	at org.apache.tomcat.util.threads.TaskThread$WrappingRunnable.run(TaskThread.java:74)
	at java.base/java.lang.Thread.run(Thread.java:1583)
2026-09-24T02:11:03.481+05:30 DEBUG 15808 --- [inventory-service] [http-nio-8082-exec-8] org.hibernate.SQL                        : select i1_0.id,i1_0.available_quantity,i1_0.product_id,i1_0.reorder_level,i1_0.reserved_quantity,i1_0.version from inventory i1_0 where i1_0.product_id=? for update of i1_0
2026-09-24T02:11:03.482+05:30 TRACE 15808 --- [inventory-service] [http-nio-8082-exec-8] org.hibernate.orm.jdbc.bind              : binding parameter (1:BIGINT) <- [1]
2026-09-24T02:11:03.485+05:30  INFO 15808 --- [inventory-service] [http-nio-8082-exec-8] c.E.i.ServiceImpl.InventoryServiceImpl   : Released 5 units for product id: 1. Available: 100, reserved: 0
2026-09-24T02:11:03.486+05:30 DEBUG 15808 --- [inventory-service] [http-nio-8082-exec-8] org.hibernate.SQL                        : update inventory set available_quantity=?,product_id=?,reorder_level=?,reserved_quantity=?,version=? where id=? and version=?
2026-09-24T02:11:03.487+05:30 TRACE 15808 --- [inventory-service] [http-nio-8082-exec-8] org.hibernate.orm.jdbc.bind              : binding parameter (1:INTEGER) <- [100]
2026-09-24T02:11:03.487+05:30 TRACE 15808 --- [inventory-service] [http-nio-8082-exec-8] org.hibernate.orm.jdbc.bind              : binding parameter (2:BIGINT) <- [1]
2026-09-24T02:11:03.487+05:30 TRACE 15808 --- [inventory-service] [http-nio-8082-exec-8] org.hibernate.orm.jdbc.bind              : binding parameter (3:INTEGER) <- [10]
2026-09-24T02:11:03.487+05:30 TRACE 15808 --- [inventory-service] [http-nio-8082-exec-8] org.hibernate.orm.jdbc.bind              : binding parameter (4:INTEGER) <- [0]
2026-09-24T02:11:03.487+05:30 TRACE 15808 --- [inventory-service] [http-nio-8082-exec-8] org.hibernate.orm.jdbc.bind              : binding parameter (5:BIGINT) <- [10]
2026-09-24T02:11:03.487+05:30 TRACE 15808 --- [inventory-service] [http-nio-8082-exec-8] org.hibernate.orm.jdbc.bind              : binding parameter (6:BIGINT) <- [2]
2026-09-24T02:11:03.487+05:30 TRACE 15808 --- [inventory-service] [http-nio-8082-exec-8] org.hibernate.orm.jdbc.bind              : binding parameter (7:BIGINT) <- [9]
2026-09-24 02:11:18 DEBUG [http-nio-8081-exec-3] - 
    select
        p1_0.id,
        p1_0.brand_id,
        p1_0.category_id,
        p1_0.created_at,
        p1_0.created_by,
        p1_0.deleted,
        p1_0.description,
        p1_0.discount,
        p1_0.featured,
        p1_0.price,
        p1_0.product_name,
        p1_0.rating,
        p1_0.review_count,
        p1_0.sku,
        p1_0.status,
        p1_0.thumbnail_url,
        p1_0.updated_at,
        p1_0.updated_by,
        p1_0.version 
    from
        product p1_0 
    where
        p1_0.id=?
2026-09-24 02:11:18 TRACE [http-nio-8081-exec-3] - binding parameter (1:BIGINT) <- [1]
2026-09-24 02:11:18 DEBUG [http-nio-8081-exec-3] - 
    select
        c1_0.id,
        c1_0.description,
        c1_0.active,
        c1_0.category_name,
        c1_0.created_at,
        c1_0.image_url,
        c1_0.slug,
        c1_0.updated_at 
    from
        category c1_0 
    where
        c1_0.id=?
2026-09-24 02:11:18 TRACE [http-nio-8081-exec-3] - binding parameter (1:BIGINT) <- [3]
2026-09-24 02:11:18 DEBUG [http-nio-8081-exec-3] - 
    select
        b1_0.id,
        b1_0.brand_name,
        b1_0.created_at,
        b1_0.logo_url,
        b1_0.slug,
        b1_0.status,
        b1_0.updated_at,
        b1_0.website_url 
    from
        brands b1_0 
    where
        b1_0.id=?
2026-09-24 02:11:18 TRACE [http-nio-8081-exec-3] - binding parameter (1:BIGINT) <- [6]
2026-09-24T02:11:19.100+05:30 DEBUG 15808 --- [inventory-service] [http-nio-8082-exec-2] org.hibernate.SQL                        : select i1_0.id,i1_0.available_quantity,i1_0.product_id,i1_0.reorder_level,i1_0.reserved_quantity,i1_0.version from inventory i1_0 where i1_0.product_id=? for update of i1_0
2026-09-24T02:11:19.100+05:30 TRACE 15808 --- [inventory-service] [http-nio-8082-exec-2] org.hibernate.orm.jdbc.bind              : binding parameter (1:BIGINT) <- [1]
2026-09-24T02:11:19.102+05:30  INFO 15808 --- [inventory-service] [http-nio-8082-exec-2] c.E.i.ServiceImpl.InventoryServiceImpl   : Reserved 5 units for product id: 1. Available: 95, reserved: 5
2026-09-24T02:11:19.102+05:30 DEBUG 15808 --- [inventory-service] [http-nio-8082-exec-2] org.hibernate.SQL                        : update inventory set available_quantity=?,product_id=?,reorder_level=?,reserved_quantity=?,version=? where id=? and version=?
2026-09-24T02:11:19.102+05:30 TRACE 15808 --- [inventory-service] [http-nio-8082-exec-2] org.hibernate.orm.jdbc.bind              : binding parameter (1:INTEGER) <- [95]
2026-09-24T02:11:19.103+05:30 TRACE 15808 --- [inventory-service] [http-nio-8082-exec-2] org.hibernate.orm.jdbc.bind              : binding parameter (2:BIGINT) <- [1]
2026-09-24T02:11:19.103+05:30 TRACE 15808 --- [inventory-service] [http-nio-8082-exec-2] org.hibernate.orm.jdbc.bind              : binding parameter (3:INTEGER) <- [10]
2026-09-24T02:11:19.103+05:30 TRACE 15808 --- [inventory-service] [http-nio-8082-exec-2] org.hibernate.orm.jdbc.bind              : binding parameter (4:INTEGER) <- [5]
2026-09-24T02:11:19.103+05:30 TRACE 15808 --- [inventory-service] [http-nio-8082-exec-2] org.hibernate.orm.jdbc.bind              : binding parameter (5:BIGINT) <- [11]
2026-09-24T02:11:19.103+05:30 TRACE 15808 --- [inventory-service] [http-nio-8082-exec-2] org.hibernate.orm.jdbc.bind              : binding parameter (6:BIGINT) <- [2]
2026-09-24T02:11:19.103+05:30 TRACE 15808 --- [inventory-service] [http-nio-8082-exec-2] org.hibernate.orm.jdbc.bind              : binding parameter (7:BIGINT) <- [10]
2026-09-24 02:11:28 ERROR [http-nio-8081-exec-2] - Unexpected application error
org.springframework.web.servlet.resource.NoResourceFoundException: No static resource api/product/api/payments for request '/api/product/api/payments'.
	at org.springframework.web.servlet.resource.ResourceHttpRequestHandler.handleRequest(ResourceHttpRequestHandler.java:527)
	at org.springframework.web.servlet.mvc.HttpRequestHandlerAdapter.handle(HttpRequestHandlerAdapter.java:50)
	at org.springframework.web.servlet.DispatcherServlet.doDispatch(DispatcherServlet.java:963)
	at org.springframework.web.servlet.DispatcherServlet.doService(DispatcherServlet.java:866)
	at org.springframework.web.servlet.FrameworkServlet.processRequest(FrameworkServlet.java:1000)
	at org.springframework.web.servlet.FrameworkServlet.doPost(FrameworkServlet.java:903)
	at jakarta.servlet.http.HttpServlet.service(HttpServlet.java:649)
	at org.springframework.web.servlet.FrameworkServlet.service(FrameworkServlet.java:874)
	at jakarta.servlet.http.HttpServlet.service(HttpServlet.java:710)
	at org.apache.catalina.core.ApplicationFilterChain.doFilter(ApplicationFilterChain.java:132)
	at org.apache.tomcat.websocket.server.WsFilter.doFilter(WsFilter.java:59)
	at org.apache.catalina.core.ApplicationFilterChain.doFilter(ApplicationFilterChain.java:111)
	at org.springframework.web.filter.RequestContextFilter.doFilterInternal(RequestContextFilter.java:100)
	at org.springframework.web.filter.OncePerRequestFilter.doFilter(OncePerRequestFilter.java:116)
	at org.apache.catalina.core.ApplicationFilterChain.doFilter(ApplicationFilterChain.java:111)
	at org.springframework.web.filter.FormContentFilter.doFilterInternal(FormContentFilter.java:93)
	at org.springframework.web.filter.OncePerRequestFilter.doFilter(OncePerRequestFilter.java:116)
	at org.apache.catalina.core.ApplicationFilterChain.doFilter(ApplicationFilterChain.java:111)
	at org.springframework.web.filter.CharacterEncodingFilter.doFilterInternal(CharacterEncodingFilter.java:199)
	at org.springframework.web.filter.OncePerRequestFilter.doFilter(OncePerRequestFilter.java:116)
	at org.apache.catalina.core.ApplicationFilterChain.doFilter(ApplicationFilterChain.java:111)
	at org.apache.catalina.core.StandardWrapperValve.invoke(StandardWrapperValve.java:165)
	at org.apache.catalina.core.StandardContextValve.invoke(StandardContextValve.java:77)
	at org.apache.catalina.authenticator.AuthenticatorBase.invoke(AuthenticatorBase.java:535)
	at org.apache.catalina.core.StandardHostValve.invoke(StandardHostValve.java:115)
	at org.apache.catalina.valves.ErrorReportValve.invoke(ErrorReportValve.java:86)
	at org.apache.catalina.core.StandardEngineValve.invoke(StandardEngineValve.java:71)
	at org.apache.catalina.connector.CoyoteAdapter.service(CoyoteAdapter.java:347)
	at org.apache.coyote.http11.Http11Processor.service(Http11Processor.java:406)
	at org.apache.coyote.AbstractProcessorLight.process(AbstractProcessorLight.java:71)
	at org.apache.coyote.AbstractProtocol$ConnectionHandler.process(AbstractProtocol.java:1307)
	at org.apache.tomcat.util.net.NioEndpoint$SocketProcessor.doRun(NioEndpoint.java:2036)
	at org.apache.tomcat.util.net.SocketProcessorBase.run(SocketProcessorBase.java:74)
	at org.apache.tomcat.util.threads.ThreadPoolExecutor.runWorker(ThreadPoolExecutor.java:949)
	at org.apache.tomcat.util.threads.ThreadPoolExecutor$Worker.run(ThreadPoolExecutor.java:483)
	at org.apache.tomcat.util.threads.TaskThread$WrappingRunnable.run(TaskThread.java:74)
	at java.base/java.lang.Thread.run(Thread.java:1583)
2026-09-24T02:12:53.981+05:30 DEBUG 15808 --- [inventory-service] [http-nio-8082-exec-5] org.hibernate.SQL                        : select i1_0.id,i1_0.available_quantity,i1_0.product_id,i1_0.reorder_level,i1_0.reserved_quantity,i1_0.version from inventory i1_0 where i1_0.product_id=? for update of i1_0
2026-09-24T02:12:53.981+05:30 TRACE 15808 --- [inventory-service] [http-nio-8082-exec-5] org.hibernate.orm.jdbc.bind              : binding parameter (1:BIGINT) <- [1]
2026-09-24T02:12:53.983+05:30  INFO 15808 --- [inventory-service] [http-nio-8082-exec-5] c.E.i.ServiceImpl.InventoryServiceImpl   : Released 5 units for product id: 1. Available: 100, reserved: 0
2026-09-24T02:12:53.984+05:30 DEBUG 15808 --- [inventory-service] [http-nio-8082-exec-5] org.hibernate.SQL                        : update inventory set available_quantity=?,product_id=?,reorder_level=?,reserved_quantity=?,version=? where id=? and version=?
2026-09-24T02:12:53.984+05:30 TRACE 15808 --- [inventory-service] [http-nio-8082-exec-5] org.hibernate.orm.jdbc.bind              : binding parameter (1:INTEGER) <- [100]
2026-09-24T02:12:53.984+05:30 TRACE 15808 --- [inventory-service] [http-nio-8082-exec-5] org.hibernate.orm.jdbc.bind              : binding parameter (2:BIGINT) <- [1]
2026-09-24T02:12:53.985+05:30 TRACE 15808 --- [inventory-service] [http-nio-8082-exec-5] org.hibernate.orm.jdbc.bind              : binding parameter (3:INTEGER) <- [10]
2026-09-24T02:12:53.985+05:30 TRACE 15808 --- [inventory-service] [http-nio-8082-exec-5] org.hibernate.orm.jdbc.bind              : binding parameter (4:INTEGER) <- [0]
2026-09-24T02:12:53.985+05:30 TRACE 15808 --- [inventory-service] [http-nio-8082-exec-5] org.hibernate.orm.jdbc.bind              : binding parameter (5:BIGINT) <- [12]
2026-09-24T02:12:53.985+05:30 TRACE 15808 --- [inventory-service] [http-nio-8082-exec-5] org.hibernate.orm.jdbc.bind              : binding parameter (6:BIGINT) <- [2]
2026-09-24T02:12:53.985+05:30 TRACE 15808 --- [inventory-service] [http-nio-8082-exec-5] org.hibernate.orm.jdbc.bind              : binding parameter (7:BIGINT) <- [11]
2026-09-24 02:13:26 DEBUG [http-nio-8081-exec-4] - 
    select
        p1_0.id,
        p1_0.brand_id,
        p1_0.category_id,
        p1_0.created_at,
        p1_0.created_by,
        p1_0.deleted,
        p1_0.description,
        p1_0.discount,
        p1_0.featured,
        p1_0.price,
        p1_0.product_name,
        p1_0.rating,
        p1_0.review_count,
        p1_0.sku,
        p1_0.status,
        p1_0.thumbnail_url,
        p1_0.updated_at,
        p1_0.updated_by,
        p1_0.version 
    from
        product p1_0 
    where
        p1_0.id=?
2026-09-24 02:13:26 TRACE [http-nio-8081-exec-4] - binding parameter (1:BIGINT) <- [1]
2026-09-24 02:13:26 DEBUG [http-nio-8081-exec-4] - 
    select
        c1_0.id,
        c1_0.description,
        c1_0.active,
        c1_0.category_name,
        c1_0.created_at,
        c1_0.image_url,
        c1_0.slug,
        c1_0.updated_at 
    from
        category c1_0 
    where
        c1_0.id=?
2026-09-24 02:13:26 TRACE [http-nio-8081-exec-4] - binding parameter (1:BIGINT) <- [3]
2026-09-24 02:13:26 DEBUG [http-nio-8081-exec-4] - 
    select
        b1_0.id,
        b1_0.brand_name,
        b1_0.created_at,
        b1_0.logo_url,
        b1_0.slug,
        b1_0.status,
        b1_0.updated_at,
        b1_0.website_url 
    from
        brands b1_0 
    where
        b1_0.id=?
2026-09-24 02:13:26 TRACE [http-nio-8081-exec-4] - binding parameter (1:BIGINT) <- [6]
2026-09-24T02:13:26.764+05:30 DEBUG 15808 --- [inventory-service] [http-nio-8082-exec-9] org.hibernate.SQL                        : select i1_0.id,i1_0.available_quantity,i1_0.product_id,i1_0.reorder_level,i1_0.reserved_quantity,i1_0.version from inventory i1_0 where i1_0.product_id=? for update of i1_0
2026-09-24T02:13:26.764+05:30 TRACE 15808 --- [inventory-service] [http-nio-8082-exec-9] org.hibernate.orm.jdbc.bind              : binding parameter (1:BIGINT) <- [1]
2026-09-24T02:13:26.765+05:30  INFO 15808 --- [inventory-service] [http-nio-8082-exec-9] c.E.i.ServiceImpl.InventoryServiceImpl   : Reserved 5 units for product id: 1. Available: 95, reserved: 5
2026-09-24T02:13:26.766+05:30 DEBUG 15808 --- [inventory-service] [http-nio-8082-exec-9] org.hibernate.SQL                        : update inventory set available_quantity=?,product_id=?,reorder_level=?,reserved_quantity=?,version=? where id=? and version=?
2026-09-24T02:13:26.766+05:30 TRACE 15808 --- [inventory-service] [http-nio-8082-exec-9] org.hibernate.orm.jdbc.bind              : binding parameter (1:INTEGER) <- [95]
2026-09-24T02:13:26.766+05:30 TRACE 15808 --- [inventory-service] [http-nio-8082-exec-9] org.hibernate.orm.jdbc.bind              : binding parameter (2:BIGINT) <- [1]
2026-09-24T02:13:26.766+05:30 TRACE 15808 --- [inventory-service] [http-nio-8082-exec-9] org.hibernate.orm.jdbc.bind              : binding parameter (3:INTEGER) <- [10]
2026-09-24T02:13:26.766+05:30 TRACE 15808 --- [inventory-service] [http-nio-8082-exec-9] org.hibernate.orm.jdbc.bind              : binding parameter (4:INTEGER) <- [5]
2026-09-24T02:13:26.766+05:30 TRACE 15808 --- [inventory-service] [http-nio-8082-exec-9] org.hibernate.orm.jdbc.bind              : binding parameter (5:BIGINT) <- [13]
2026-09-24T02:13:26.766+05:30 TRACE 15808 --- [inventory-service] [http-nio-8082-exec-9] org.hibernate.orm.jdbc.bind              : binding parameter (6:BIGINT) <- [2]
2026-09-24T02:13:26.766+05:30 TRACE 15808 --- [inventory-service] [http-nio-8082-exec-9] org.hibernate.orm.jdbc.bind              : binding parameter (7:BIGINT) <- [12]
2026-09-24T02:13:35.744+05:30 DEBUG 21236 --- [payment] [http-nio-8084-exec-2] org.hibernate.SQL                        : select p1_0.id from payment p1_0 where p1_0.order_id=? limit ?
2026-09-24T02:13:35.747+05:30 TRACE 21236 --- [payment] [http-nio-8084-exec-2] org.hibernate.orm.jdbc.bind              : binding parameter (1:BIGINT) <- [4]
2026-09-24T02:13:35.747+05:30 TRACE 21236 --- [payment] [http-nio-8084-exec-2] org.hibernate.orm.jdbc.bind              : binding parameter (2:INTEGER) <- [1]
2026-09-24T02:13:35.777+05:30 DEBUG 21236 --- [payment] [http-nio-8084-exec-2] org.hibernate.SQL                        : insert into payment (amount,created_at,order_id,payment_method,payment_status,transaction_id,updated_at) values (?,?,?,?,?,?,?)
2026-09-24T02:13:35.778+05:30 TRACE 21236 --- [payment] [http-nio-8084-exec-2] org.hibernate.orm.jdbc.bind              : binding parameter (1:NUMERIC) <- [50000.00]
2026-09-24T02:13:35.778+05:30 TRACE 21236 --- [payment] [http-nio-8084-exec-2] org.hibernate.orm.jdbc.bind              : binding parameter (2:TIMESTAMP) <- [2026-09-24T02:13:35.772408]
2026-09-24T02:13:35.779+05:30 TRACE 21236 --- [payment] [http-nio-8084-exec-2] org.hibernate.orm.jdbc.bind              : binding parameter (3:BIGINT) <- [4]
2026-09-24T02:13:35.779+05:30 TRACE 21236 --- [payment] [http-nio-8084-exec-2] org.hibernate.orm.jdbc.bind              : binding parameter (4:ENUM) <- [Upi]
2026-09-24T02:13:35.779+05:30 TRACE 21236 --- [payment] [http-nio-8084-exec-2] org.hibernate.orm.jdbc.bind              : binding parameter (5:ENUM) <- [SUCCESS]
2026-09-24T02:13:35.779+05:30 TRACE 21236 --- [payment] [http-nio-8084-exec-2] org.hibernate.orm.jdbc.bind              : binding parameter (6:VARCHAR) <- [txn2026-01-97bc-a9ea5f8cbbb6]
2026-09-24T02:13:35.779+05:30 TRACE 21236 --- [payment] [http-nio-8084-exec-2] org.hibernate.orm.jdbc.bind              : binding parameter (7:TIMESTAMP) <- [2026-09-24T02:13:35.772408]
2026-09-24T02:13:35.791+05:30  INFO 21236 --- [payment] [http-nio-8084-exec-2] c.p.ServiceImpl.PaymentServiceImpl       : Payment successful for order 4 with transaction txn2026-01-97bc-a9ea5f8cbbb6
2026-09-24T02:14:00.995+05:30 DEBUG 15808 --- [inventory-service] [http-nio-8082-exec-4] org.hibernate.SQL                        : select i1_0.id,i1_0.available_quantity,i1_0.product_id,i1_0.reorder_level,i1_0.reserved_quantity,i1_0.version from inventory i1_0 where i1_0.product_id=? for update of i1_0
2026-09-24T02:14:00.995+05:30 TRACE 15808 --- [inventory-service] [http-nio-8082-exec-4] org.hibernate.orm.jdbc.bind              : binding parameter (1:BIGINT) <- [1]
2026-09-24T02:14:00.999+05:30  INFO 15808 --- [inventory-service] [http-nio-8082-exec-4] c.E.i.ServiceImpl.InventoryServiceImpl   : Confirmed 5 reserved units for product id: 1. Remaining reserved: 0
2026-09-24T02:14:01.000+05:30 DEBUG 15808 --- [inventory-service] [http-nio-8082-exec-4] org.hibernate.SQL                        : update inventory set available_quantity=?,product_id=?,reorder_level=?,reserved_quantity=?,version=? where id=? and version=?
2026-09-24T02:14:01.001+05:30 TRACE 15808 --- [inventory-service] [http-nio-8082-exec-4] org.hibernate.orm.jdbc.bind              : binding parameter (1:INTEGER) <- [95]
2026-09-24T02:14:01.001+05:30 TRACE 15808 --- [inventory-service] [http-nio-8082-exec-4] org.hibernate.orm.jdbc.bind              : binding parameter (2:BIGINT) <- [1]
2026-09-24T02:14:01.001+05:30 TRACE 15808 --- [inventory-service] [http-nio-8082-exec-4] org.hibernate.orm.jdbc.bind              : binding parameter (3:INTEGER) <- [10]
2026-09-24T02:14:01.001+05:30 TRACE 15808 --- [inventory-service] [http-nio-8082-exec-4] org.hibernate.orm.jdbc.bind              : binding parameter (4:INTEGER) <- [0]
2026-09-24T02:14:01.001+05:30 TRACE 15808 --- [inventory-service] [http-nio-8082-exec-4] org.hibernate.orm.jdbc.bind              : binding parameter (5:BIGINT) <- [14]
2026-09-24T02:14:01.001+05:30 TRACE 15808 --- [inventory-service] [http-nio-8082-exec-4] org.hibernate.orm.jdbc.bind              : binding parameter (6:BIGINT) <- [2]
2026-09-24T02:14:01.002+05:30 TRACE 15808 --- [inventory-service] [http-nio-8082-exec-4] org.hibernate.orm.jdbc.bind              : binding parameter (7:BIGINT) <- [13]
2026-09-24T02:16:08.844+05:30 DEBUG 21236 --- [payment] [http-nio-8084-exec-6] org.hibernate.SQL                        : select p1_0.id,p1_0.amount,p1_0.created_at,p1_0.order_id,p1_0.payment_method,p1_0.payment_status,p1_0.transaction_id,p1_0.updated_at from payment p1_0 where p1_0.order_id=?
2026-09-24T02:16:08.855+05:30 TRACE 21236 --- [payment] [http-nio-8084-exec-6] org.hibernate.orm.jdbc.bind              : binding parameter (1:BIGINT) <- [4]
2026-09-24T02:18:16.905+05:30  INFO 15808 --- [inventory-service] [SpringApplicationShutdownHook] o.s.boot.tomcat.GracefulShutdown         : Commencing graceful shutdown. Waiting for active requests to complete
2026-09-24T02:18:16.908+05:30  INFO 21236 --- [payment] [SpringApplicationShutdownHook] o.s.boot.tomcat.GracefulShutdown         : Commencing graceful shutdown. Waiting for active requests to complete
2026-09-24 02:18:16 INFO  [SpringApplicationShutdownHook] - Commencing graceful shutdown. Waiting for active requests to complete
2026-09-24T02:18:16.913+05:30  INFO 15808 --- [inventory-service] [tomcat-shutdown] o.s.boot.tomcat.GracefulShutdown         : Graceful shutdown complete
2026-09-24T02:18:16.917+05:30  INFO 21236 --- [payment] [tomcat-shutdown] o.s.boot.tomcat.GracefulShutdown         : Graceful shutdown complete
2026-09-24T02:18:16.919+05:30  INFO 15808 --- [inventory-service] [SpringApplicationShutdownHook] j.LocalContainerEntityManagerFactoryBean : Closing JPA EntityManagerFactory for persistence unit 'default'
2026-09-24 02:18:16 INFO  [tomcat-shutdown] - Graceful shutdown complete
2026-09-24T02:18:16.922+05:30  INFO 21236 --- [payment] [SpringApplicationShutdownHook] j.LocalContainerEntityManagerFactoryBean : Closing JPA EntityManagerFactory for persistence unit 'default'
2026-09-24T02:18:16.923+05:30  INFO 15808 --- [inventory-service] [SpringApplicationShutdownHook] com.zaxxer.hikari.HikariDataSource       : HikariPool-1 - Shutdown initiated...
2026-09-24 02:18:16 INFO  [SpringApplicationShutdownHook] - Closing JPA EntityManagerFactory for persistence unit 'default'
2026-09-24T02:18:16.925+05:30  INFO 21236 --- [payment] [SpringApplicationShutdownHook] com.zaxxer.hikari.HikariDataSource       : HikariPool-1 - Shutdown initiated...
2026-09-24 02:18:16 INFO  [SpringApplicationShutdownHook] - HikariPool-1 - Shutdown initiated...
2026-09-24T02:18:16.930+05:30  INFO 15808 --- [inventory-service] [SpringApplicationShutdownHook] com.zaxxer.hikari.HikariDataSource       : HikariPool-1 - Shutdown completed.
2026-09-24T02:18:16.931+05:30  INFO 21236 --- [payment] [SpringApplicationShutdownHook] com.zaxxer.hikari.HikariDataSource       : HikariPool-1 - Shutdown completed.
2026-09-24 02:18:16 INFO  [SpringApplicationShutdownHook] - HikariPool-1 - Shutdown completed.
