2026-09-21 01:05:58 INFO  [restartedMain] - Starting CategoryApplication using Java 21.0.11 with PID 11436 (C:\Users\vamsh\Desktop\MasterClass\MicroMini2\Category\target\classes started by vamsh in C:\Users\vamsh\Desktop\MasterClass\MicroMini2\Category)
2026-09-21 01:05:58 INFO  [restartedMain] - No active profile set, falling back to 1 default profile: "default"
2026-09-21 01:05:58 INFO  [restartedMain] - Devtools property defaults active! Set 'spring.devtools.add-properties' to 'false' to disable
2026-09-21 01:05:58 INFO  [restartedMain] - For additional web related logging consider setting the 'logging.level.web' property to 'DEBUG'
2026-09-21 01:05:59 INFO  [restartedMain] - Bootstrapping Spring Data JPA repositories in DEFAULT mode.
2026-09-21 01:05:59 INFO  [restartedMain] - Finished Spring Data repository scanning in 83 ms. Found 2 JPA repository interfaces.
2026-09-21 01:06:00 INFO  [restartedMain] - Tomcat initialized with port 8080 (http)
2026-09-21 01:06:00 INFO  [restartedMain] - Starting service [Tomcat]
2026-09-21 01:06:00 INFO  [restartedMain] - Starting Servlet engine: [Apache Tomcat/11.0.24]
2026-09-21 01:06:00 INFO  [restartedMain] - Root WebApplicationContext: initialization completed in 2019 ms
2026-09-21 01:06:00 INFO  [restartedMain] - HHH008540: Processing PersistenceUnitInfo [name: default]
2026-09-21 01:06:00 INFO  [restartedMain] - HHH000001: Hibernate ORM core version 7.2.24.Final
2026-09-21 01:06:01 INFO  [restartedMain] - No LoadTimeWeaver setup: ignoring JPA class transformer
2026-09-21 01:06:01 INFO  [restartedMain] - HikariPool-1 - Starting...
2026-09-21 01:06:02 INFO  [restartedMain] - HikariPool-1 - Added connection conn0: url=jdbc:h2:mem:testdb user=SA
2026-09-21 01:06:02 INFO  [restartedMain] - HikariPool-1 - Start completed.
2026-09-21 01:06:02 INFO  [restartedMain] - HHH10001005: Database info:
	Database JDBC URL [jdbc:h2:mem:testdb]
	Database driver: H2 JDBC Driver
	Database dialect: H2Dialect
	Database version: 2.4.240
	Default catalog/schema: TESTDB/PUBLIC
	Autocommit mode: undefined/unknown
	Isolation level: READ_COMMITTED [default READ_COMMITTED]
	JDBC fetch size: 100
	Pool: DataSourceConnectionProvider
	Minimum pool size: undefined/unknown
	Maximum pool size: undefined/unknown
2026-09-21 01:06:03 INFO  [restartedMain] - HHH000489: No JTA platform available (set 'hibernate.transaction.jta.platform' to enable JTA platform integration)
2026-09-21 01:06:03 INFO  [restartedMain] - Initialized JPA EntityManagerFactory for persistence unit 'default'
2026-09-21 01:06:03 INFO  [restartedMain] - Hibernate is in classpath; If applicable, HQL parser will be used.
2026-09-21 01:06:03 WARN  [restartedMain] - spring.jpa.open-in-view is enabled by default. Therefore, database queries may be performed during view rendering. Explicitly configure spring.jpa.open-in-view to disable this warning
2026-09-21 01:06:04 INFO  [restartedMain] - H2 console available at '/h2-console'. Database available at 'jdbc:h2:mem:testdb'
2026-09-21 01:06:04 INFO  [restartedMain] - Tomcat started on port 8080 (http) with context path '/'
2026-09-21 01:06:04 INFO  [restartedMain] - Started CategoryApplication in 6.43 seconds (process running for 7.097)
2026-09-21 01:06:04 WARN  [restartedMain] - SpringDoc /v3/api-docs endpoint is enabled by default. To disable it in production, set the property 'springdoc.api-docs.enabled=false'
2026-09-21 01:06:04 WARN  [restartedMain] - SpringDoc /swagger-ui.html endpoint is enabled by default. To disable it in production, set the property 'springdoc.swagger-ui.enabled=false'
2026-09-21 01:11:03 INFO  [File Watcher] - Restarting due to 1 class path change (0 additions, 1 deletion, 0 modifications)
2026-09-21 01:11:03 INFO  [Thread-1] - Commencing graceful shutdown. Waiting for active requests to complete
2026-09-21 01:11:03 INFO  [tomcat-shutdown] - Graceful shutdown complete
2026-09-21 01:11:03 INFO  [Thread-1] - Closing JPA EntityManagerFactory for persistence unit 'default'
2026-09-21 01:11:03 WARN  [Thread-1] - Invocation of destroy method failed on bean with name 'inMemoryDatabaseShutdownExecutor': org.h2.jdbc.JdbcSQLNonTransientConnectionException: Database is already closed (to disable automatic closing at VM shutdown, add ";DB_CLOSE_ON_EXIT=FALSE" to the db URL) [90121-240]
2026-09-21 01:11:03 INFO  [Thread-1] - HikariPool-1 - Shutdown initiated...
2026-09-21 01:11:03 INFO  [Thread-1] - HikariPool-1 - Shutdown completed.
2026-09-21 01:11:03 INFO  [restartedMain] - Starting CategoryApplication using Java 21.0.11 with PID 11436 (C:\Users\vamsh\Desktop\MasterClass\MicroMini2\Category\target\classes started by vamsh in C:\Users\vamsh\Desktop\MasterClass\MicroMini2\Category)
2026-09-21 01:11:03 INFO  [restartedMain] - No active profile set, falling back to 1 default profile: "default"
2026-09-21 01:11:03 INFO  [restartedMain] - Bootstrapping Spring Data JPA repositories in DEFAULT mode.
2026-09-21 01:11:03 INFO  [restartedMain] - Finished Spring Data repository scanning in 30 ms. Found 2 JPA repository interfaces.
2026-09-21 01:11:03 INFO  [restartedMain] - Tomcat initialized with port 8080 (http)
2026-09-21 01:11:03 INFO  [restartedMain] - Starting service [Tomcat]
2026-09-21 01:11:03 INFO  [restartedMain] - Starting Servlet engine: [Apache Tomcat/11.0.24]
2026-09-21 01:11:04 INFO  [restartedMain] - Root WebApplicationContext: initialization completed in 855 ms
2026-09-21 01:11:04 INFO  [restartedMain] - HHH008540: Processing PersistenceUnitInfo [name: default]
2026-09-21 01:11:04 INFO  [restartedMain] - No LoadTimeWeaver setup: ignoring JPA class transformer
2026-09-21 01:11:04 INFO  [restartedMain] - HikariPool-2 - Starting...
2026-09-21 01:11:04 INFO  [restartedMain] - HikariPool-2 - Added connection conn11: url=jdbc:h2:mem:testdb user=SA
2026-09-21 01:11:04 INFO  [restartedMain] - HikariPool-2 - Start completed.
2026-09-21 01:11:04 INFO  [restartedMain] - HHH10001005: Database info:
	Database JDBC URL [jdbc:h2:mem:testdb]
	Database driver: H2 JDBC Driver
	Database dialect: H2Dialect
	Database version: 2.4.240
	Default catalog/schema: TESTDB/PUBLIC
	Autocommit mode: undefined/unknown
	Isolation level: READ_COMMITTED [default READ_COMMITTED]
	JDBC fetch size: 100
	Pool: DataSourceConnectionProvider
	Minimum pool size: undefined/unknown
	Maximum pool size: undefined/unknown
2026-09-21 01:11:04 INFO  [restartedMain] - HHH000489: No JTA platform available (set 'hibernate.transaction.jta.platform' to enable JTA platform integration)
2026-09-21 01:11:04 INFO  [restartedMain] - Initialized JPA EntityManagerFactory for persistence unit 'default'
2026-09-21 01:11:04 WARN  [restartedMain] - spring.jpa.open-in-view is enabled by default. Therefore, database queries may be performed during view rendering. Explicitly configure spring.jpa.open-in-view to disable this warning
2026-09-21 01:11:05 INFO  [restartedMain] - H2 console available at '/h2-console'. Database available at 'jdbc:h2:mem:testdb'
2026-09-21 01:11:05 INFO  [restartedMain] - Tomcat started on port 8080 (http) with context path '/'
2026-09-21 01:11:05 INFO  [restartedMain] - Started CategoryApplication in 1.961 seconds (process running for 307.736)
2026-09-21 01:11:05 WARN  [restartedMain] - SpringDoc /v3/api-docs endpoint is enabled by default. To disable it in production, set the property 'springdoc.api-docs.enabled=false'
2026-09-21 01:11:05 WARN  [restartedMain] - SpringDoc /swagger-ui.html endpoint is enabled by default. To disable it in production, set the property 'springdoc.swagger-ui.enabled=false'
2026-09-21 01:11:05 INFO  [restartedMain] - Condition evaluation unchanged
2026-09-21 01:12:36 INFO  [File Watcher] - Restarting due to 1 class path change (0 additions, 1 deletion, 0 modifications)
2026-09-21 01:12:36 INFO  [Thread-5] - Commencing graceful shutdown. Waiting for active requests to complete
2026-09-21 01:12:36 INFO  [tomcat-shutdown] - Graceful shutdown complete
2026-09-21 01:12:36 INFO  [Thread-5] - Closing JPA EntityManagerFactory for persistence unit 'default'
2026-09-21 01:12:36 WARN  [Thread-5] - Invocation of destroy method failed on bean with name 'inMemoryDatabaseShutdownExecutor': org.h2.jdbc.JdbcSQLNonTransientConnectionException: Database is already closed (to disable automatic closing at VM shutdown, add ";DB_CLOSE_ON_EXIT=FALSE" to the db URL) [90121-240]
2026-09-21 01:12:36 INFO  [Thread-5] - HikariPool-2 - Shutdown initiated...
2026-09-21 01:12:36 INFO  [Thread-5] - HikariPool-2 - Shutdown completed.
2026-09-21 01:12:36 INFO  [restartedMain] - Starting CategoryApplication using Java 21.0.11 with PID 11436 (C:\Users\vamsh\Desktop\MasterClass\MicroMini2\Category\target\classes started by vamsh in C:\Users\vamsh\Desktop\MasterClass\MicroMini2\Category)
2026-09-21 01:12:36 INFO  [restartedMain] - No active profile set, falling back to 1 default profile: "default"
2026-09-21 01:12:36 INFO  [restartedMain] - Bootstrapping Spring Data JPA repositories in DEFAULT mode.
2026-09-21 01:12:37 INFO  [restartedMain] - Finished Spring Data repository scanning in 25 ms. Found 2 JPA repository interfaces.
2026-09-21 01:12:37 INFO  [restartedMain] - Tomcat initialized with port 8080 (http)
2026-09-21 01:12:37 INFO  [restartedMain] - Starting service [Tomcat]
2026-09-21 01:12:37 INFO  [restartedMain] - Starting Servlet engine: [Apache Tomcat/11.0.24]
2026-09-21 01:12:37 INFO  [restartedMain] - Root WebApplicationContext: initialization completed in 698 ms
2026-09-21 01:12:37 INFO  [restartedMain] - HHH008540: Processing PersistenceUnitInfo [name: default]
2026-09-21 01:12:37 INFO  [restartedMain] - No LoadTimeWeaver setup: ignoring JPA class transformer
2026-09-21 01:12:37 INFO  [restartedMain] - HikariPool-3 - Starting...
2026-09-21 01:12:37 INFO  [restartedMain] - HikariPool-3 - Added connection conn21: url=jdbc:h2:mem:testdb user=SA
2026-09-21 01:12:37 INFO  [restartedMain] - HikariPool-3 - Start completed.
2026-09-21 01:12:37 INFO  [restartedMain] - HHH10001005: Database info:
	Database JDBC URL [jdbc:h2:mem:testdb]
	Database driver: H2 JDBC Driver
	Database dialect: H2Dialect
	Database version: 2.4.240
	Default catalog/schema: TESTDB/PUBLIC
	Autocommit mode: undefined/unknown
	Isolation level: READ_COMMITTED [default READ_COMMITTED]
	JDBC fetch size: 100
	Pool: DataSourceConnectionProvider
	Minimum pool size: undefined/unknown
	Maximum pool size: undefined/unknown
2026-09-21 01:12:37 INFO  [restartedMain] - HHH000489: No JTA platform available (set 'hibernate.transaction.jta.platform' to enable JTA platform integration)
2026-09-21 01:12:37 INFO  [restartedMain] - Initialized JPA EntityManagerFactory for persistence unit 'default'
2026-09-21 01:12:37 WARN  [restartedMain] - spring.jpa.open-in-view is enabled by default. Therefore, database queries may be performed during view rendering. Explicitly configure spring.jpa.open-in-view to disable this warning
2026-09-21 01:12:38 INFO  [restartedMain] - H2 console available at '/h2-console'. Database available at 'jdbc:h2:mem:testdb'
2026-09-21 01:12:38 INFO  [restartedMain] - Tomcat started on port 8080 (http) with context path '/'
2026-09-21 01:12:38 INFO  [restartedMain] - Started CategoryApplication in 1.725 seconds (process running for 400.879)
2026-09-21 01:12:38 WARN  [restartedMain] - SpringDoc /v3/api-docs endpoint is enabled by default. To disable it in production, set the property 'springdoc.api-docs.enabled=false'
2026-09-21 01:12:38 WARN  [restartedMain] - SpringDoc /swagger-ui.html endpoint is enabled by default. To disable it in production, set the property 'springdoc.swagger-ui.enabled=false'
2026-09-21 01:12:38 INFO  [restartedMain] - Condition evaluation unchanged
2026-09-21 01:12:39 INFO  [File Watcher] - Restarting due to 3 class path changes (3 additions, 0 deletions, 0 modifications)
2026-09-21 01:12:39 INFO  [Thread-10] - Commencing graceful shutdown. Waiting for active requests to complete
2026-09-21 01:12:39 INFO  [tomcat-shutdown] - Graceful shutdown complete
2026-09-21 01:12:39 INFO  [Thread-10] - Closing JPA EntityManagerFactory for persistence unit 'default'
2026-09-21 01:12:39 WARN  [Thread-10] - Invocation of destroy method failed on bean with name 'inMemoryDatabaseShutdownExecutor': org.h2.jdbc.JdbcSQLNonTransientConnectionException: Database is already closed (to disable automatic closing at VM shutdown, add ";DB_CLOSE_ON_EXIT=FALSE" to the db URL) [90121-240]
2026-09-21 01:12:39 INFO  [Thread-10] - HikariPool-3 - Shutdown initiated...
2026-09-21 01:12:39 INFO  [Thread-10] - HikariPool-3 - Shutdown completed.
2026-09-21 01:12:39 INFO  [restartedMain] - Starting CategoryApplication using Java 21.0.11 with PID 11436 (C:\Users\vamsh\Desktop\MasterClass\MicroMini2\Category\target\classes started by vamsh in C:\Users\vamsh\Desktop\MasterClass\MicroMini2\Category)
2026-09-21 01:12:39 INFO  [restartedMain] - No active profile set, falling back to 1 default profile: "default"
2026-09-21 01:12:39 INFO  [restartedMain] - Bootstrapping Spring Data JPA repositories in DEFAULT mode.
2026-09-21 01:12:39 INFO  [restartedMain] - Finished Spring Data repository scanning in 9 ms. Found 2 JPA repository interfaces.
2026-09-21 01:12:39 INFO  [restartedMain] - Tomcat initialized with port 8080 (http)
2026-09-21 01:12:39 INFO  [restartedMain] - Starting service [Tomcat]
2026-09-21 01:12:39 INFO  [restartedMain] - Starting Servlet engine: [Apache Tomcat/11.0.24]
2026-09-21 01:12:39 INFO  [restartedMain] - Root WebApplicationContext: initialization completed in 224 ms
2026-09-21 01:12:40 INFO  [restartedMain] - HHH008540: Processing PersistenceUnitInfo [name: default]
2026-09-21 01:12:40 INFO  [restartedMain] - No LoadTimeWeaver setup: ignoring JPA class transformer
2026-09-21 01:12:40 INFO  [restartedMain] - HikariPool-4 - Starting...
2026-09-21 01:12:40 INFO  [restartedMain] - HikariPool-4 - Added connection conn31: url=jdbc:h2:mem:testdb user=SA
2026-09-21 01:12:40 INFO  [restartedMain] - HikariPool-4 - Start completed.
2026-09-21 01:12:40 INFO  [restartedMain] - HHH10001005: Database info:
	Database JDBC URL [jdbc:h2:mem:testdb]
	Database driver: H2 JDBC Driver
	Database dialect: H2Dialect
	Database version: 2.4.240
	Default catalog/schema: TESTDB/PUBLIC
	Autocommit mode: undefined/unknown
	Isolation level: READ_COMMITTED [default READ_COMMITTED]
	JDBC fetch size: 100
	Pool: DataSourceConnectionProvider
	Minimum pool size: undefined/unknown
	Maximum pool size: undefined/unknown
2026-09-21 01:12:40 INFO  [restartedMain] - HHH000489: No JTA platform available (set 'hibernate.transaction.jta.platform' to enable JTA platform integration)
2026-09-21 01:12:40 INFO  [restartedMain] - Initialized JPA EntityManagerFactory for persistence unit 'default'
2026-09-21 01:12:40 WARN  [restartedMain] - spring.jpa.open-in-view is enabled by default. Therefore, database queries may be performed during view rendering. Explicitly configure spring.jpa.open-in-view to disable this warning
2026-09-21 01:12:40 INFO  [restartedMain] - H2 console available at '/h2-console'. Database available at 'jdbc:h2:mem:testdb'
2026-09-21 01:12:40 INFO  [restartedMain] - Tomcat started on port 8080 (http) with context path '/'
2026-09-21 01:12:40 INFO  [restartedMain] - Started CategoryApplication in 0.656 seconds (process running for 403.018)
2026-09-21 01:12:40 WARN  [restartedMain] - SpringDoc /v3/api-docs endpoint is enabled by default. To disable it in production, set the property 'springdoc.api-docs.enabled=false'
2026-09-21 01:12:40 WARN  [restartedMain] - SpringDoc /swagger-ui.html endpoint is enabled by default. To disable it in production, set the property 'springdoc.swagger-ui.enabled=false'
2026-09-21 01:12:40 INFO  [restartedMain] - Condition evaluation unchanged
2026-09-21 01:13:46 INFO  [File Watcher] - Restarting due to 1 class path change (0 additions, 1 deletion, 0 modifications)
2026-09-21 01:13:46 INFO  [Thread-14] - Commencing graceful shutdown. Waiting for active requests to complete
2026-09-21 01:13:46 INFO  [tomcat-shutdown] - Graceful shutdown complete
2026-09-21 01:13:46 INFO  [Thread-14] - Closing JPA EntityManagerFactory for persistence unit 'default'
2026-09-21 01:13:46 WARN  [Thread-14] - Invocation of destroy method failed on bean with name 'inMemoryDatabaseShutdownExecutor': org.h2.jdbc.JdbcSQLNonTransientConnectionException: Database is already closed (to disable automatic closing at VM shutdown, add ";DB_CLOSE_ON_EXIT=FALSE" to the db URL) [90121-240]
2026-09-21 01:13:46 INFO  [Thread-14] - HikariPool-4 - Shutdown initiated...
2026-09-21 01:13:46 INFO  [Thread-14] - HikariPool-4 - Shutdown completed.
2026-09-21 01:13:46 INFO  [restartedMain] - Starting CategoryApplication using Java 21.0.11 with PID 11436 (C:\Users\vamsh\Desktop\MasterClass\MicroMini2\Category\target\classes started by vamsh in C:\Users\vamsh\Desktop\MasterClass\MicroMini2\Category)
2026-09-21 01:13:46 INFO  [restartedMain] - No active profile set, falling back to 1 default profile: "default"
2026-09-21 01:13:46 INFO  [restartedMain] - Bootstrapping Spring Data JPA repositories in DEFAULT mode.
2026-09-21 01:13:46 INFO  [restartedMain] - Finished Spring Data repository scanning in 27 ms. Found 2 JPA repository interfaces.
2026-09-21 01:13:46 INFO  [restartedMain] - Tomcat initialized with port 8080 (http)
2026-09-21 01:13:46 INFO  [restartedMain] - Starting service [Tomcat]
2026-09-21 01:13:46 INFO  [restartedMain] - Starting Servlet engine: [Apache Tomcat/11.0.24]
2026-09-21 01:13:46 INFO  [restartedMain] - Root WebApplicationContext: initialization completed in 623 ms
2026-09-21 01:13:47 INFO  [restartedMain] - HHH008540: Processing PersistenceUnitInfo [name: default]
2026-09-21 01:13:47 INFO  [restartedMain] - No LoadTimeWeaver setup: ignoring JPA class transformer
2026-09-21 01:13:47 INFO  [restartedMain] - HikariPool-5 - Starting...
2026-09-21 01:13:47 INFO  [restartedMain] - HikariPool-5 - Added connection conn41: url=jdbc:h2:mem:testdb user=SA
2026-09-21 01:13:47 INFO  [restartedMain] - HikariPool-5 - Start completed.
2026-09-21 01:13:47 INFO  [restartedMain] - HHH10001005: Database info:
	Database JDBC URL [jdbc:h2:mem:testdb]
	Database driver: H2 JDBC Driver
	Database dialect: H2Dialect
	Database version: 2.4.240
	Default catalog/schema: TESTDB/PUBLIC
	Autocommit mode: undefined/unknown
	Isolation level: READ_COMMITTED [default READ_COMMITTED]
	JDBC fetch size: 100
	Pool: DataSourceConnectionProvider
	Minimum pool size: undefined/unknown
	Maximum pool size: undefined/unknown
2026-09-21 01:13:47 INFO  [restartedMain] - HHH000489: No JTA platform available (set 'hibernate.transaction.jta.platform' to enable JTA platform integration)
2026-09-21 01:13:47 INFO  [restartedMain] - Initialized JPA EntityManagerFactory for persistence unit 'default'
2026-09-21 01:13:47 WARN  [restartedMain] - spring.jpa.open-in-view is enabled by default. Therefore, database queries may be performed during view rendering. Explicitly configure spring.jpa.open-in-view to disable this warning
2026-09-21 01:13:47 INFO  [restartedMain] - H2 console available at '/h2-console'. Database available at 'jdbc:h2:mem:testdb'
2026-09-21 01:13:47 INFO  [restartedMain] - Tomcat started on port 8080 (http) with context path '/'
2026-09-21 01:13:47 INFO  [restartedMain] - Started CategoryApplication in 1.517 seconds (process running for 470.455)
2026-09-21 01:13:47 WARN  [restartedMain] - SpringDoc /v3/api-docs endpoint is enabled by default. To disable it in production, set the property 'springdoc.api-docs.enabled=false'
2026-09-21 01:13:47 WARN  [restartedMain] - SpringDoc /swagger-ui.html endpoint is enabled by default. To disable it in production, set the property 'springdoc.swagger-ui.enabled=false'
2026-09-21 01:13:47 INFO  [restartedMain] - Condition evaluation unchanged
2026-09-21 01:13:50 INFO  [File Watcher] - Restarting due to 1 class path change (1 addition, 0 deletions, 0 modifications)
2026-09-21 01:13:50 INFO  [Thread-18] - Commencing graceful shutdown. Waiting for active requests to complete
2026-09-21 01:13:50 INFO  [tomcat-shutdown] - Graceful shutdown complete
2026-09-21 01:13:50 INFO  [Thread-18] - Closing JPA EntityManagerFactory for persistence unit 'default'
2026-09-21 01:13:50 WARN  [Thread-18] - Invocation of destroy method failed on bean with name 'inMemoryDatabaseShutdownExecutor': org.h2.jdbc.JdbcSQLNonTransientConnectionException: Database is already closed (to disable automatic closing at VM shutdown, add ";DB_CLOSE_ON_EXIT=FALSE" to the db URL) [90121-240]
2026-09-21 01:13:50 INFO  [Thread-18] - HikariPool-5 - Shutdown initiated...
2026-09-21 01:13:50 INFO  [Thread-18] - HikariPool-5 - Shutdown completed.
2026-09-21 01:13:50 INFO  [restartedMain] - Starting CategoryApplication using Java 21.0.11 with PID 11436 (C:\Users\vamsh\Desktop\MasterClass\MicroMini2\Category\target\classes started by vamsh in C:\Users\vamsh\Desktop\MasterClass\MicroMini2\Category)
2026-09-21 01:13:50 INFO  [restartedMain] - No active profile set, falling back to 1 default profile: "default"
2026-09-21 01:13:50 INFO  [restartedMain] - Bootstrapping Spring Data JPA repositories in DEFAULT mode.
2026-09-21 01:13:50 INFO  [restartedMain] - Finished Spring Data repository scanning in 29 ms. Found 2 JPA repository interfaces.
2026-09-21 01:13:50 INFO  [restartedMain] - Tomcat initialized with port 8080 (http)
2026-09-21 01:13:50 INFO  [restartedMain] - Starting service [Tomcat]
2026-09-21 01:13:50 INFO  [restartedMain] - Starting Servlet engine: [Apache Tomcat/11.0.24]
2026-09-21 01:13:50 INFO  [restartedMain] - Root WebApplicationContext: initialization completed in 668 ms
2026-09-21 01:13:51 INFO  [restartedMain] - HHH008540: Processing PersistenceUnitInfo [name: default]
2026-09-21 01:13:51 INFO  [restartedMain] - No LoadTimeWeaver setup: ignoring JPA class transformer
2026-09-21 01:13:51 INFO  [restartedMain] - HikariPool-6 - Starting...
2026-09-21 01:13:51 INFO  [restartedMain] - HikariPool-6 - Added connection conn51: url=jdbc:h2:mem:testdb user=SA
2026-09-21 01:13:51 INFO  [restartedMain] - HikariPool-6 - Start completed.
2026-09-21 01:13:51 INFO  [restartedMain] - HHH10001005: Database info:
	Database JDBC URL [jdbc:h2:mem:testdb]
	Database driver: H2 JDBC Driver
	Database dialect: H2Dialect
	Database version: 2.4.240
	Default catalog/schema: TESTDB/PUBLIC
	Autocommit mode: undefined/unknown
	Isolation level: READ_COMMITTED [default READ_COMMITTED]
	JDBC fetch size: 100
	Pool: DataSourceConnectionProvider
	Minimum pool size: undefined/unknown
	Maximum pool size: undefined/unknown
2026-09-21 01:13:51 INFO  [restartedMain] - HHH000489: No JTA platform available (set 'hibernate.transaction.jta.platform' to enable JTA platform integration)
2026-09-21 01:13:51 INFO  [restartedMain] - Initialized JPA EntityManagerFactory for persistence unit 'default'
2026-09-21 01:13:51 WARN  [restartedMain] - spring.jpa.open-in-view is enabled by default. Therefore, database queries may be performed during view rendering. Explicitly configure spring.jpa.open-in-view to disable this warning
2026-09-21 01:13:51 INFO  [restartedMain] - H2 console available at '/h2-console'. Database available at 'jdbc:h2:mem:testdb'
2026-09-21 01:13:51 INFO  [restartedMain] - Tomcat started on port 8080 (http) with context path '/'
2026-09-21 01:13:51 INFO  [restartedMain] - Started CategoryApplication in 1.362 seconds (process running for 474.29)
2026-09-21 01:13:51 WARN  [restartedMain] - SpringDoc /v3/api-docs endpoint is enabled by default. To disable it in production, set the property 'springdoc.api-docs.enabled=false'
2026-09-21 01:13:51 WARN  [restartedMain] - SpringDoc /swagger-ui.html endpoint is enabled by default. To disable it in production, set the property 'springdoc.swagger-ui.enabled=false'
2026-09-21 01:13:51 INFO  [restartedMain] - Condition evaluation unchanged
2026-09-21 01:14:44 INFO  [File Watcher] - Restarting due to 1 class path change (1 addition, 0 deletions, 0 modifications)
2026-09-21 01:14:44 INFO  [Thread-22] - Commencing graceful shutdown. Waiting for active requests to complete
2026-09-21 01:14:44 INFO  [tomcat-shutdown] - Graceful shutdown complete
2026-09-21 01:14:44 INFO  [Thread-22] - Closing JPA EntityManagerFactory for persistence unit 'default'
2026-09-21 01:14:44 WARN  [Thread-22] - Invocation of destroy method failed on bean with name 'inMemoryDatabaseShutdownExecutor': org.h2.jdbc.JdbcSQLNonTransientConnectionException: Database is already closed (to disable automatic closing at VM shutdown, add ";DB_CLOSE_ON_EXIT=FALSE" to the db URL) [90121-240]
2026-09-21 01:14:44 INFO  [Thread-22] - HikariPool-6 - Shutdown initiated...
2026-09-21 01:14:44 INFO  [Thread-22] - HikariPool-6 - Shutdown completed.
2026-09-21 01:14:44 INFO  [restartedMain] - Starting CategoryApplication using Java 21.0.11 with PID 11436 (C:\Users\vamsh\Desktop\MasterClass\MicroMini2\Category\target\classes started by vamsh in C:\Users\vamsh\Desktop\MasterClass\MicroMini2\Category)
2026-09-21 01:14:44 INFO  [restartedMain] - No active profile set, falling back to 1 default profile: "default"
2026-09-21 01:14:45 INFO  [restartedMain] - Bootstrapping Spring Data JPA repositories in DEFAULT mode.
2026-09-21 01:14:45 INFO  [restartedMain] - Finished Spring Data repository scanning in 29 ms. Found 2 JPA repository interfaces.
2026-09-21 01:14:45 INFO  [restartedMain] - Tomcat initialized with port 8080 (http)
2026-09-21 01:14:45 INFO  [restartedMain] - Starting service [Tomcat]
2026-09-21 01:14:45 INFO  [restartedMain] - Starting Servlet engine: [Apache Tomcat/11.0.24]
2026-09-21 01:14:45 INFO  [restartedMain] - Root WebApplicationContext: initialization completed in 795 ms
2026-09-21 01:14:45 INFO  [restartedMain] - HHH008540: Processing PersistenceUnitInfo [name: default]
2026-09-21 01:14:45 INFO  [restartedMain] - No LoadTimeWeaver setup: ignoring JPA class transformer
2026-09-21 01:14:45 INFO  [restartedMain] - HikariPool-7 - Starting...
2026-09-21 01:14:45 INFO  [restartedMain] - HikariPool-7 - Added connection conn61: url=jdbc:h2:mem:testdb user=SA
2026-09-21 01:14:45 INFO  [restartedMain] - HikariPool-7 - Start completed.
2026-09-21 01:14:45 INFO  [restartedMain] - HHH10001005: Database info:
	Database JDBC URL [jdbc:h2:mem:testdb]
	Database driver: H2 JDBC Driver
	Database dialect: H2Dialect
	Database version: 2.4.240
	Default catalog/schema: TESTDB/PUBLIC
	Autocommit mode: undefined/unknown
	Isolation level: READ_COMMITTED [default READ_COMMITTED]
	JDBC fetch size: 100
	Pool: DataSourceConnectionProvider
	Minimum pool size: undefined/unknown
	Maximum pool size: undefined/unknown
2026-09-21 01:14:45 INFO  [restartedMain] - HHH000489: No JTA platform available (set 'hibernate.transaction.jta.platform' to enable JTA platform integration)
2026-09-21 01:14:45 INFO  [restartedMain] - Initialized JPA EntityManagerFactory for persistence unit 'default'
2026-09-21 01:14:45 WARN  [restartedMain] - spring.jpa.open-in-view is enabled by default. Therefore, database queries may be performed during view rendering. Explicitly configure spring.jpa.open-in-view to disable this warning
2026-09-21 01:14:46 INFO  [restartedMain] - H2 console available at '/h2-console'. Database available at 'jdbc:h2:mem:testdb'
2026-09-21 01:14:46 INFO  [restartedMain] - Tomcat started on port 8080 (http) with context path '/'
2026-09-21 01:14:46 INFO  [restartedMain] - Started CategoryApplication in 1.63 seconds (process running for 528.726)
2026-09-21 01:14:46 WARN  [restartedMain] - SpringDoc /v3/api-docs endpoint is enabled by default. To disable it in production, set the property 'springdoc.api-docs.enabled=false'
2026-09-21 01:14:46 WARN  [restartedMain] - SpringDoc /swagger-ui.html endpoint is enabled by default. To disable it in production, set the property 'springdoc.swagger-ui.enabled=false'
2026-09-21 01:14:46 INFO  [restartedMain] - Condition evaluation unchanged
2026-09-21 01:14:56 INFO  [http-nio-8080-exec-1] - Initializing Spring DispatcherServlet 'dispatcherServlet'
2026-09-21 01:14:56 INFO  [http-nio-8080-exec-1] - Initializing Servlet 'dispatcherServlet'
2026-09-21 01:14:56 INFO  [http-nio-8080-exec-1] - Completed initialization in 4 ms
2026-09-21 01:14:57 INFO  [http-nio-8080-exec-10] - Init duration for springdoc-openapi is: 734 ms
2026-09-21 01:16:09 INFO  [http-nio-8080-exec-5] - Category created successfully categoryId=1
2026-09-21 01:18:57 INFO  [File Watcher] - Restarting due to 2 class path changes (0 additions, 2 deletions, 0 modifications)
2026-09-21 01:18:57 INFO  [Thread-26] - Commencing graceful shutdown. Waiting for active requests to complete
2026-09-21 01:18:57 INFO  [tomcat-shutdown] - Graceful shutdown complete
2026-09-21 01:18:57 INFO  [Thread-26] - Closing JPA EntityManagerFactory for persistence unit 'default'
2026-09-21 01:18:57 WARN  [Thread-26] - Invocation of destroy method failed on bean with name 'inMemoryDatabaseShutdownExecutor': org.h2.jdbc.JdbcSQLNonTransientConnectionException: Database is already closed (to disable automatic closing at VM shutdown, add ";DB_CLOSE_ON_EXIT=FALSE" to the db URL) [90121-240]
2026-09-21 01:18:57 INFO  [Thread-26] - HikariPool-7 - Shutdown initiated...
2026-09-21 01:18:57 INFO  [Thread-26] - HikariPool-7 - Shutdown completed.
2026-09-21 01:18:57 INFO  [restartedMain] - Starting CategoryApplication using Java 21.0.11 with PID 11436 (C:\Users\vamsh\Desktop\MasterClass\MicroMini2\Category\target\classes started by vamsh in C:\Users\vamsh\Desktop\MasterClass\MicroMini2\Category)
2026-09-21 01:18:57 INFO  [restartedMain] - No active profile set, falling back to 1 default profile: "default"
2026-09-21 01:18:58 INFO  [restartedMain] - Bootstrapping Spring Data JPA repositories in DEFAULT mode.
2026-09-21 01:18:58 INFO  [restartedMain] - Finished Spring Data repository scanning in 22 ms. Found 2 JPA repository interfaces.
2026-09-21 01:18:58 INFO  [restartedMain] - Tomcat initialized with port 8080 (http)
2026-09-21 01:18:58 INFO  [restartedMain] - Starting service [Tomcat]
2026-09-21 01:18:58 INFO  [restartedMain] - Starting Servlet engine: [Apache Tomcat/11.0.24]
2026-09-21 01:18:58 INFO  [restartedMain] - Root WebApplicationContext: initialization completed in 693 ms
2026-09-21 01:18:58 INFO  [restartedMain] - HHH008540: Processing PersistenceUnitInfo [name: default]
2026-09-21 01:18:58 INFO  [restartedMain] - No LoadTimeWeaver setup: ignoring JPA class transformer
2026-09-21 01:18:58 INFO  [restartedMain] - HikariPool-8 - Starting...
2026-09-21 01:18:58 INFO  [restartedMain] - HikariPool-8 - Added connection conn72: url=jdbc:h2:mem:testdb user=SA
2026-09-21 01:18:58 INFO  [restartedMain] - HikariPool-8 - Start completed.
2026-09-21 01:18:58 INFO  [restartedMain] - HHH10001005: Database info:
	Database JDBC URL [jdbc:h2:mem:testdb]
	Database driver: H2 JDBC Driver
	Database dialect: H2Dialect
	Database version: 2.4.240
	Default catalog/schema: TESTDB/PUBLIC
	Autocommit mode: undefined/unknown
	Isolation level: READ_COMMITTED [default READ_COMMITTED]
	JDBC fetch size: 100
	Pool: DataSourceConnectionProvider
	Minimum pool size: undefined/unknown
	Maximum pool size: undefined/unknown
2026-09-21 01:18:58 INFO  [restartedMain] - HHH000489: No JTA platform available (set 'hibernate.transaction.jta.platform' to enable JTA platform integration)
2026-09-21 01:18:58 INFO  [restartedMain] - Initialized JPA EntityManagerFactory for persistence unit 'default'
2026-09-21 01:18:59 WARN  [restartedMain] - spring.jpa.open-in-view is enabled by default. Therefore, database queries may be performed during view rendering. Explicitly configure spring.jpa.open-in-view to disable this warning
2026-09-21 01:18:59 INFO  [restartedMain] - H2 console available at '/h2-console'. Database available at 'jdbc:h2:mem:testdb'
2026-09-21 01:18:59 INFO  [restartedMain] - Tomcat started on port 8080 (http) with context path '/'
2026-09-21 01:18:59 INFO  [restartedMain] - Started CategoryApplication in 1.715 seconds (process running for 782.232)
2026-09-21 01:18:59 WARN  [restartedMain] - SpringDoc /v3/api-docs endpoint is enabled by default. To disable it in production, set the property 'springdoc.api-docs.enabled=false'
2026-09-21 01:18:59 WARN  [restartedMain] - SpringDoc /swagger-ui.html endpoint is enabled by default. To disable it in production, set the property 'springdoc.swagger-ui.enabled=false'
2026-09-21 01:18:59 INFO  [restartedMain] - Condition evaluation unchanged
2026-09-21 01:19:00 INFO  [File Watcher] - Restarting due to 2 class path changes (2 additions, 0 deletions, 0 modifications)
2026-09-21 01:19:00 INFO  [Thread-30] - Commencing graceful shutdown. Waiting for active requests to complete
2026-09-21 01:19:00 INFO  [tomcat-shutdown] - Graceful shutdown complete
2026-09-21 01:19:00 INFO  [Thread-30] - Closing JPA EntityManagerFactory for persistence unit 'default'
2026-09-21 01:19:00 WARN  [Thread-30] - Invocation of destroy method failed on bean with name 'inMemoryDatabaseShutdownExecutor': org.h2.jdbc.JdbcSQLNonTransientConnectionException: Database is already closed (to disable automatic closing at VM shutdown, add ";DB_CLOSE_ON_EXIT=FALSE" to the db URL) [90121-240]
2026-09-21 01:19:00 INFO  [Thread-30] - HikariPool-8 - Shutdown initiated...
2026-09-21 01:19:00 INFO  [Thread-30] - HikariPool-8 - Shutdown completed.
2026-09-21 01:19:01 INFO  [restartedMain] - Starting CategoryApplication using Java 21.0.11 with PID 11436 (C:\Users\vamsh\Desktop\MasterClass\MicroMini2\Category\target\classes started by vamsh in C:\Users\vamsh\Desktop\MasterClass\MicroMini2\Category)
2026-09-21 01:19:01 INFO  [restartedMain] - No active profile set, falling back to 1 default profile: "default"
2026-09-21 01:19:01 INFO  [restartedMain] - Bootstrapping Spring Data JPA repositories in DEFAULT mode.
2026-09-21 01:19:01 INFO  [restartedMain] - Finished Spring Data repository scanning in 25 ms. Found 2 JPA repository interfaces.
2026-09-21 01:19:01 INFO  [restartedMain] - Tomcat initialized with port 8080 (http)
2026-09-21 01:19:01 INFO  [restartedMain] - Starting service [Tomcat]
2026-09-21 01:19:01 INFO  [restartedMain] - Starting Servlet engine: [Apache Tomcat/11.0.24]
2026-09-21 01:19:01 INFO  [restartedMain] - Root WebApplicationContext: initialization completed in 521 ms
2026-09-21 01:19:01 INFO  [restartedMain] - HHH008540: Processing PersistenceUnitInfo [name: default]
2026-09-21 01:19:01 INFO  [restartedMain] - No LoadTimeWeaver setup: ignoring JPA class transformer
2026-09-21 01:19:01 INFO  [restartedMain] - HikariPool-9 - Starting...
2026-09-21 01:19:01 INFO  [restartedMain] - HikariPool-9 - Added connection conn82: url=jdbc:h2:mem:testdb user=SA
2026-09-21 01:19:01 INFO  [restartedMain] - HikariPool-9 - Start completed.
2026-09-21 01:19:01 INFO  [restartedMain] - HHH10001005: Database info:
	Database JDBC URL [jdbc:h2:mem:testdb]
	Database driver: H2 JDBC Driver
	Database dialect: H2Dialect
	Database version: 2.4.240
	Default catalog/schema: TESTDB/PUBLIC
	Autocommit mode: undefined/unknown
	Isolation level: READ_COMMITTED [default READ_COMMITTED]
	JDBC fetch size: 100
	Pool: DataSourceConnectionProvider
	Minimum pool size: undefined/unknown
	Maximum pool size: undefined/unknown
2026-09-21 01:19:01 INFO  [restartedMain] - HHH000489: No JTA platform available (set 'hibernate.transaction.jta.platform' to enable JTA platform integration)
2026-09-21 01:19:01 INFO  [restartedMain] - Initialized JPA EntityManagerFactory for persistence unit 'default'
2026-09-21 01:19:02 WARN  [restartedMain] - spring.jpa.open-in-view is enabled by default. Therefore, database queries may be performed during view rendering. Explicitly configure spring.jpa.open-in-view to disable this warning
2026-09-21 01:19:02 INFO  [restartedMain] - H2 console available at '/h2-console'. Database available at 'jdbc:h2:mem:testdb'
2026-09-21 01:19:02 INFO  [restartedMain] - Tomcat started on port 8080 (http) with context path '/'
2026-09-21 01:19:02 INFO  [restartedMain] - Started CategoryApplication in 1.388 seconds (process running for 785.08)
2026-09-21 01:19:02 WARN  [restartedMain] - SpringDoc /v3/api-docs endpoint is enabled by default. To disable it in production, set the property 'springdoc.api-docs.enabled=false'
2026-09-21 01:19:02 WARN  [restartedMain] - SpringDoc /swagger-ui.html endpoint is enabled by default. To disable it in production, set the property 'springdoc.swagger-ui.enabled=false'
2026-09-21 01:19:02 INFO  [restartedMain] - Condition evaluation unchanged
2026-09-21 01:26:15 WARN  [HikariPool-9:housekeeper] - HikariPool-9 - Thread starvation or clock leap detected (housekeeper delta=2m13s774ms101µs500ns).
2026-09-21 01:27:10 INFO  [http-nio-8080-exec-2] - Initializing Spring DispatcherServlet 'dispatcherServlet'
2026-09-21 01:27:10 INFO  [http-nio-8080-exec-2] - Initializing Servlet 'dispatcherServlet'
2026-09-21 01:27:10 INFO  [http-nio-8080-exec-2] - Completed initialization in 3 ms
2026-09-21 01:27:11 INFO  [http-nio-8080-exec-2] - Init duration for springdoc-openapi is: 298 ms
2026-09-21 01:32:20 INFO  [File Watcher] - Restarting due to 1 class path change (1 addition, 0 deletions, 0 modifications)
2026-09-21 01:32:20 INFO  [Thread-34] - Commencing graceful shutdown. Waiting for active requests to complete
2026-09-21 01:32:20 INFO  [tomcat-shutdown] - Graceful shutdown complete
2026-09-21 01:32:20 INFO  [Thread-34] - Closing JPA EntityManagerFactory for persistence unit 'default'
2026-09-21 01:32:20 WARN  [Thread-34] - Invocation of destroy method failed on bean with name 'inMemoryDatabaseShutdownExecutor': org.h2.jdbc.JdbcSQLNonTransientConnectionException: Database is already closed (to disable automatic closing at VM shutdown, add ";DB_CLOSE_ON_EXIT=FALSE" to the db URL) [90121-240]
2026-09-21 01:32:20 INFO  [Thread-34] - HikariPool-9 - Shutdown initiated...
2026-09-21 01:32:20 INFO  [Thread-34] - HikariPool-9 - Shutdown completed.
2026-09-21 01:32:20 INFO  [restartedMain] - Starting CategoryApplication using Java 21.0.11 with PID 11436 (C:\Users\vamsh\Desktop\MasterClass\MicroMini2\Category\target\classes started by vamsh in C:\Users\vamsh\Desktop\MasterClass\MicroMini2\Category)
2026-09-21 01:32:20 INFO  [restartedMain] - No active profile set, falling back to 1 default profile: "default"
2026-09-21 01:32:20 INFO  [restartedMain] - Bootstrapping Spring Data JPA repositories in DEFAULT mode.
2026-09-21 01:32:20 INFO  [restartedMain] - Finished Spring Data repository scanning in 7 ms. Found 2 JPA repository interfaces.
2026-09-21 01:32:20 INFO  [restartedMain] - Tomcat initialized with port 8080 (http)
2026-09-21 01:32:20 INFO  [restartedMain] - Starting service [Tomcat]
2026-09-21 01:32:20 INFO  [restartedMain] - Starting Servlet engine: [Apache Tomcat/11.0.24]
2026-09-21 01:32:20 INFO  [restartedMain] - Root WebApplicationContext: initialization completed in 232 ms
2026-09-21 01:32:20 INFO  [restartedMain] - HHH008540: Processing PersistenceUnitInfo [name: default]
2026-09-21 01:32:21 INFO  [restartedMain] - No LoadTimeWeaver setup: ignoring JPA class transformer
2026-09-21 01:32:21 INFO  [restartedMain] - HikariPool-10 - Starting...
2026-09-21 01:32:21 INFO  [restartedMain] - HikariPool-10 - Added connection conn92: url=jdbc:h2:mem:testdb user=SA
2026-09-21 01:32:21 INFO  [restartedMain] - HikariPool-10 - Start completed.
2026-09-21 01:32:21 INFO  [restartedMain] - HHH10001005: Database info:
	Database JDBC URL [jdbc:h2:mem:testdb]
	Database driver: H2 JDBC Driver
	Database dialect: H2Dialect
	Database version: 2.4.240
	Default catalog/schema: TESTDB/PUBLIC
	Autocommit mode: undefined/unknown
	Isolation level: READ_COMMITTED [default READ_COMMITTED]
	JDBC fetch size: 100
	Pool: DataSourceConnectionProvider
	Minimum pool size: undefined/unknown
	Maximum pool size: undefined/unknown
2026-09-21 01:32:21 INFO  [restartedMain] - HHH000489: No JTA platform available (set 'hibernate.transaction.jta.platform' to enable JTA platform integration)
2026-09-21 01:32:21 INFO  [restartedMain] - Initialized JPA EntityManagerFactory for persistence unit 'default'
2026-09-21 01:32:21 WARN  [restartedMain] - spring.jpa.open-in-view is enabled by default. Therefore, database queries may be performed during view rendering. Explicitly configure spring.jpa.open-in-view to disable this warning
2026-09-21 01:32:21 INFO  [restartedMain] - H2 console available at '/h2-console'. Database available at 'jdbc:h2:mem:testdb'
2026-09-21 01:32:21 INFO  [restartedMain] - Tomcat started on port 8080 (http) with context path '/'
2026-09-21 01:32:21 INFO  [restartedMain] - Started CategoryApplication in 0.52 seconds (process running for 1583.882)
2026-09-21 01:32:21 WARN  [restartedMain] - SpringDoc /v3/api-docs endpoint is enabled by default. To disable it in production, set the property 'springdoc.api-docs.enabled=false'
2026-09-21 01:32:21 WARN  [restartedMain] - SpringDoc /swagger-ui.html endpoint is enabled by default. To disable it in production, set the property 'springdoc.swagger-ui.enabled=false'
2026-09-21 01:32:21 INFO  [restartedMain] - Condition evaluation unchanged
2026-09-21 01:32:44 INFO  [File Watcher] - Restarting due to 1 class path change (0 additions, 1 deletion, 0 modifications)
2026-09-21 01:32:44 INFO  [Thread-38] - Commencing graceful shutdown. Waiting for active requests to complete
2026-09-21 01:32:44 INFO  [tomcat-shutdown] - Graceful shutdown complete
2026-09-21 01:32:44 INFO  [Thread-38] - Closing JPA EntityManagerFactory for persistence unit 'default'
2026-09-21 01:32:44 WARN  [Thread-38] - Invocation of destroy method failed on bean with name 'inMemoryDatabaseShutdownExecutor': org.h2.jdbc.JdbcSQLNonTransientConnectionException: Database is already closed (to disable automatic closing at VM shutdown, add ";DB_CLOSE_ON_EXIT=FALSE" to the db URL) [90121-240]
2026-09-21 01:32:44 INFO  [Thread-38] - HikariPool-10 - Shutdown initiated...
2026-09-21 01:32:44 INFO  [Thread-38] - HikariPool-10 - Shutdown completed.
2026-09-21 01:32:44 INFO  [restartedMain] - Starting CategoryApplication using Java 21.0.11 with PID 11436 (C:\Users\vamsh\Desktop\MasterClass\MicroMini2\Category\target\classes started by vamsh in C:\Users\vamsh\Desktop\MasterClass\MicroMini2\Category)
2026-09-21 01:32:44 INFO  [restartedMain] - No active profile set, falling back to 1 default profile: "default"
2026-09-21 01:32:44 INFO  [restartedMain] - Bootstrapping Spring Data JPA repositories in DEFAULT mode.
2026-09-21 01:32:44 INFO  [restartedMain] - Finished Spring Data repository scanning in 6 ms. Found 2 JPA repository interfaces.
2026-09-21 01:32:44 INFO  [restartedMain] - Tomcat initialized with port 8080 (http)
2026-09-21 01:32:44 INFO  [restartedMain] - Starting service [Tomcat]
2026-09-21 01:32:44 INFO  [restartedMain] - Starting Servlet engine: [Apache Tomcat/11.0.24]
2026-09-21 01:32:44 INFO  [restartedMain] - Root WebApplicationContext: initialization completed in 218 ms
2026-09-21 01:32:44 INFO  [restartedMain] - HHH008540: Processing PersistenceUnitInfo [name: default]
2026-09-21 01:32:44 INFO  [restartedMain] - No LoadTimeWeaver setup: ignoring JPA class transformer
2026-09-21 01:32:44 INFO  [restartedMain] - HikariPool-11 - Starting...
2026-09-21 01:32:44 INFO  [restartedMain] - HikariPool-11 - Added connection conn102: url=jdbc:h2:mem:testdb user=SA
2026-09-21 01:32:44 INFO  [restartedMain] - HikariPool-11 - Start completed.
2026-09-21 01:32:44 INFO  [restartedMain] - HHH10001005: Database info:
	Database JDBC URL [jdbc:h2:mem:testdb]
	Database driver: H2 JDBC Driver
	Database dialect: H2Dialect
	Database version: 2.4.240
	Default catalog/schema: TESTDB/PUBLIC
	Autocommit mode: undefined/unknown
	Isolation level: READ_COMMITTED [default READ_COMMITTED]
	JDBC fetch size: 100
	Pool: DataSourceConnectionProvider
	Minimum pool size: undefined/unknown
	Maximum pool size: undefined/unknown
2026-09-21 01:32:45 INFO  [restartedMain] - HHH000489: No JTA platform available (set 'hibernate.transaction.jta.platform' to enable JTA platform integration)
2026-09-21 01:32:45 INFO  [restartedMain] - Initialized JPA EntityManagerFactory for persistence unit 'default'
2026-09-21 01:32:45 WARN  [restartedMain] - spring.jpa.open-in-view is enabled by default. Therefore, database queries may be performed during view rendering. Explicitly configure spring.jpa.open-in-view to disable this warning
2026-09-21 01:32:45 INFO  [restartedMain] - H2 console available at '/h2-console'. Database available at 'jdbc:h2:mem:testdb'
2026-09-21 01:32:45 INFO  [restartedMain] - Tomcat started on port 8080 (http) with context path '/'
2026-09-21 01:32:45 INFO  [restartedMain] - Started CategoryApplication in 0.587 seconds (process running for 1607.911)
2026-09-21 01:32:45 WARN  [restartedMain] - SpringDoc /v3/api-docs endpoint is enabled by default. To disable it in production, set the property 'springdoc.api-docs.enabled=false'
2026-09-21 01:32:45 WARN  [restartedMain] - SpringDoc /swagger-ui.html endpoint is enabled by default. To disable it in production, set the property 'springdoc.swagger-ui.enabled=false'
2026-09-21 01:32:45 INFO  [restartedMain] - Condition evaluation unchanged
2026-09-21 01:33:11 INFO  [File Watcher] - Restarting due to 1 class path change (1 addition, 0 deletions, 0 modifications)
2026-09-21 01:33:11 INFO  [Thread-42] - Commencing graceful shutdown. Waiting for active requests to complete
2026-09-21 01:33:11 INFO  [tomcat-shutdown] - Graceful shutdown complete
2026-09-21 01:33:11 INFO  [Thread-42] - Closing JPA EntityManagerFactory for persistence unit 'default'
2026-09-21 01:33:11 WARN  [Thread-42] - Invocation of destroy method failed on bean with name 'inMemoryDatabaseShutdownExecutor': org.h2.jdbc.JdbcSQLNonTransientConnectionException: Database is already closed (to disable automatic closing at VM shutdown, add ";DB_CLOSE_ON_EXIT=FALSE" to the db URL) [90121-240]
2026-09-21 01:33:11 INFO  [Thread-42] - HikariPool-11 - Shutdown initiated...
2026-09-21 01:33:11 INFO  [Thread-42] - HikariPool-11 - Shutdown completed.
2026-09-21 01:33:11 INFO  [restartedMain] - Starting CategoryApplication using Java 21.0.11 with PID 11436 (C:\Users\vamsh\Desktop\MasterClass\MicroMini2\Category\target\classes started by vamsh in C:\Users\vamsh\Desktop\MasterClass\MicroMini2\Category)
2026-09-21 01:33:11 INFO  [restartedMain] - No active profile set, falling back to 1 default profile: "default"
2026-09-21 01:33:11 INFO  [restartedMain] - Bootstrapping Spring Data JPA repositories in DEFAULT mode.
2026-09-21 01:33:11 INFO  [restartedMain] - Finished Spring Data repository scanning in 12 ms. Found 2 JPA repository interfaces.
2026-09-21 01:33:11 INFO  [restartedMain] - Tomcat initialized with port 8080 (http)
2026-09-21 01:33:11 INFO  [restartedMain] - Starting service [Tomcat]
2026-09-21 01:33:11 INFO  [restartedMain] - Starting Servlet engine: [Apache Tomcat/11.0.24]
2026-09-21 01:33:11 INFO  [restartedMain] - Root WebApplicationContext: initialization completed in 231 ms
2026-09-21 01:33:11 INFO  [restartedMain] - HHH008540: Processing PersistenceUnitInfo [name: default]
2026-09-21 01:33:11 INFO  [restartedMain] - No LoadTimeWeaver setup: ignoring JPA class transformer
2026-09-21 01:33:11 INFO  [restartedMain] - HikariPool-12 - Starting...
2026-09-21 01:33:11 INFO  [restartedMain] - HikariPool-12 - Added connection conn112: url=jdbc:h2:mem:testdb user=SA
2026-09-21 01:33:11 INFO  [restartedMain] - HikariPool-12 - Start completed.
2026-09-21 01:33:11 INFO  [restartedMain] - HHH10001005: Database info:
	Database JDBC URL [jdbc:h2:mem:testdb]
	Database driver: H2 JDBC Driver
	Database dialect: H2Dialect
	Database version: 2.4.240
	Default catalog/schema: TESTDB/PUBLIC
	Autocommit mode: undefined/unknown
	Isolation level: READ_COMMITTED [default READ_COMMITTED]
	JDBC fetch size: 100
	Pool: DataSourceConnectionProvider
	Minimum pool size: undefined/unknown
	Maximum pool size: undefined/unknown
2026-09-21 01:33:11 INFO  [restartedMain] - HHH000489: No JTA platform available (set 'hibernate.transaction.jta.platform' to enable JTA platform integration)
2026-09-21 01:33:11 INFO  [restartedMain] - Initialized JPA EntityManagerFactory for persistence unit 'default'
2026-09-21 01:33:11 WARN  [restartedMain] - spring.jpa.open-in-view is enabled by default. Therefore, database queries may be performed during view rendering. Explicitly configure spring.jpa.open-in-view to disable this warning
2026-09-21 01:33:11 INFO  [restartedMain] - H2 console available at '/h2-console'. Database available at 'jdbc:h2:mem:testdb'
2026-09-21 01:33:11 INFO  [restartedMain] - Tomcat started on port 8080 (http) with context path '/'
2026-09-21 01:33:11 INFO  [restartedMain] - Started CategoryApplication in 0.436 seconds (process running for 1634.359)
2026-09-21 01:33:11 WARN  [restartedMain] - SpringDoc /v3/api-docs endpoint is enabled by default. To disable it in production, set the property 'springdoc.api-docs.enabled=false'
2026-09-21 01:33:11 WARN  [restartedMain] - SpringDoc /swagger-ui.html endpoint is enabled by default. To disable it in production, set the property 'springdoc.swagger-ui.enabled=false'
2026-09-21 01:33:11 INFO  [restartedMain] - Condition evaluation unchanged
2026-09-21 01:33:17 INFO  [File Watcher] - Restarting due to 1 class path change (0 additions, 1 deletion, 0 modifications)
2026-09-21 01:33:17 INFO  [Thread-46] - Commencing graceful shutdown. Waiting for active requests to complete
2026-09-21 01:33:17 INFO  [tomcat-shutdown] - Graceful shutdown complete
2026-09-21 01:33:17 INFO  [Thread-46] - Closing JPA EntityManagerFactory for persistence unit 'default'
2026-09-21 01:33:17 WARN  [Thread-46] - Invocation of destroy method failed on bean with name 'inMemoryDatabaseShutdownExecutor': org.h2.jdbc.JdbcSQLNonTransientConnectionException: Database is already closed (to disable automatic closing at VM shutdown, add ";DB_CLOSE_ON_EXIT=FALSE" to the db URL) [90121-240]
2026-09-21 01:33:17 INFO  [Thread-46] - HikariPool-12 - Shutdown initiated...
2026-09-21 01:33:17 INFO  [Thread-46] - HikariPool-12 - Shutdown completed.
2026-09-21 01:33:17 INFO  [restartedMain] - Starting CategoryApplication using Java 21.0.11 with PID 11436 (C:\Users\vamsh\Desktop\MasterClass\MicroMini2\Category\target\classes started by vamsh in C:\Users\vamsh\Desktop\MasterClass\MicroMini2\Category)
2026-09-21 01:33:17 INFO  [restartedMain] - No active profile set, falling back to 1 default profile: "default"
2026-09-21 01:33:17 INFO  [restartedMain] - Bootstrapping Spring Data JPA repositories in DEFAULT mode.
2026-09-21 01:33:17 INFO  [restartedMain] - Finished Spring Data repository scanning in 19 ms. Found 2 JPA repository interfaces.
2026-09-21 01:33:17 INFO  [restartedMain] - Tomcat initialized with port 8080 (http)
2026-09-21 01:33:17 INFO  [restartedMain] - Starting service [Tomcat]
2026-09-21 01:33:17 INFO  [restartedMain] - Starting Servlet engine: [Apache Tomcat/11.0.24]
2026-09-21 01:33:17 INFO  [restartedMain] - Root WebApplicationContext: initialization completed in 578 ms
2026-09-21 01:33:18 INFO  [restartedMain] - HHH008540: Processing PersistenceUnitInfo [name: default]
2026-09-21 01:33:18 INFO  [restartedMain] - No LoadTimeWeaver setup: ignoring JPA class transformer
2026-09-21 01:33:18 INFO  [restartedMain] - HikariPool-13 - Starting...
2026-09-21 01:33:18 INFO  [restartedMain] - HikariPool-13 - Added connection conn122: url=jdbc:h2:mem:testdb user=SA
2026-09-21 01:33:18 INFO  [restartedMain] - HikariPool-13 - Start completed.
2026-09-21 01:33:18 INFO  [restartedMain] - HHH10001005: Database info:
	Database JDBC URL [jdbc:h2:mem:testdb]
	Database driver: H2 JDBC Driver
	Database dialect: H2Dialect
	Database version: 2.4.240
	Default catalog/schema: TESTDB/PUBLIC
	Autocommit mode: undefined/unknown
	Isolation level: READ_COMMITTED [default READ_COMMITTED]
	JDBC fetch size: 100
	Pool: DataSourceConnectionProvider
	Minimum pool size: undefined/unknown
	Maximum pool size: undefined/unknown
2026-09-21 01:33:18 INFO  [restartedMain] - HHH000489: No JTA platform available (set 'hibernate.transaction.jta.platform' to enable JTA platform integration)
2026-09-21 01:33:18 INFO  [restartedMain] - Initialized JPA EntityManagerFactory for persistence unit 'default'
2026-09-21 01:33:18 WARN  [restartedMain] - spring.jpa.open-in-view is enabled by default. Therefore, database queries may be performed during view rendering. Explicitly configure spring.jpa.open-in-view to disable this warning
2026-09-21 01:33:18 INFO  [restartedMain] - H2 console available at '/h2-console'. Database available at 'jdbc:h2:mem:testdb'
2026-09-21 01:33:18 INFO  [restartedMain] - Tomcat started on port 8080 (http) with context path '/'
2026-09-21 01:33:18 INFO  [restartedMain] - Started CategoryApplication in 1.307 seconds (process running for 1641.327)
2026-09-21 01:33:18 WARN  [restartedMain] - SpringDoc /v3/api-docs endpoint is enabled by default. To disable it in production, set the property 'springdoc.api-docs.enabled=false'
2026-09-21 01:33:18 WARN  [restartedMain] - SpringDoc /swagger-ui.html endpoint is enabled by default. To disable it in production, set the property 'springdoc.swagger-ui.enabled=false'
2026-09-21 01:33:18 INFO  [restartedMain] - Condition evaluation unchanged
2026-09-21 01:33:34 INFO  [File Watcher] - Restarting due to 1 class path change (1 addition, 0 deletions, 0 modifications)
2026-09-21 01:33:34 INFO  [Thread-50] - Commencing graceful shutdown. Waiting for active requests to complete
2026-09-21 01:33:34 INFO  [tomcat-shutdown] - Graceful shutdown complete
2026-09-21 01:33:34 INFO  [Thread-50] - Closing JPA EntityManagerFactory for persistence unit 'default'
2026-09-21 01:33:34 WARN  [Thread-50] - Invocation of destroy method failed on bean with name 'inMemoryDatabaseShutdownExecutor': org.h2.jdbc.JdbcSQLNonTransientConnectionException: Database is already closed (to disable automatic closing at VM shutdown, add ";DB_CLOSE_ON_EXIT=FALSE" to the db URL) [90121-240]
2026-09-21 01:33:34 INFO  [Thread-50] - HikariPool-13 - Shutdown initiated...
2026-09-21 01:33:34 INFO  [Thread-50] - HikariPool-13 - Shutdown completed.
2026-09-21 01:33:34 INFO  [restartedMain] - Starting CategoryApplication using Java 21.0.11 with PID 11436 (C:\Users\vamsh\Desktop\MasterClass\MicroMini2\Category\target\classes started by vamsh in C:\Users\vamsh\Desktop\MasterClass\MicroMini2\Category)
2026-09-21 01:33:34 INFO  [restartedMain] - No active profile set, falling back to 1 default profile: "default"
2026-09-21 01:33:34 INFO  [restartedMain] - Bootstrapping Spring Data JPA repositories in DEFAULT mode.
2026-09-21 01:33:34 INFO  [restartedMain] - Finished Spring Data repository scanning in 7 ms. Found 2 JPA repository interfaces.
2026-09-21 01:33:34 INFO  [restartedMain] - Tomcat initialized with port 8080 (http)
2026-09-21 01:33:34 INFO  [restartedMain] - Starting service [Tomcat]
2026-09-21 01:33:34 INFO  [restartedMain] - Starting Servlet engine: [Apache Tomcat/11.0.24]
2026-09-21 01:33:34 INFO  [restartedMain] - Root WebApplicationContext: initialization completed in 262 ms
2026-09-21 01:33:34 INFO  [restartedMain] - HHH008540: Processing PersistenceUnitInfo [name: default]
2026-09-21 01:33:34 INFO  [restartedMain] - No LoadTimeWeaver setup: ignoring JPA class transformer
2026-09-21 01:33:34 INFO  [restartedMain] - HikariPool-14 - Starting...
2026-09-21 01:33:34 INFO  [restartedMain] - HikariPool-14 - Added connection conn132: url=jdbc:h2:mem:testdb user=SA
2026-09-21 01:33:34 INFO  [restartedMain] - HikariPool-14 - Start completed.
2026-09-21 01:33:34 INFO  [restartedMain] - HHH10001005: Database info:
	Database JDBC URL [jdbc:h2:mem:testdb]
	Database driver: H2 JDBC Driver
	Database dialect: H2Dialect
	Database version: 2.4.240
	Default catalog/schema: TESTDB/PUBLIC
	Autocommit mode: undefined/unknown
	Isolation level: READ_COMMITTED [default READ_COMMITTED]
	JDBC fetch size: 100
	Pool: DataSourceConnectionProvider
	Minimum pool size: undefined/unknown
	Maximum pool size: undefined/unknown
2026-09-21 01:33:34 INFO  [restartedMain] - HHH000489: No JTA platform available (set 'hibernate.transaction.jta.platform' to enable JTA platform integration)
2026-09-21 01:33:34 INFO  [restartedMain] - Initialized JPA EntityManagerFactory for persistence unit 'default'
2026-09-21 01:33:34 WARN  [restartedMain] - spring.jpa.open-in-view is enabled by default. Therefore, database queries may be performed during view rendering. Explicitly configure spring.jpa.open-in-view to disable this warning
2026-09-21 01:33:35 INFO  [restartedMain] - H2 console available at '/h2-console'. Database available at 'jdbc:h2:mem:testdb'
2026-09-21 01:33:35 INFO  [restartedMain] - Tomcat started on port 8080 (http) with context path '/'
2026-09-21 01:33:35 INFO  [restartedMain] - Started CategoryApplication in 0.523 seconds (process running for 1657.699)
2026-09-21 01:33:35 WARN  [restartedMain] - SpringDoc /v3/api-docs endpoint is enabled by default. To disable it in production, set the property 'springdoc.api-docs.enabled=false'
2026-09-21 01:33:35 WARN  [restartedMain] - SpringDoc /swagger-ui.html endpoint is enabled by default. To disable it in production, set the property 'springdoc.swagger-ui.enabled=false'
2026-09-21 01:33:35 INFO  [restartedMain] - Condition evaluation unchanged
2026-09-21 01:33:42 INFO  [File Watcher] - Restarting due to 1 class path change (0 additions, 1 deletion, 0 modifications)
2026-09-21 01:33:42 INFO  [Thread-54] - Commencing graceful shutdown. Waiting for active requests to complete
2026-09-21 01:33:42 INFO  [tomcat-shutdown] - Graceful shutdown complete
2026-09-21 01:33:42 INFO  [Thread-54] - Closing JPA EntityManagerFactory for persistence unit 'default'
2026-09-21 01:33:42 WARN  [Thread-54] - Invocation of destroy method failed on bean with name 'inMemoryDatabaseShutdownExecutor': org.h2.jdbc.JdbcSQLNonTransientConnectionException: Database is already closed (to disable automatic closing at VM shutdown, add ";DB_CLOSE_ON_EXIT=FALSE" to the db URL) [90121-240]
2026-09-21 01:33:42 INFO  [Thread-54] - HikariPool-14 - Shutdown initiated...
2026-09-21 01:33:42 INFO  [Thread-54] - HikariPool-14 - Shutdown completed.
2026-09-21 01:33:42 INFO  [restartedMain] - Starting CategoryApplication using Java 21.0.11 with PID 11436 (C:\Users\vamsh\Desktop\MasterClass\MicroMini2\Category\target\classes started by vamsh in C:\Users\vamsh\Desktop\MasterClass\MicroMini2\Category)
2026-09-21 01:33:42 INFO  [restartedMain] - No active profile set, falling back to 1 default profile: "default"
2026-09-21 01:33:43 INFO  [restartedMain] - Bootstrapping Spring Data JPA repositories in DEFAULT mode.
2026-09-21 01:33:43 INFO  [restartedMain] - Finished Spring Data repository scanning in 24 ms. Found 2 JPA repository interfaces.
2026-09-21 01:33:43 INFO  [restartedMain] - Tomcat initialized with port 8080 (http)
2026-09-21 01:33:43 INFO  [restartedMain] - Starting service [Tomcat]
2026-09-21 01:33:43 INFO  [restartedMain] - Starting Servlet engine: [Apache Tomcat/11.0.24]
2026-09-21 01:33:43 INFO  [restartedMain] - Root WebApplicationContext: initialization completed in 561 ms
2026-09-21 01:33:43 INFO  [restartedMain] - HHH008540: Processing PersistenceUnitInfo [name: default]
2026-09-21 01:33:43 INFO  [restartedMain] - No LoadTimeWeaver setup: ignoring JPA class transformer
2026-09-21 01:33:43 INFO  [restartedMain] - HikariPool-15 - Starting...
2026-09-21 01:33:43 INFO  [restartedMain] - HikariPool-15 - Added connection conn142: url=jdbc:h2:mem:testdb user=SA
2026-09-21 01:33:43 INFO  [restartedMain] - HikariPool-15 - Start completed.
2026-09-21 01:33:43 INFO  [restartedMain] - HHH10001005: Database info:
	Database JDBC URL [jdbc:h2:mem:testdb]
	Database driver: H2 JDBC Driver
	Database dialect: H2Dialect
	Database version: 2.4.240
	Default catalog/schema: TESTDB/PUBLIC
	Autocommit mode: undefined/unknown
	Isolation level: READ_COMMITTED [default READ_COMMITTED]
	JDBC fetch size: 100
	Pool: DataSourceConnectionProvider
	Minimum pool size: undefined/unknown
	Maximum pool size: undefined/unknown
2026-09-21 01:33:43 INFO  [restartedMain] - HHH000489: No JTA platform available (set 'hibernate.transaction.jta.platform' to enable JTA platform integration)
2026-09-21 01:33:43 INFO  [restartedMain] - Initialized JPA EntityManagerFactory for persistence unit 'default'
2026-09-21 01:33:43 WARN  [restartedMain] - spring.jpa.open-in-view is enabled by default. Therefore, database queries may be performed during view rendering. Explicitly configure spring.jpa.open-in-view to disable this warning
2026-09-21 01:33:43 INFO  [restartedMain] - H2 console available at '/h2-console'. Database available at 'jdbc:h2:mem:testdb'
2026-09-21 01:33:43 INFO  [restartedMain] - Tomcat started on port 8080 (http) with context path '/'
2026-09-21 01:33:43 INFO  [restartedMain] - Started CategoryApplication in 1.154 seconds (process running for 1666.52)
2026-09-21 01:33:43 WARN  [restartedMain] - SpringDoc /v3/api-docs endpoint is enabled by default. To disable it in production, set the property 'springdoc.api-docs.enabled=false'
2026-09-21 01:33:43 WARN  [restartedMain] - SpringDoc /swagger-ui.html endpoint is enabled by default. To disable it in production, set the property 'springdoc.swagger-ui.enabled=false'
2026-09-21 01:33:43 INFO  [restartedMain] - Condition evaluation unchanged
2026-09-21 01:34:05 INFO  [File Watcher] - Restarting due to 1 class path change (1 addition, 0 deletions, 0 modifications)
2026-09-21 01:34:05 INFO  [Thread-58] - Commencing graceful shutdown. Waiting for active requests to complete
2026-09-21 01:34:05 INFO  [tomcat-shutdown] - Graceful shutdown complete
2026-09-21 01:34:05 INFO  [Thread-58] - Closing JPA EntityManagerFactory for persistence unit 'default'
2026-09-21 01:34:05 WARN  [Thread-58] - Invocation of destroy method failed on bean with name 'inMemoryDatabaseShutdownExecutor': org.h2.jdbc.JdbcSQLNonTransientConnectionException: Database is already closed (to disable automatic closing at VM shutdown, add ";DB_CLOSE_ON_EXIT=FALSE" to the db URL) [90121-240]
2026-09-21 01:34:05 INFO  [Thread-58] - HikariPool-15 - Shutdown initiated...
2026-09-21 01:34:05 INFO  [Thread-58] - HikariPool-15 - Shutdown completed.
2026-09-21 01:34:05 INFO  [restartedMain] - Starting CategoryApplication using Java 21.0.11 with PID 11436 (C:\Users\vamsh\Desktop\MasterClass\MicroMini2\Category\target\classes started by vamsh in C:\Users\vamsh\Desktop\MasterClass\MicroMini2\Category)
2026-09-21 01:34:05 INFO  [restartedMain] - No active profile set, falling back to 1 default profile: "default"
2026-09-21 01:34:06 INFO  [restartedMain] - Bootstrapping Spring Data JPA repositories in DEFAULT mode.
2026-09-21 01:34:06 INFO  [restartedMain] - Finished Spring Data repository scanning in 28 ms. Found 2 JPA repository interfaces.
2026-09-21 01:34:06 INFO  [restartedMain] - Tomcat initialized with port 8080 (http)
2026-09-21 01:34:06 INFO  [restartedMain] - Starting service [Tomcat]
2026-09-21 01:34:06 INFO  [restartedMain] - Starting Servlet engine: [Apache Tomcat/11.0.24]
2026-09-21 01:34:06 INFO  [restartedMain] - Root WebApplicationContext: initialization completed in 791 ms
2026-09-21 01:34:06 INFO  [restartedMain] - HHH008540: Processing PersistenceUnitInfo [name: default]
2026-09-21 01:34:06 INFO  [restartedMain] - No LoadTimeWeaver setup: ignoring JPA class transformer
2026-09-21 01:34:06 INFO  [restartedMain] - HikariPool-16 - Starting...
2026-09-21 01:34:06 INFO  [restartedMain] - HikariPool-16 - Added connection conn152: url=jdbc:h2:mem:testdb user=SA
2026-09-21 01:34:06 INFO  [restartedMain] - HikariPool-16 - Start completed.
2026-09-21 01:34:06 INFO  [restartedMain] - HHH10001005: Database info:
	Database JDBC URL [jdbc:h2:mem:testdb]
	Database driver: H2 JDBC Driver
	Database dialect: H2Dialect
	Database version: 2.4.240
	Default catalog/schema: TESTDB/PUBLIC
	Autocommit mode: undefined/unknown
	Isolation level: READ_COMMITTED [default READ_COMMITTED]
	JDBC fetch size: 100
	Pool: DataSourceConnectionProvider
	Minimum pool size: undefined/unknown
	Maximum pool size: undefined/unknown
2026-09-21 01:34:07 INFO  [restartedMain] - HHH000489: No JTA platform available (set 'hibernate.transaction.jta.platform' to enable JTA platform integration)
2026-09-21 01:34:07 INFO  [restartedMain] - Initialized JPA EntityManagerFactory for persistence unit 'default'
2026-09-21 01:34:07 WARN  [restartedMain] - spring.jpa.open-in-view is enabled by default. Therefore, database queries may be performed during view rendering. Explicitly configure spring.jpa.open-in-view to disable this warning
2026-09-21 01:34:07 INFO  [restartedMain] - H2 console available at '/h2-console'. Database available at 'jdbc:h2:mem:testdb'
2026-09-21 01:34:07 INFO  [restartedMain] - Tomcat started on port 8080 (http) with context path '/'
2026-09-21 01:34:07 INFO  [restartedMain] - Started CategoryApplication in 1.705 seconds (process running for 1690.256)
2026-09-21 01:34:07 WARN  [restartedMain] - SpringDoc /v3/api-docs endpoint is enabled by default. To disable it in production, set the property 'springdoc.api-docs.enabled=false'
2026-09-21 01:34:07 WARN  [restartedMain] - SpringDoc /swagger-ui.html endpoint is enabled by default. To disable it in production, set the property 'springdoc.swagger-ui.enabled=false'
2026-09-21 01:34:07 INFO  [restartedMain] - Condition evaluation unchanged
2026-09-21 01:35:08 INFO  [File Watcher] - Restarting due to 1 class path change (0 additions, 0 deletions, 1 modification)
2026-09-21 01:35:08 INFO  [Thread-62] - Commencing graceful shutdown. Waiting for active requests to complete
2026-09-21 01:35:08 INFO  [tomcat-shutdown] - Graceful shutdown complete
2026-09-21 01:35:08 INFO  [Thread-62] - Closing JPA EntityManagerFactory for persistence unit 'default'
2026-09-21 01:35:08 WARN  [Thread-62] - Invocation of destroy method failed on bean with name 'inMemoryDatabaseShutdownExecutor': org.h2.jdbc.JdbcSQLNonTransientConnectionException: Database is already closed (to disable automatic closing at VM shutdown, add ";DB_CLOSE_ON_EXIT=FALSE" to the db URL) [90121-240]
2026-09-21 01:35:08 INFO  [Thread-62] - HikariPool-16 - Shutdown initiated...
2026-09-21 01:35:08 INFO  [Thread-62] - HikariPool-16 - Shutdown completed.
2026-09-21 01:35:08 INFO  [restartedMain] - Starting CategoryApplication using Java 21.0.11 with PID 11436 (C:\Users\vamsh\Desktop\MasterClass\MicroMini2\Category\target\classes started by vamsh in C:\Users\vamsh\Desktop\MasterClass\MicroMini2\Category)
2026-09-21 01:35:08 INFO  [restartedMain] - No active profile set, falling back to 1 default profile: "default"
2026-09-21 01:35:09 INFO  [restartedMain] - Bootstrapping Spring Data JPA repositories in DEFAULT mode.
2026-09-21 01:35:09 INFO  [restartedMain] - Finished Spring Data repository scanning in 8 ms. Found 2 JPA repository interfaces.
2026-09-21 01:35:09 INFO  [restartedMain] - Tomcat initialized with port 8080 (http)
2026-09-21 01:35:09 INFO  [restartedMain] - Starting service [Tomcat]
2026-09-21 01:35:09 INFO  [restartedMain] - Starting Servlet engine: [Apache Tomcat/11.0.24]
2026-09-21 01:35:09 INFO  [restartedMain] - Root WebApplicationContext: initialization completed in 297 ms
2026-09-21 01:35:09 INFO  [restartedMain] - HHH008540: Processing PersistenceUnitInfo [name: default]
2026-09-21 01:35:09 INFO  [restartedMain] - No LoadTimeWeaver setup: ignoring JPA class transformer
2026-09-21 01:35:09 INFO  [restartedMain] - HikariPool-17 - Starting...
2026-09-21 01:35:09 INFO  [restartedMain] - HikariPool-17 - Added connection conn162: url=jdbc:h2:mem:testdb user=SA
2026-09-21 01:35:09 INFO  [restartedMain] - HikariPool-17 - Start completed.
2026-09-21 01:35:09 INFO  [restartedMain] - HHH10001005: Database info:
	Database JDBC URL [jdbc:h2:mem:testdb]
	Database driver: H2 JDBC Driver
	Database dialect: H2Dialect
	Database version: 2.4.240
	Default catalog/schema: TESTDB/PUBLIC
	Autocommit mode: undefined/unknown
	Isolation level: READ_COMMITTED [default READ_COMMITTED]
	JDBC fetch size: 100
	Pool: DataSourceConnectionProvider
	Minimum pool size: undefined/unknown
	Maximum pool size: undefined/unknown
2026-09-21 01:35:09 INFO  [restartedMain] - HHH000489: No JTA platform available (set 'hibernate.transaction.jta.platform' to enable JTA platform integration)
2026-09-21 01:35:09 INFO  [restartedMain] - Initialized JPA EntityManagerFactory for persistence unit 'default'
2026-09-21 01:35:09 WARN  [restartedMain] - spring.jpa.open-in-view is enabled by default. Therefore, database queries may be performed during view rendering. Explicitly configure spring.jpa.open-in-view to disable this warning
2026-09-21 01:35:09 INFO  [restartedMain] - H2 console available at '/h2-console'. Database available at 'jdbc:h2:mem:testdb'
2026-09-21 01:35:09 INFO  [restartedMain] - Tomcat started on port 8080 (http) with context path '/'
2026-09-21 01:35:09 INFO  [restartedMain] - Started CategoryApplication in 0.632 seconds (process running for 1752.243)
2026-09-21 01:35:09 WARN  [restartedMain] - SpringDoc /v3/api-docs endpoint is enabled by default. To disable it in production, set the property 'springdoc.api-docs.enabled=false'
2026-09-21 01:35:09 WARN  [restartedMain] - SpringDoc /swagger-ui.html endpoint is enabled by default. To disable it in production, set the property 'springdoc.swagger-ui.enabled=false'
2026-09-21 01:35:09 INFO  [restartedMain] - Condition evaluation unchanged
2026-09-21 01:35:28 INFO  [File Watcher] - Restarting due to 1 class path change (0 additions, 1 deletion, 0 modifications)
2026-09-21 01:35:28 INFO  [Thread-66] - Commencing graceful shutdown. Waiting for active requests to complete
2026-09-21 01:35:28 INFO  [tomcat-shutdown] - Graceful shutdown complete
2026-09-21 01:35:28 INFO  [Thread-66] - Closing JPA EntityManagerFactory for persistence unit 'default'
2026-09-21 01:35:28 WARN  [Thread-66] - Invocation of destroy method failed on bean with name 'inMemoryDatabaseShutdownExecutor': org.h2.jdbc.JdbcSQLNonTransientConnectionException: Database is already closed (to disable automatic closing at VM shutdown, add ";DB_CLOSE_ON_EXIT=FALSE" to the db URL) [90121-240]
2026-09-21 01:35:28 INFO  [Thread-66] - HikariPool-17 - Shutdown initiated...
2026-09-21 01:35:28 INFO  [Thread-66] - HikariPool-17 - Shutdown completed.
2026-09-21 01:35:28 INFO  [restartedMain] - Starting CategoryApplication using Java 21.0.11 with PID 11436 (C:\Users\vamsh\Desktop\MasterClass\MicroMini2\Category\target\classes started by vamsh in C:\Users\vamsh\Desktop\MasterClass\MicroMini2\Category)
2026-09-21 01:35:28 INFO  [restartedMain] - No active profile set, falling back to 1 default profile: "default"
2026-09-21 01:35:28 INFO  [restartedMain] - Bootstrapping Spring Data JPA repositories in DEFAULT mode.
2026-09-21 01:35:28 INFO  [restartedMain] - Finished Spring Data repository scanning in 11 ms. Found 2 JPA repository interfaces.
2026-09-21 01:35:28 INFO  [restartedMain] - Tomcat initialized with port 8080 (http)
2026-09-21 01:35:28 INFO  [restartedMain] - Starting service [Tomcat]
2026-09-21 01:35:28 INFO  [restartedMain] - Starting Servlet engine: [Apache Tomcat/11.0.24]
2026-09-21 01:35:28 INFO  [restartedMain] - Root WebApplicationContext: initialization completed in 305 ms
2026-09-21 01:35:28 INFO  [restartedMain] - HHH008540: Processing PersistenceUnitInfo [name: default]
2026-09-21 01:35:29 INFO  [restartedMain] - No LoadTimeWeaver setup: ignoring JPA class transformer
2026-09-21 01:35:29 INFO  [restartedMain] - HikariPool-18 - Starting...
2026-09-21 01:35:29 INFO  [restartedMain] - HikariPool-18 - Added connection conn172: url=jdbc:h2:mem:testdb user=SA
2026-09-21 01:35:29 INFO  [restartedMain] - HikariPool-18 - Start completed.
2026-09-21 01:35:29 INFO  [restartedMain] - HHH10001005: Database info:
	Database JDBC URL [jdbc:h2:mem:testdb]
	Database driver: H2 JDBC Driver
	Database dialect: H2Dialect
	Database version: 2.4.240
	Default catalog/schema: TESTDB/PUBLIC
	Autocommit mode: undefined/unknown
	Isolation level: READ_COMMITTED [default READ_COMMITTED]
	JDBC fetch size: 100
	Pool: DataSourceConnectionProvider
	Minimum pool size: undefined/unknown
	Maximum pool size: undefined/unknown
2026-09-21 01:35:29 INFO  [restartedMain] - HHH000489: No JTA platform available (set 'hibernate.transaction.jta.platform' to enable JTA platform integration)
2026-09-21 01:35:29 INFO  [restartedMain] - Initialized JPA EntityManagerFactory for persistence unit 'default'
2026-09-21 01:35:29 WARN  [restartedMain] - spring.jpa.open-in-view is enabled by default. Therefore, database queries may be performed during view rendering. Explicitly configure spring.jpa.open-in-view to disable this warning
2026-09-21 01:35:29 INFO  [restartedMain] - H2 console available at '/h2-console'. Database available at 'jdbc:h2:mem:testdb'
2026-09-21 01:35:29 INFO  [restartedMain] - Tomcat started on port 8080 (http) with context path '/'
2026-09-21 01:35:29 INFO  [restartedMain] - Started CategoryApplication in 0.637 seconds (process running for 1771.906)
2026-09-21 01:35:29 WARN  [restartedMain] - SpringDoc /v3/api-docs endpoint is enabled by default. To disable it in production, set the property 'springdoc.api-docs.enabled=false'
2026-09-21 01:35:29 WARN  [restartedMain] - SpringDoc /swagger-ui.html endpoint is enabled by default. To disable it in production, set the property 'springdoc.swagger-ui.enabled=false'
2026-09-21 01:35:29 INFO  [restartedMain] - Condition evaluation unchanged
2026-09-21 01:35:58 INFO  [File Watcher] - Restarting due to 1 class path change (1 addition, 0 deletions, 0 modifications)
2026-09-21 01:35:58 INFO  [Thread-70] - Commencing graceful shutdown. Waiting for active requests to complete
2026-09-21 01:35:58 INFO  [tomcat-shutdown] - Graceful shutdown complete
2026-09-21 01:35:58 INFO  [Thread-70] - Closing JPA EntityManagerFactory for persistence unit 'default'
2026-09-21 01:35:58 WARN  [Thread-70] - Invocation of destroy method failed on bean with name 'inMemoryDatabaseShutdownExecutor': org.h2.jdbc.JdbcSQLNonTransientConnectionException: Database is already closed (to disable automatic closing at VM shutdown, add ";DB_CLOSE_ON_EXIT=FALSE" to the db URL) [90121-240]
2026-09-21 01:35:58 INFO  [Thread-70] - HikariPool-18 - Shutdown initiated...
2026-09-21 01:35:58 INFO  [Thread-70] - HikariPool-18 - Shutdown completed.
2026-09-21 01:35:58 INFO  [restartedMain] - Starting CategoryApplication using Java 21.0.11 with PID 11436 (C:\Users\vamsh\Desktop\MasterClass\MicroMini2\Category\target\classes started by vamsh in C:\Users\vamsh\Desktop\MasterClass\MicroMini2\Category)
2026-09-21 01:35:58 INFO  [restartedMain] - No active profile set, falling back to 1 default profile: "default"
2026-09-21 01:35:59 INFO  [restartedMain] - Bootstrapping Spring Data JPA repositories in DEFAULT mode.
2026-09-21 01:35:59 INFO  [restartedMain] - Finished Spring Data repository scanning in 31 ms. Found 2 JPA repository interfaces.
2026-09-21 01:35:59 INFO  [restartedMain] - Tomcat initialized with port 8080 (http)
2026-09-21 01:35:59 INFO  [restartedMain] - Starting service [Tomcat]
2026-09-21 01:35:59 INFO  [restartedMain] - Starting Servlet engine: [Apache Tomcat/11.0.24]
2026-09-21 01:35:59 INFO  [restartedMain] - Root WebApplicationContext: initialization completed in 837 ms
2026-09-21 01:35:59 INFO  [restartedMain] - HHH008540: Processing PersistenceUnitInfo [name: default]
2026-09-21 01:35:59 INFO  [restartedMain] - No LoadTimeWeaver setup: ignoring JPA class transformer
2026-09-21 01:35:59 INFO  [restartedMain] - HikariPool-19 - Starting...
2026-09-21 01:35:59 INFO  [restartedMain] - HikariPool-19 - Added connection conn182: url=jdbc:h2:mem:testdb user=SA
2026-09-21 01:35:59 INFO  [restartedMain] - HikariPool-19 - Start completed.
2026-09-21 01:35:59 INFO  [restartedMain] - HHH10001005: Database info:
	Database JDBC URL [jdbc:h2:mem:testdb]
	Database driver: H2 JDBC Driver
	Database dialect: H2Dialect
	Database version: 2.4.240
	Default catalog/schema: TESTDB/PUBLIC
	Autocommit mode: undefined/unknown
	Isolation level: READ_COMMITTED [default READ_COMMITTED]
	JDBC fetch size: 100
	Pool: DataSourceConnectionProvider
	Minimum pool size: undefined/unknown
	Maximum pool size: undefined/unknown
2026-09-21 01:35:59 INFO  [restartedMain] - HHH000489: No JTA platform available (set 'hibernate.transaction.jta.platform' to enable JTA platform integration)
2026-09-21 01:35:59 INFO  [restartedMain] - Initialized JPA EntityManagerFactory for persistence unit 'default'
2026-09-21 01:36:00 WARN  [restartedMain] - spring.jpa.open-in-view is enabled by default. Therefore, database queries may be performed during view rendering. Explicitly configure spring.jpa.open-in-view to disable this warning
2026-09-21 01:36:00 INFO  [restartedMain] - H2 console available at '/h2-console'. Database available at 'jdbc:h2:mem:testdb'
2026-09-21 01:36:00 INFO  [restartedMain] - Tomcat started on port 8080 (http) with context path '/'
2026-09-21 01:36:00 INFO  [restartedMain] - Started CategoryApplication in 1.806 seconds (process running for 1803.106)
2026-09-21 01:36:00 WARN  [restartedMain] - SpringDoc /v3/api-docs endpoint is enabled by default. To disable it in production, set the property 'springdoc.api-docs.enabled=false'
2026-09-21 01:36:00 WARN  [restartedMain] - SpringDoc /swagger-ui.html endpoint is enabled by default. To disable it in production, set the property 'springdoc.swagger-ui.enabled=false'
2026-09-21 01:36:00 INFO  [restartedMain] - Condition evaluation unchanged
2026-09-21 01:36:44 INFO  [File Watcher] - Restarting due to 1 class path change (0 additions, 1 deletion, 0 modifications)
2026-09-21 01:36:44 INFO  [Thread-74] - Commencing graceful shutdown. Waiting for active requests to complete
2026-09-21 01:36:44 INFO  [tomcat-shutdown] - Graceful shutdown complete
2026-09-21 01:36:44 INFO  [Thread-74] - Closing JPA EntityManagerFactory for persistence unit 'default'
2026-09-21 01:36:44 WARN  [Thread-74] - Invocation of destroy method failed on bean with name 'inMemoryDatabaseShutdownExecutor': org.h2.jdbc.JdbcSQLNonTransientConnectionException: Database is already closed (to disable automatic closing at VM shutdown, add ";DB_CLOSE_ON_EXIT=FALSE" to the db URL) [90121-240]
2026-09-21 01:36:44 INFO  [Thread-74] - HikariPool-19 - Shutdown initiated...
2026-09-21 01:36:44 INFO  [Thread-74] - HikariPool-19 - Shutdown completed.
2026-09-21 01:36:45 INFO  [restartedMain] - Starting CategoryApplication using Java 21.0.11 with PID 11436 (C:\Users\vamsh\Desktop\MasterClass\MicroMini2\Category\target\classes started by vamsh in C:\Users\vamsh\Desktop\MasterClass\MicroMini2\Category)
2026-09-21 01:36:45 INFO  [restartedMain] - No active profile set, falling back to 1 default profile: "default"
2026-09-21 01:36:45 INFO  [restartedMain] - Bootstrapping Spring Data JPA repositories in DEFAULT mode.
2026-09-21 01:36:45 INFO  [restartedMain] - Finished Spring Data repository scanning in 23 ms. Found 2 JPA repository interfaces.
2026-09-21 01:36:45 INFO  [restartedMain] - Tomcat initialized with port 8080 (http)
2026-09-21 01:36:45 INFO  [restartedMain] - Starting service [Tomcat]
2026-09-21 01:36:45 INFO  [restartedMain] - Starting Servlet engine: [Apache Tomcat/11.0.24]
2026-09-21 01:36:45 INFO  [restartedMain] - Root WebApplicationContext: initialization completed in 678 ms
2026-09-21 01:36:45 INFO  [restartedMain] - HHH008540: Processing PersistenceUnitInfo [name: default]
2026-09-21 01:36:45 INFO  [restartedMain] - No LoadTimeWeaver setup: ignoring JPA class transformer
2026-09-21 01:36:45 INFO  [restartedMain] - HikariPool-20 - Starting...
2026-09-21 01:36:45 INFO  [restartedMain] - HikariPool-20 - Added connection conn192: url=jdbc:h2:mem:testdb user=SA
2026-09-21 01:36:45 INFO  [restartedMain] - HikariPool-20 - Start completed.
2026-09-21 01:36:45 INFO  [restartedMain] - HHH10001005: Database info:
	Database JDBC URL [jdbc:h2:mem:testdb]
	Database driver: H2 JDBC Driver
	Database dialect: H2Dialect
	Database version: 2.4.240
	Default catalog/schema: TESTDB/PUBLIC
	Autocommit mode: undefined/unknown
	Isolation level: READ_COMMITTED [default READ_COMMITTED]
	JDBC fetch size: 100
	Pool: DataSourceConnectionProvider
	Minimum pool size: undefined/unknown
	Maximum pool size: undefined/unknown
2026-09-21 01:36:45 INFO  [restartedMain] - HHH000489: No JTA platform available (set 'hibernate.transaction.jta.platform' to enable JTA platform integration)
2026-09-21 01:36:45 INFO  [restartedMain] - Initialized JPA EntityManagerFactory for persistence unit 'default'
2026-09-21 01:36:45 WARN  [restartedMain] - spring.jpa.open-in-view is enabled by default. Therefore, database queries may be performed during view rendering. Explicitly configure spring.jpa.open-in-view to disable this warning
2026-09-21 01:36:46 INFO  [restartedMain] - H2 console available at '/h2-console'. Database available at 'jdbc:h2:mem:testdb'
2026-09-21 01:36:46 INFO  [restartedMain] - Tomcat started on port 8080 (http) with context path '/'
2026-09-21 01:36:46 INFO  [restartedMain] - Started CategoryApplication in 1.108 seconds (process running for 1848.763)
2026-09-21 01:36:46 WARN  [restartedMain] - SpringDoc /v3/api-docs endpoint is enabled by default. To disable it in production, set the property 'springdoc.api-docs.enabled=false'
2026-09-21 01:36:46 WARN  [restartedMain] - SpringDoc /swagger-ui.html endpoint is enabled by default. To disable it in production, set the property 'springdoc.swagger-ui.enabled=false'
2026-09-21 01:36:46 INFO  [restartedMain] - Condition evaluation unchanged
2026-09-21 01:36:47 INFO  [File Watcher] - Restarting due to 1 class path change (1 addition, 0 deletions, 0 modifications)
2026-09-21 01:36:47 INFO  [Thread-78] - Commencing graceful shutdown. Waiting for active requests to complete
2026-09-21 01:36:47 INFO  [tomcat-shutdown] - Graceful shutdown complete
2026-09-21 01:36:47 INFO  [Thread-78] - Closing JPA EntityManagerFactory for persistence unit 'default'
2026-09-21 01:36:47 WARN  [Thread-78] - Invocation of destroy method failed on bean with name 'inMemoryDatabaseShutdownExecutor': org.h2.jdbc.JdbcSQLNonTransientConnectionException: Database is already closed (to disable automatic closing at VM shutdown, add ";DB_CLOSE_ON_EXIT=FALSE" to the db URL) [90121-240]
2026-09-21 01:36:47 INFO  [Thread-78] - HikariPool-20 - Shutdown initiated...
2026-09-21 01:36:47 INFO  [Thread-78] - HikariPool-20 - Shutdown completed.
2026-09-21 01:36:47 INFO  [restartedMain] - Starting CategoryApplication using Java 21.0.11 with PID 11436 (C:\Users\vamsh\Desktop\MasterClass\MicroMini2\Category\target\classes started by vamsh in C:\Users\vamsh\Desktop\MasterClass\MicroMini2\Category)
2026-09-21 01:36:47 INFO  [restartedMain] - No active profile set, falling back to 1 default profile: "default"
2026-09-21 01:36:47 INFO  [restartedMain] - Bootstrapping Spring Data JPA repositories in DEFAULT mode.
2026-09-21 01:36:47 INFO  [restartedMain] - Finished Spring Data repository scanning in 7 ms. Found 2 JPA repository interfaces.
2026-09-21 01:36:47 INFO  [restartedMain] - Tomcat initialized with port 8080 (http)
2026-09-21 01:36:47 INFO  [restartedMain] - Starting service [Tomcat]
2026-09-21 01:36:47 INFO  [restartedMain] - Starting Servlet engine: [Apache Tomcat/11.0.24]
2026-09-21 01:36:47 INFO  [restartedMain] - Root WebApplicationContext: initialization completed in 173 ms
2026-09-21 01:36:47 INFO  [restartedMain] - HHH008540: Processing PersistenceUnitInfo [name: default]
2026-09-21 01:36:47 INFO  [restartedMain] - No LoadTimeWeaver setup: ignoring JPA class transformer
2026-09-21 01:36:47 INFO  [restartedMain] - HikariPool-21 - Starting...
2026-09-21 01:36:47 INFO  [restartedMain] - HikariPool-21 - Added connection conn202: url=jdbc:h2:mem:testdb user=SA
2026-09-21 01:36:47 INFO  [restartedMain] - HikariPool-21 - Start completed.
2026-09-21 01:36:47 INFO  [restartedMain] - HHH10001005: Database info:
	Database JDBC URL [jdbc:h2:mem:testdb]
	Database driver: H2 JDBC Driver
	Database dialect: H2Dialect
	Database version: 2.4.240
	Default catalog/schema: TESTDB/PUBLIC
	Autocommit mode: undefined/unknown
	Isolation level: READ_COMMITTED [default READ_COMMITTED]
	JDBC fetch size: 100
	Pool: DataSourceConnectionProvider
	Minimum pool size: undefined/unknown
	Maximum pool size: undefined/unknown
2026-09-21 01:36:47 INFO  [restartedMain] - HHH000489: No JTA platform available (set 'hibernate.transaction.jta.platform' to enable JTA platform integration)
2026-09-21 01:36:47 INFO  [restartedMain] - Initialized JPA EntityManagerFactory for persistence unit 'default'
2026-09-21 01:36:47 WARN  [restartedMain] - spring.jpa.open-in-view is enabled by default. Therefore, database queries may be performed during view rendering. Explicitly configure spring.jpa.open-in-view to disable this warning
2026-09-21 01:36:47 INFO  [restartedMain] - H2 console available at '/h2-console'. Database available at 'jdbc:h2:mem:testdb'
2026-09-21 01:36:47 INFO  [restartedMain] - Tomcat started on port 8080 (http) with context path '/'
2026-09-21 01:36:47 INFO  [restartedMain] - Started CategoryApplication in 0.419 seconds (process running for 1850.638)
2026-09-21 01:36:47 WARN  [restartedMain] - SpringDoc /v3/api-docs endpoint is enabled by default. To disable it in production, set the property 'springdoc.api-docs.enabled=false'
2026-09-21 01:36:47 WARN  [restartedMain] - SpringDoc /swagger-ui.html endpoint is enabled by default. To disable it in production, set the property 'springdoc.swagger-ui.enabled=false'
2026-09-21 01:36:47 INFO  [restartedMain] - Condition evaluation unchanged
2026-09-21 01:36:58 INFO  [File Watcher] - Restarting due to 1 class path change (0 additions, 1 deletion, 0 modifications)
2026-09-21 01:36:58 INFO  [Thread-82] - Commencing graceful shutdown. Waiting for active requests to complete
2026-09-21 01:36:58 INFO  [tomcat-shutdown] - Graceful shutdown complete
2026-09-21 01:36:58 INFO  [Thread-82] - Closing JPA EntityManagerFactory for persistence unit 'default'
2026-09-21 01:36:58 WARN  [Thread-82] - Invocation of destroy method failed on bean with name 'inMemoryDatabaseShutdownExecutor': org.h2.jdbc.JdbcSQLNonTransientConnectionException: Database is already closed (to disable automatic closing at VM shutdown, add ";DB_CLOSE_ON_EXIT=FALSE" to the db URL) [90121-240]
2026-09-21 01:36:58 INFO  [Thread-82] - HikariPool-21 - Shutdown initiated...
2026-09-21 01:36:58 INFO  [Thread-82] - HikariPool-21 - Shutdown completed.
2026-09-21 01:36:58 INFO  [restartedMain] - Starting CategoryApplication using Java 21.0.11 with PID 11436 (C:\Users\vamsh\Desktop\MasterClass\MicroMini2\Category\target\classes started by vamsh in C:\Users\vamsh\Desktop\MasterClass\MicroMini2\Category)
2026-09-21 01:36:58 INFO  [restartedMain] - No active profile set, falling back to 1 default profile: "default"
2026-09-21 01:36:58 INFO  [restartedMain] - Bootstrapping Spring Data JPA repositories in DEFAULT mode.
2026-09-21 01:36:58 INFO  [restartedMain] - Finished Spring Data repository scanning in 10 ms. Found 2 JPA repository interfaces.
2026-09-21 01:36:59 INFO  [restartedMain] - Tomcat initialized with port 8080 (http)
2026-09-21 01:36:59 INFO  [restartedMain] - Starting service [Tomcat]
2026-09-21 01:36:59 INFO  [restartedMain] - Starting Servlet engine: [Apache Tomcat/11.0.24]
2026-09-21 01:36:59 INFO  [restartedMain] - Root WebApplicationContext: initialization completed in 348 ms
2026-09-21 01:36:59 INFO  [restartedMain] - HHH008540: Processing PersistenceUnitInfo [name: default]
2026-09-21 01:36:59 INFO  [restartedMain] - No LoadTimeWeaver setup: ignoring JPA class transformer
2026-09-21 01:36:59 INFO  [restartedMain] - HikariPool-22 - Starting...
2026-09-21 01:36:59 INFO  [restartedMain] - HikariPool-22 - Added connection conn212: url=jdbc:h2:mem:testdb user=SA
2026-09-21 01:36:59 INFO  [restartedMain] - HikariPool-22 - Start completed.
2026-09-21 01:36:59 INFO  [restartedMain] - HHH10001005: Database info:
	Database JDBC URL [jdbc:h2:mem:testdb]
	Database driver: H2 JDBC Driver
	Database dialect: H2Dialect
	Database version: 2.4.240
	Default catalog/schema: TESTDB/PUBLIC
	Autocommit mode: undefined/unknown
	Isolation level: READ_COMMITTED [default READ_COMMITTED]
	JDBC fetch size: 100
	Pool: DataSourceConnectionProvider
	Minimum pool size: undefined/unknown
	Maximum pool size: undefined/unknown
2026-09-21 01:36:59 INFO  [restartedMain] - HHH000489: No JTA platform available (set 'hibernate.transaction.jta.platform' to enable JTA platform integration)
2026-09-21 01:36:59 INFO  [restartedMain] - Initialized JPA EntityManagerFactory for persistence unit 'default'
2026-09-21 01:36:59 WARN  [restartedMain] - spring.jpa.open-in-view is enabled by default. Therefore, database queries may be performed during view rendering. Explicitly configure spring.jpa.open-in-view to disable this warning
2026-09-21 01:36:59 INFO  [restartedMain] - H2 console available at '/h2-console'. Database available at 'jdbc:h2:mem:testdb'
2026-09-21 01:36:59 INFO  [restartedMain] - Tomcat started on port 8080 (http) with context path '/'
2026-09-21 01:36:59 INFO  [restartedMain] - Started CategoryApplication in 0.67 seconds (process running for 1862.016)
2026-09-21 01:36:59 WARN  [restartedMain] - SpringDoc /v3/api-docs endpoint is enabled by default. To disable it in production, set the property 'springdoc.api-docs.enabled=false'
2026-09-21 01:36:59 WARN  [restartedMain] - SpringDoc /swagger-ui.html endpoint is enabled by default. To disable it in production, set the property 'springdoc.swagger-ui.enabled=false'
2026-09-21 01:36:59 INFO  [restartedMain] - Condition evaluation unchanged
2026-09-21 01:37:00 INFO  [File Watcher] - Restarting due to 1 class path change (1 addition, 0 deletions, 0 modifications)
2026-09-21 01:37:00 INFO  [Thread-86] - Commencing graceful shutdown. Waiting for active requests to complete
2026-09-21 01:37:00 INFO  [tomcat-shutdown] - Graceful shutdown complete
2026-09-21 01:37:00 INFO  [Thread-86] - Closing JPA EntityManagerFactory for persistence unit 'default'
2026-09-21 01:37:00 WARN  [Thread-86] - Invocation of destroy method failed on bean with name 'inMemoryDatabaseShutdownExecutor': org.h2.jdbc.JdbcSQLNonTransientConnectionException: Database is already closed (to disable automatic closing at VM shutdown, add ";DB_CLOSE_ON_EXIT=FALSE" to the db URL) [90121-240]
2026-09-21 01:37:00 INFO  [Thread-86] - HikariPool-22 - Shutdown initiated...
2026-09-21 01:37:00 INFO  [Thread-86] - HikariPool-22 - Shutdown completed.
2026-09-21 01:37:00 INFO  [restartedMain] - Starting CategoryApplication using Java 21.0.11 with PID 11436 (C:\Users\vamsh\Desktop\MasterClass\MicroMini2\Category\target\classes started by vamsh in C:\Users\vamsh\Desktop\MasterClass\MicroMini2\Category)
2026-09-21 01:37:00 INFO  [restartedMain] - No active profile set, falling back to 1 default profile: "default"
2026-09-21 01:37:00 INFO  [restartedMain] - Bootstrapping Spring Data JPA repositories in DEFAULT mode.
2026-09-21 01:37:00 INFO  [restartedMain] - Finished Spring Data repository scanning in 7 ms. Found 2 JPA repository interfaces.
2026-09-21 01:37:01 INFO  [restartedMain] - Tomcat initialized with port 8080 (http)
2026-09-21 01:37:01 INFO  [restartedMain] - Starting service [Tomcat]
2026-09-21 01:37:01 INFO  [restartedMain] - Starting Servlet engine: [Apache Tomcat/11.0.24]
2026-09-21 01:37:01 INFO  [restartedMain] - Root WebApplicationContext: initialization completed in 214 ms
2026-09-21 01:37:01 INFO  [restartedMain] - HHH008540: Processing PersistenceUnitInfo [name: default]
2026-09-21 01:37:01 INFO  [restartedMain] - No LoadTimeWeaver setup: ignoring JPA class transformer
2026-09-21 01:37:01 INFO  [restartedMain] - HikariPool-23 - Starting...
2026-09-21 01:37:01 INFO  [restartedMain] - HikariPool-23 - Added connection conn222: url=jdbc:h2:mem:testdb user=SA
2026-09-21 01:37:01 INFO  [restartedMain] - HikariPool-23 - Start completed.
2026-09-21 01:37:01 INFO  [restartedMain] - HHH10001005: Database info:
	Database JDBC URL [jdbc:h2:mem:testdb]
	Database driver: H2 JDBC Driver
	Database dialect: H2Dialect
	Database version: 2.4.240
	Default catalog/schema: TESTDB/PUBLIC
	Autocommit mode: undefined/unknown
	Isolation level: READ_COMMITTED [default READ_COMMITTED]
	JDBC fetch size: 100
	Pool: DataSourceConnectionProvider
	Minimum pool size: undefined/unknown
	Maximum pool size: undefined/unknown
2026-09-21 01:37:01 INFO  [restartedMain] - HHH000489: No JTA platform available (set 'hibernate.transaction.jta.platform' to enable JTA platform integration)
2026-09-21 01:37:01 INFO  [restartedMain] - Initialized JPA EntityManagerFactory for persistence unit 'default'
2026-09-21 01:37:01 WARN  [restartedMain] - spring.jpa.open-in-view is enabled by default. Therefore, database queries may be performed during view rendering. Explicitly configure spring.jpa.open-in-view to disable this warning
2026-09-21 01:37:01 INFO  [restartedMain] - H2 console available at '/h2-console'. Database available at 'jdbc:h2:mem:testdb'
2026-09-21 01:37:01 INFO  [restartedMain] - Tomcat started on port 8080 (http) with context path '/'
2026-09-21 01:37:01 INFO  [restartedMain] - Started CategoryApplication in 0.553 seconds (process running for 1864.045)
2026-09-21 01:37:01 WARN  [restartedMain] - SpringDoc /v3/api-docs endpoint is enabled by default. To disable it in production, set the property 'springdoc.api-docs.enabled=false'
2026-09-21 01:37:01 WARN  [restartedMain] - SpringDoc /swagger-ui.html endpoint is enabled by default. To disable it in production, set the property 'springdoc.swagger-ui.enabled=false'
2026-09-21 01:37:01 INFO  [restartedMain] - Condition evaluation unchanged
2026-09-21 01:37:23 INFO  [File Watcher] - Restarting due to 1 class path change (0 additions, 1 deletion, 0 modifications)
2026-09-21 01:37:23 INFO  [Thread-90] - Commencing graceful shutdown. Waiting for active requests to complete
2026-09-21 01:37:23 INFO  [tomcat-shutdown] - Graceful shutdown complete
2026-09-21 01:37:23 INFO  [Thread-90] - Closing JPA EntityManagerFactory for persistence unit 'default'
2026-09-21 01:37:23 WARN  [Thread-90] - Invocation of destroy method failed on bean with name 'inMemoryDatabaseShutdownExecutor': org.h2.jdbc.JdbcSQLNonTransientConnectionException: Database is already closed (to disable automatic closing at VM shutdown, add ";DB_CLOSE_ON_EXIT=FALSE" to the db URL) [90121-240]
2026-09-21 01:37:23 INFO  [Thread-90] - HikariPool-23 - Shutdown initiated...
2026-09-21 01:37:23 INFO  [Thread-90] - HikariPool-23 - Shutdown completed.
2026-09-21 01:37:23 INFO  [restartedMain] - Starting CategoryApplication using Java 21.0.11 with PID 11436 (C:\Users\vamsh\Desktop\MasterClass\MicroMini2\Category\target\classes started by vamsh in C:\Users\vamsh\Desktop\MasterClass\MicroMini2\Category)
2026-09-21 01:37:23 INFO  [restartedMain] - No active profile set, falling back to 1 default profile: "default"
2026-09-21 01:37:23 INFO  [restartedMain] - Bootstrapping Spring Data JPA repositories in DEFAULT mode.
2026-09-21 01:37:23 INFO  [restartedMain] - Finished Spring Data repository scanning in 14 ms. Found 2 JPA repository interfaces.
2026-09-21 01:37:24 INFO  [restartedMain] - Tomcat initialized with port 8080 (http)
2026-09-21 01:37:24 INFO  [restartedMain] - Starting service [Tomcat]
2026-09-21 01:37:24 INFO  [restartedMain] - Starting Servlet engine: [Apache Tomcat/11.0.24]
2026-09-21 01:37:24 INFO  [restartedMain] - Root WebApplicationContext: initialization completed in 670 ms
2026-09-21 01:37:24 INFO  [restartedMain] - HHH008540: Processing PersistenceUnitInfo [name: default]
2026-09-21 01:37:24 INFO  [restartedMain] - No LoadTimeWeaver setup: ignoring JPA class transformer
2026-09-21 01:37:24 INFO  [restartedMain] - HikariPool-24 - Starting...
2026-09-21 01:37:24 INFO  [restartedMain] - HikariPool-24 - Added connection conn232: url=jdbc:h2:mem:testdb user=SA
2026-09-21 01:37:24 INFO  [restartedMain] - HikariPool-24 - Start completed.
2026-09-21 01:37:24 INFO  [restartedMain] - HHH10001005: Database info:
	Database JDBC URL [jdbc:h2:mem:testdb]
	Database driver: H2 JDBC Driver
	Database dialect: H2Dialect
	Database version: 2.4.240
	Default catalog/schema: TESTDB/PUBLIC
	Autocommit mode: undefined/unknown
	Isolation level: READ_COMMITTED [default READ_COMMITTED]
	JDBC fetch size: 100
	Pool: DataSourceConnectionProvider
	Minimum pool size: undefined/unknown
	Maximum pool size: undefined/unknown
2026-09-21 01:37:24 INFO  [restartedMain] - HHH000489: No JTA platform available (set 'hibernate.transaction.jta.platform' to enable JTA platform integration)
2026-09-21 01:37:24 INFO  [restartedMain] - Initialized JPA EntityManagerFactory for persistence unit 'default'
2026-09-21 01:37:24 WARN  [restartedMain] - spring.jpa.open-in-view is enabled by default. Therefore, database queries may be performed during view rendering. Explicitly configure spring.jpa.open-in-view to disable this warning
2026-09-21 01:37:24 INFO  [restartedMain] - H2 console available at '/h2-console'. Database available at 'jdbc:h2:mem:testdb'
2026-09-21 01:37:24 INFO  [restartedMain] - Tomcat started on port 8080 (http) with context path '/'
2026-09-21 01:37:24 INFO  [restartedMain] - Started CategoryApplication in 1.362 seconds (process running for 1887.518)
2026-09-21 01:37:24 WARN  [restartedMain] - SpringDoc /v3/api-docs endpoint is enabled by default. To disable it in production, set the property 'springdoc.api-docs.enabled=false'
2026-09-21 01:37:24 WARN  [restartedMain] - SpringDoc /swagger-ui.html endpoint is enabled by default. To disable it in production, set the property 'springdoc.swagger-ui.enabled=false'
2026-09-21 01:37:24 INFO  [restartedMain] - Condition evaluation unchanged
2026-09-21 01:37:27 INFO  [File Watcher] - Restarting due to 1 class path change (1 addition, 0 deletions, 0 modifications)
2026-09-21 01:37:27 INFO  [Thread-94] - Commencing graceful shutdown. Waiting for active requests to complete
2026-09-21 01:37:27 INFO  [tomcat-shutdown] - Graceful shutdown complete
2026-09-21 01:37:27 INFO  [Thread-94] - Closing JPA EntityManagerFactory for persistence unit 'default'
2026-09-21 01:37:27 WARN  [Thread-94] - Invocation of destroy method failed on bean with name 'inMemoryDatabaseShutdownExecutor': org.h2.jdbc.JdbcSQLNonTransientConnectionException: Database is already closed (to disable automatic closing at VM shutdown, add ";DB_CLOSE_ON_EXIT=FALSE" to the db URL) [90121-240]
2026-09-21 01:37:27 INFO  [Thread-94] - HikariPool-24 - Shutdown initiated...
2026-09-21 01:37:27 INFO  [Thread-94] - HikariPool-24 - Shutdown completed.
2026-09-21 01:37:27 INFO  [restartedMain] - Starting CategoryApplication using Java 21.0.11 with PID 11436 (C:\Users\vamsh\Desktop\MasterClass\MicroMini2\Category\target\classes started by vamsh in C:\Users\vamsh\Desktop\MasterClass\MicroMini2\Category)
2026-09-21 01:37:27 INFO  [restartedMain] - No active profile set, falling back to 1 default profile: "default"
2026-09-21 01:37:27 INFO  [restartedMain] - Bootstrapping Spring Data JPA repositories in DEFAULT mode.
2026-09-21 01:37:27 INFO  [restartedMain] - Finished Spring Data repository scanning in 12 ms. Found 2 JPA repository interfaces.
2026-09-21 01:37:27 INFO  [restartedMain] - Tomcat initialized with port 8080 (http)
2026-09-21 01:37:27 INFO  [restartedMain] - Starting service [Tomcat]
2026-09-21 01:37:27 INFO  [restartedMain] - Starting Servlet engine: [Apache Tomcat/11.0.24]
2026-09-21 01:37:27 INFO  [restartedMain] - Root WebApplicationContext: initialization completed in 287 ms
2026-09-21 01:37:27 INFO  [restartedMain] - HHH008540: Processing PersistenceUnitInfo [name: default]
2026-09-21 01:37:27 INFO  [restartedMain] - No LoadTimeWeaver setup: ignoring JPA class transformer
2026-09-21 01:37:27 INFO  [restartedMain] - HikariPool-25 - Starting...
2026-09-21 01:37:27 INFO  [restartedMain] - HikariPool-25 - Added connection conn242: url=jdbc:h2:mem:testdb user=SA
2026-09-21 01:37:27 INFO  [restartedMain] - HikariPool-25 - Start completed.
2026-09-21 01:37:27 INFO  [restartedMain] - HHH10001005: Database info:
	Database JDBC URL [jdbc:h2:mem:testdb]
	Database driver: H2 JDBC Driver
	Database dialect: H2Dialect
	Database version: 2.4.240
	Default catalog/schema: TESTDB/PUBLIC
	Autocommit mode: undefined/unknown
	Isolation level: READ_COMMITTED [default READ_COMMITTED]
	JDBC fetch size: 100
	Pool: DataSourceConnectionProvider
	Minimum pool size: undefined/unknown
	Maximum pool size: undefined/unknown
2026-09-21 01:37:27 INFO  [restartedMain] - HHH000489: No JTA platform available (set 'hibernate.transaction.jta.platform' to enable JTA platform integration)
2026-09-21 01:37:27 INFO  [restartedMain] - Initialized JPA EntityManagerFactory for persistence unit 'default'
2026-09-21 01:37:27 WARN  [restartedMain] - spring.jpa.open-in-view is enabled by default. Therefore, database queries may be performed during view rendering. Explicitly configure spring.jpa.open-in-view to disable this warning
2026-09-21 01:37:28 INFO  [restartedMain] - H2 console available at '/h2-console'. Database available at 'jdbc:h2:mem:testdb'
2026-09-21 01:37:28 INFO  [restartedMain] - Tomcat started on port 8080 (http) with context path '/'
2026-09-21 01:37:28 INFO  [restartedMain] - Started CategoryApplication in 0.8 seconds (process running for 1890.805)
2026-09-21 01:37:28 WARN  [restartedMain] - SpringDoc /v3/api-docs endpoint is enabled by default. To disable it in production, set the property 'springdoc.api-docs.enabled=false'
2026-09-21 01:37:28 WARN  [restartedMain] - SpringDoc /swagger-ui.html endpoint is enabled by default. To disable it in production, set the property 'springdoc.swagger-ui.enabled=false'
2026-09-21 01:37:28 INFO  [restartedMain] - Condition evaluation unchanged
2026-09-21 01:37:42 INFO  [File Watcher] - Restarting due to 1 class path change (0 additions, 1 deletion, 0 modifications)
2026-09-21 01:37:42 INFO  [Thread-98] - Commencing graceful shutdown. Waiting for active requests to complete
2026-09-21 01:37:42 INFO  [tomcat-shutdown] - Graceful shutdown complete
2026-09-21 01:37:42 INFO  [Thread-98] - Closing JPA EntityManagerFactory for persistence unit 'default'
2026-09-21 01:37:42 WARN  [Thread-98] - Invocation of destroy method failed on bean with name 'inMemoryDatabaseShutdownExecutor': org.h2.jdbc.JdbcSQLNonTransientConnectionException: Database is already closed (to disable automatic closing at VM shutdown, add ";DB_CLOSE_ON_EXIT=FALSE" to the db URL) [90121-240]
2026-09-21 01:37:42 INFO  [Thread-98] - HikariPool-25 - Shutdown initiated...
2026-09-21 01:37:42 INFO  [Thread-98] - HikariPool-25 - Shutdown completed.
2026-09-21 01:37:43 INFO  [restartedMain] - Starting CategoryApplication using Java 21.0.11 with PID 11436 (C:\Users\vamsh\Desktop\MasterClass\MicroMini2\Category\target\classes started by vamsh in C:\Users\vamsh\Desktop\MasterClass\MicroMini2\Category)
2026-09-21 01:37:43 INFO  [restartedMain] - No active profile set, falling back to 1 default profile: "default"
2026-09-21 01:37:43 INFO  [restartedMain] - Bootstrapping Spring Data JPA repositories in DEFAULT mode.
2026-09-21 01:37:43 INFO  [restartedMain] - Finished Spring Data repository scanning in 27 ms. Found 2 JPA repository interfaces.
2026-09-21 01:37:43 INFO  [restartedMain] - Tomcat initialized with port 8080 (http)
2026-09-21 01:37:43 INFO  [restartedMain] - Starting service [Tomcat]
2026-09-21 01:37:43 INFO  [restartedMain] - Starting Servlet engine: [Apache Tomcat/11.0.24]
2026-09-21 01:37:43 INFO  [restartedMain] - Root WebApplicationContext: initialization completed in 646 ms
2026-09-21 01:37:43 INFO  [restartedMain] - HHH008540: Processing PersistenceUnitInfo [name: default]
2026-09-21 01:37:43 INFO  [restartedMain] - No LoadTimeWeaver setup: ignoring JPA class transformer
2026-09-21 01:37:43 INFO  [restartedMain] - HikariPool-26 - Starting...
2026-09-21 01:37:43 INFO  [restartedMain] - HikariPool-26 - Added connection conn252: url=jdbc:h2:mem:testdb user=SA
2026-09-21 01:37:43 INFO  [restartedMain] - HikariPool-26 - Start completed.
2026-09-21 01:37:43 INFO  [restartedMain] - HHH10001005: Database info:
	Database JDBC URL [jdbc:h2:mem:testdb]
	Database driver: H2 JDBC Driver
	Database dialect: H2Dialect
	Database version: 2.4.240
	Default catalog/schema: TESTDB/PUBLIC
	Autocommit mode: undefined/unknown
	Isolation level: READ_COMMITTED [default READ_COMMITTED]
	JDBC fetch size: 100
	Pool: DataSourceConnectionProvider
	Minimum pool size: undefined/unknown
	Maximum pool size: undefined/unknown
2026-09-21 01:37:43 INFO  [restartedMain] - HHH000489: No JTA platform available (set 'hibernate.transaction.jta.platform' to enable JTA platform integration)
2026-09-21 01:37:43 INFO  [restartedMain] - Initialized JPA EntityManagerFactory for persistence unit 'default'
2026-09-21 01:37:44 WARN  [restartedMain] - spring.jpa.open-in-view is enabled by default. Therefore, database queries may be performed during view rendering. Explicitly configure spring.jpa.open-in-view to disable this warning
2026-09-21 01:37:44 INFO  [restartedMain] - H2 console available at '/h2-console'. Database available at 'jdbc:h2:mem:testdb'
2026-09-21 01:37:44 INFO  [restartedMain] - Tomcat started on port 8080 (http) with context path '/'
2026-09-21 01:37:44 INFO  [restartedMain] - Started CategoryApplication in 1.368 seconds (process running for 1907.006)
2026-09-21 01:37:44 WARN  [restartedMain] - SpringDoc /v3/api-docs endpoint is enabled by default. To disable it in production, set the property 'springdoc.api-docs.enabled=false'
2026-09-21 01:37:44 WARN  [restartedMain] - SpringDoc /swagger-ui.html endpoint is enabled by default. To disable it in production, set the property 'springdoc.swagger-ui.enabled=false'
2026-09-21 01:37:44 INFO  [restartedMain] - Condition evaluation unchanged
2026-09-21 01:37:45 INFO  [File Watcher] - Restarting due to 1 class path change (1 addition, 0 deletions, 0 modifications)
2026-09-21 01:37:45 INFO  [Thread-102] - Commencing graceful shutdown. Waiting for active requests to complete
2026-09-21 01:37:45 INFO  [tomcat-shutdown] - Graceful shutdown complete
2026-09-21 01:37:45 INFO  [Thread-102] - Closing JPA EntityManagerFactory for persistence unit 'default'
2026-09-21 01:37:45 WARN  [Thread-102] - Invocation of destroy method failed on bean with name 'inMemoryDatabaseShutdownExecutor': org.h2.jdbc.JdbcSQLNonTransientConnectionException: Database is already closed (to disable automatic closing at VM shutdown, add ";DB_CLOSE_ON_EXIT=FALSE" to the db URL) [90121-240]
2026-09-21 01:37:45 INFO  [Thread-102] - HikariPool-26 - Shutdown initiated...
2026-09-21 01:37:45 INFO  [Thread-102] - HikariPool-26 - Shutdown completed.
2026-09-21 01:37:45 INFO  [restartedMain] - Starting CategoryApplication using Java 21.0.11 with PID 11436 (C:\Users\vamsh\Desktop\MasterClass\MicroMini2\Category\target\classes started by vamsh in C:\Users\vamsh\Desktop\MasterClass\MicroMini2\Category)
2026-09-21 01:37:45 INFO  [restartedMain] - No active profile set, falling back to 1 default profile: "default"
2026-09-21 01:37:46 INFO  [restartedMain] - Bootstrapping Spring Data JPA repositories in DEFAULT mode.
2026-09-21 01:37:46 INFO  [restartedMain] - Finished Spring Data repository scanning in 26 ms. Found 2 JPA repository interfaces.
2026-09-21 01:37:46 INFO  [restartedMain] - Tomcat initialized with port 8080 (http)
2026-09-21 01:37:46 INFO  [restartedMain] - Starting service [Tomcat]
2026-09-21 01:37:46 INFO  [restartedMain] - Starting Servlet engine: [Apache Tomcat/11.0.24]
2026-09-21 01:37:46 INFO  [restartedMain] - Root WebApplicationContext: initialization completed in 686 ms
2026-09-21 01:37:46 INFO  [restartedMain] - HHH008540: Processing PersistenceUnitInfo [name: default]
2026-09-21 01:37:46 INFO  [restartedMain] - No LoadTimeWeaver setup: ignoring JPA class transformer
2026-09-21 01:37:46 INFO  [restartedMain] - HikariPool-27 - Starting...
2026-09-21 01:37:46 INFO  [restartedMain] - HikariPool-27 - Added connection conn262: url=jdbc:h2:mem:testdb user=SA
2026-09-21 01:37:46 INFO  [restartedMain] - HikariPool-27 - Start completed.
2026-09-21 01:37:46 INFO  [restartedMain] - HHH10001005: Database info:
	Database JDBC URL [jdbc:h2:mem:testdb]
	Database driver: H2 JDBC Driver
	Database dialect: H2Dialect
	Database version: 2.4.240
	Default catalog/schema: TESTDB/PUBLIC
	Autocommit mode: undefined/unknown
	Isolation level: READ_COMMITTED [default READ_COMMITTED]
	JDBC fetch size: 100
	Pool: DataSourceConnectionProvider
	Minimum pool size: undefined/unknown
	Maximum pool size: undefined/unknown
2026-09-21 01:37:46 INFO  [restartedMain] - HHH000489: No JTA platform available (set 'hibernate.transaction.jta.platform' to enable JTA platform integration)
2026-09-21 01:37:46 INFO  [restartedMain] - Initialized JPA EntityManagerFactory for persistence unit 'default'
2026-09-21 01:37:47 WARN  [restartedMain] - spring.jpa.open-in-view is enabled by default. Therefore, database queries may be performed during view rendering. Explicitly configure spring.jpa.open-in-view to disable this warning
2026-09-21 01:37:47 INFO  [restartedMain] - H2 console available at '/h2-console'. Database available at 'jdbc:h2:mem:testdb'
2026-09-21 01:37:47 INFO  [restartedMain] - Tomcat started on port 8080 (http) with context path '/'
2026-09-21 01:37:47 INFO  [restartedMain] - Started CategoryApplication in 1.358 seconds (process running for 1909.891)
2026-09-21 01:37:47 WARN  [restartedMain] - SpringDoc /v3/api-docs endpoint is enabled by default. To disable it in production, set the property 'springdoc.api-docs.enabled=false'
2026-09-21 01:37:47 WARN  [restartedMain] - SpringDoc /swagger-ui.html endpoint is enabled by default. To disable it in production, set the property 'springdoc.swagger-ui.enabled=false'
2026-09-21 01:37:47 INFO  [restartedMain] - Condition evaluation unchanged
2026-09-21 01:37:56 INFO  [File Watcher] - Restarting due to 1 class path change (0 additions, 1 deletion, 0 modifications)
2026-09-21 01:37:56 INFO  [Thread-106] - Commencing graceful shutdown. Waiting for active requests to complete
2026-09-21 01:37:56 INFO  [tomcat-shutdown] - Graceful shutdown complete
2026-09-21 01:37:56 INFO  [Thread-106] - Closing JPA EntityManagerFactory for persistence unit 'default'
2026-09-21 01:37:56 WARN  [Thread-106] - Invocation of destroy method failed on bean with name 'inMemoryDatabaseShutdownExecutor': org.h2.jdbc.JdbcSQLNonTransientConnectionException: Database is already closed (to disable automatic closing at VM shutdown, add ";DB_CLOSE_ON_EXIT=FALSE" to the db URL) [90121-240]
2026-09-21 01:37:56 INFO  [Thread-106] - HikariPool-27 - Shutdown initiated...
2026-09-21 01:37:56 INFO  [Thread-106] - HikariPool-27 - Shutdown completed.
2026-09-21 01:37:56 INFO  [restartedMain] - Starting CategoryApplication using Java 21.0.11 with PID 11436 (C:\Users\vamsh\Desktop\MasterClass\MicroMini2\Category\target\classes started by vamsh in C:\Users\vamsh\Desktop\MasterClass\MicroMini2\Category)
2026-09-21 01:37:56 INFO  [restartedMain] - No active profile set, falling back to 1 default profile: "default"
2026-09-21 01:37:57 INFO  [restartedMain] - Bootstrapping Spring Data JPA repositories in DEFAULT mode.
2026-09-21 01:37:57 INFO  [restartedMain] - Finished Spring Data repository scanning in 10 ms. Found 2 JPA repository interfaces.
2026-09-21 01:37:57 INFO  [restartedMain] - Tomcat initialized with port 8080 (http)
2026-09-21 01:37:57 INFO  [restartedMain] - Starting service [Tomcat]
2026-09-21 01:37:57 INFO  [restartedMain] - Starting Servlet engine: [Apache Tomcat/11.0.24]
2026-09-21 01:37:57 INFO  [restartedMain] - Root WebApplicationContext: initialization completed in 318 ms
2026-09-21 01:37:57 INFO  [restartedMain] - HHH008540: Processing PersistenceUnitInfo [name: default]
2026-09-21 01:37:57 INFO  [restartedMain] - No LoadTimeWeaver setup: ignoring JPA class transformer
2026-09-21 01:37:57 INFO  [restartedMain] - HikariPool-28 - Starting...
2026-09-21 01:37:57 INFO  [restartedMain] - HikariPool-28 - Added connection conn272: url=jdbc:h2:mem:testdb user=SA
2026-09-21 01:37:57 INFO  [restartedMain] - HikariPool-28 - Start completed.
2026-09-21 01:37:57 INFO  [restartedMain] - HHH10001005: Database info:
	Database JDBC URL [jdbc:h2:mem:testdb]
	Database driver: H2 JDBC Driver
	Database dialect: H2Dialect
	Database version: 2.4.240
	Default catalog/schema: TESTDB/PUBLIC
	Autocommit mode: undefined/unknown
	Isolation level: READ_COMMITTED [default READ_COMMITTED]
	JDBC fetch size: 100
	Pool: DataSourceConnectionProvider
	Minimum pool size: undefined/unknown
	Maximum pool size: undefined/unknown
2026-09-21 01:37:57 INFO  [restartedMain] - HHH000489: No JTA platform available (set 'hibernate.transaction.jta.platform' to enable JTA platform integration)
2026-09-21 01:37:57 INFO  [restartedMain] - Initialized JPA EntityManagerFactory for persistence unit 'default'
2026-09-21 01:37:57 WARN  [restartedMain] - spring.jpa.open-in-view is enabled by default. Therefore, database queries may be performed during view rendering. Explicitly configure spring.jpa.open-in-view to disable this warning
2026-09-21 01:37:57 INFO  [restartedMain] - H2 console available at '/h2-console'. Database available at 'jdbc:h2:mem:testdb'
2026-09-21 01:37:57 INFO  [restartedMain] - Tomcat started on port 8080 (http) with context path '/'
2026-09-21 01:37:57 INFO  [restartedMain] - Started CategoryApplication in 0.583 seconds (process running for 1920.143)
2026-09-21 01:37:57 WARN  [restartedMain] - SpringDoc /v3/api-docs endpoint is enabled by default. To disable it in production, set the property 'springdoc.api-docs.enabled=false'
2026-09-21 01:37:57 WARN  [restartedMain] - SpringDoc /swagger-ui.html endpoint is enabled by default. To disable it in production, set the property 'springdoc.swagger-ui.enabled=false'
2026-09-21 01:37:57 INFO  [restartedMain] - Condition evaluation unchanged
2026-09-21 01:37:58 INFO  [File Watcher] - Restarting due to 1 class path change (1 addition, 0 deletions, 0 modifications)
2026-09-21 01:37:58 INFO  [Thread-110] - Commencing graceful shutdown. Waiting for active requests to complete
2026-09-21 01:37:58 INFO  [tomcat-shutdown] - Graceful shutdown complete
2026-09-21 01:37:58 INFO  [Thread-110] - Closing JPA EntityManagerFactory for persistence unit 'default'
2026-09-21 01:37:58 WARN  [Thread-110] - Invocation of destroy method failed on bean with name 'inMemoryDatabaseShutdownExecutor': org.h2.jdbc.JdbcSQLNonTransientConnectionException: Database is already closed (to disable automatic closing at VM shutdown, add ";DB_CLOSE_ON_EXIT=FALSE" to the db URL) [90121-240]
2026-09-21 01:37:58 INFO  [Thread-110] - HikariPool-28 - Shutdown initiated...
2026-09-21 01:37:58 INFO  [Thread-110] - HikariPool-28 - Shutdown completed.
2026-09-21 01:37:58 INFO  [restartedMain] - Starting CategoryApplication using Java 21.0.11 with PID 11436 (C:\Users\vamsh\Desktop\MasterClass\MicroMini2\Category\target\classes started by vamsh in C:\Users\vamsh\Desktop\MasterClass\MicroMini2\Category)
2026-09-21 01:37:58 INFO  [restartedMain] - No active profile set, falling back to 1 default profile: "default"
2026-09-21 01:37:59 INFO  [restartedMain] - Bootstrapping Spring Data JPA repositories in DEFAULT mode.
2026-09-21 01:37:59 INFO  [restartedMain] - Finished Spring Data repository scanning in 5 ms. Found 2 JPA repository interfaces.
2026-09-21 01:37:59 INFO  [restartedMain] - Tomcat initialized with port 8080 (http)
2026-09-21 01:37:59 INFO  [restartedMain] - Starting service [Tomcat]
2026-09-21 01:37:59 INFO  [restartedMain] - Starting Servlet engine: [Apache Tomcat/11.0.24]
2026-09-21 01:37:59 INFO  [restartedMain] - Root WebApplicationContext: initialization completed in 221 ms
2026-09-21 01:37:59 INFO  [restartedMain] - HHH008540: Processing PersistenceUnitInfo [name: default]
2026-09-21 01:37:59 INFO  [restartedMain] - No LoadTimeWeaver setup: ignoring JPA class transformer
2026-09-21 01:37:59 INFO  [restartedMain] - HikariPool-29 - Starting...
2026-09-21 01:37:59 INFO  [restartedMain] - HikariPool-29 - Added connection conn282: url=jdbc:h2:mem:testdb user=SA
2026-09-21 01:37:59 INFO  [restartedMain] - HikariPool-29 - Start completed.
2026-09-21 01:37:59 INFO  [restartedMain] - HHH10001005: Database info:
	Database JDBC URL [jdbc:h2:mem:testdb]
	Database driver: H2 JDBC Driver
	Database dialect: H2Dialect
	Database version: 2.4.240
	Default catalog/schema: TESTDB/PUBLIC
	Autocommit mode: undefined/unknown
	Isolation level: READ_COMMITTED [default READ_COMMITTED]
	JDBC fetch size: 100
	Pool: DataSourceConnectionProvider
	Minimum pool size: undefined/unknown
	Maximum pool size: undefined/unknown
2026-09-21 01:37:59 INFO  [restartedMain] - HHH000489: No JTA platform available (set 'hibernate.transaction.jta.platform' to enable JTA platform integration)
2026-09-21 01:37:59 INFO  [restartedMain] - Initialized JPA EntityManagerFactory for persistence unit 'default'
2026-09-21 01:37:59 WARN  [restartedMain] - spring.jpa.open-in-view is enabled by default. Therefore, database queries may be performed during view rendering. Explicitly configure spring.jpa.open-in-view to disable this warning
2026-09-21 01:37:59 INFO  [restartedMain] - H2 console available at '/h2-console'. Database available at 'jdbc:h2:mem:testdb'
2026-09-21 01:37:59 INFO  [restartedMain] - Tomcat started on port 8080 (http) with context path '/'
2026-09-21 01:37:59 INFO  [restartedMain] - Started CategoryApplication in 0.562 seconds (process running for 1922.163)
2026-09-21 01:37:59 WARN  [restartedMain] - SpringDoc /v3/api-docs endpoint is enabled by default. To disable it in production, set the property 'springdoc.api-docs.enabled=false'
2026-09-21 01:37:59 WARN  [restartedMain] - SpringDoc /swagger-ui.html endpoint is enabled by default. To disable it in production, set the property 'springdoc.swagger-ui.enabled=false'
2026-09-21 01:37:59 INFO  [restartedMain] - Condition evaluation unchanged
2026-09-21 01:38:11 INFO  [File Watcher] - Restarting due to 1 class path change (0 additions, 1 deletion, 0 modifications)
2026-09-21 01:38:11 INFO  [Thread-114] - Commencing graceful shutdown. Waiting for active requests to complete
2026-09-21 01:38:11 INFO  [tomcat-shutdown] - Graceful shutdown complete
2026-09-21 01:38:11 INFO  [Thread-114] - Closing JPA EntityManagerFactory for persistence unit 'default'
2026-09-21 01:38:11 WARN  [Thread-114] - Invocation of destroy method failed on bean with name 'inMemoryDatabaseShutdownExecutor': org.h2.jdbc.JdbcSQLNonTransientConnectionException: Database is already closed (to disable automatic closing at VM shutdown, add ";DB_CLOSE_ON_EXIT=FALSE" to the db URL) [90121-240]
2026-09-21 01:38:11 INFO  [Thread-114] - HikariPool-29 - Shutdown initiated...
2026-09-21 01:38:11 INFO  [Thread-114] - HikariPool-29 - Shutdown completed.
2026-09-21 01:38:11 INFO  [restartedMain] - Starting CategoryApplication using Java 21.0.11 with PID 11436 (C:\Users\vamsh\Desktop\MasterClass\MicroMini2\Category\target\classes started by vamsh in C:\Users\vamsh\Desktop\MasterClass\MicroMini2\Category)
2026-09-21 01:38:11 INFO  [restartedMain] - No active profile set, falling back to 1 default profile: "default"
2026-09-21 01:38:11 INFO  [restartedMain] - Bootstrapping Spring Data JPA repositories in DEFAULT mode.
2026-09-21 01:38:11 INFO  [restartedMain] - Finished Spring Data repository scanning in 8 ms. Found 2 JPA repository interfaces.
2026-09-21 01:38:11 INFO  [restartedMain] - Tomcat initialized with port 8080 (http)
2026-09-21 01:38:11 INFO  [restartedMain] - Starting service [Tomcat]
2026-09-21 01:38:11 INFO  [restartedMain] - Starting Servlet engine: [Apache Tomcat/11.0.24]
2026-09-21 01:38:11 INFO  [restartedMain] - Root WebApplicationContext: initialization completed in 314 ms
2026-09-21 01:38:11 INFO  [restartedMain] - HHH008540: Processing PersistenceUnitInfo [name: default]
2026-09-21 01:38:11 INFO  [restartedMain] - No LoadTimeWeaver setup: ignoring JPA class transformer
2026-09-21 01:38:11 INFO  [restartedMain] - HikariPool-30 - Starting...
2026-09-21 01:38:11 INFO  [restartedMain] - HikariPool-30 - Added connection conn292: url=jdbc:h2:mem:testdb user=SA
2026-09-21 01:38:11 INFO  [restartedMain] - HikariPool-30 - Start completed.
2026-09-21 01:38:11 INFO  [restartedMain] - HHH10001005: Database info:
	Database JDBC URL [jdbc:h2:mem:testdb]
	Database driver: H2 JDBC Driver
	Database dialect: H2Dialect
	Database version: 2.4.240
	Default catalog/schema: TESTDB/PUBLIC
	Autocommit mode: undefined/unknown
	Isolation level: READ_COMMITTED [default READ_COMMITTED]
	JDBC fetch size: 100
	Pool: DataSourceConnectionProvider
	Minimum pool size: undefined/unknown
	Maximum pool size: undefined/unknown
2026-09-21 01:38:11 INFO  [restartedMain] - HHH000489: No JTA platform available (set 'hibernate.transaction.jta.platform' to enable JTA platform integration)
2026-09-21 01:38:11 INFO  [restartedMain] - Initialized JPA EntityManagerFactory for persistence unit 'default'
2026-09-21 01:38:11 WARN  [restartedMain] - spring.jpa.open-in-view is enabled by default. Therefore, database queries may be performed during view rendering. Explicitly configure spring.jpa.open-in-view to disable this warning
2026-09-21 01:38:11 INFO  [restartedMain] - H2 console available at '/h2-console'. Database available at 'jdbc:h2:mem:testdb'
2026-09-21 01:38:11 INFO  [restartedMain] - Tomcat started on port 8080 (http) with context path '/'
2026-09-21 01:38:11 INFO  [restartedMain] - Started CategoryApplication in 0.599 seconds (process running for 1934.485)
2026-09-21 01:38:11 WARN  [restartedMain] - SpringDoc /v3/api-docs endpoint is enabled by default. To disable it in production, set the property 'springdoc.api-docs.enabled=false'
2026-09-21 01:38:11 WARN  [restartedMain] - SpringDoc /swagger-ui.html endpoint is enabled by default. To disable it in production, set the property 'springdoc.swagger-ui.enabled=false'
2026-09-21 01:38:11 INFO  [restartedMain] - Condition evaluation unchanged
2026-09-21 01:38:56 INFO  [File Watcher] - Restarting due to 1 class path change (1 addition, 0 deletions, 0 modifications)
2026-09-21 01:38:56 INFO  [Thread-118] - Commencing graceful shutdown. Waiting for active requests to complete
2026-09-21 01:38:56 INFO  [tomcat-shutdown] - Graceful shutdown complete
2026-09-21 01:38:56 INFO  [Thread-118] - Closing JPA EntityManagerFactory for persistence unit 'default'
2026-09-21 01:38:56 WARN  [Thread-118] - Invocation of destroy method failed on bean with name 'inMemoryDatabaseShutdownExecutor': org.h2.jdbc.JdbcSQLNonTransientConnectionException: Database is already closed (to disable automatic closing at VM shutdown, add ";DB_CLOSE_ON_EXIT=FALSE" to the db URL) [90121-240]
2026-09-21 01:38:56 INFO  [Thread-118] - HikariPool-30 - Shutdown initiated...
2026-09-21 01:38:56 INFO  [Thread-118] - HikariPool-30 - Shutdown completed.
2026-09-21 01:38:56 INFO  [restartedMain] - Starting CategoryApplication using Java 21.0.11 with PID 11436 (C:\Users\vamsh\Desktop\MasterClass\MicroMini2\Category\target\classes started by vamsh in C:\Users\vamsh\Desktop\MasterClass\MicroMini2\Category)
2026-09-21 01:38:56 INFO  [restartedMain] - No active profile set, falling back to 1 default profile: "default"
2026-09-21 01:38:56 INFO  [restartedMain] - Bootstrapping Spring Data JPA repositories in DEFAULT mode.
2026-09-21 01:38:56 INFO  [restartedMain] - Finished Spring Data repository scanning in 6 ms. Found 2 JPA repository interfaces.
2026-09-21 01:38:56 INFO  [restartedMain] - Tomcat initialized with port 8080 (http)
2026-09-21 01:38:56 INFO  [restartedMain] - Starting service [Tomcat]
2026-09-21 01:38:56 INFO  [restartedMain] - Starting Servlet engine: [Apache Tomcat/11.0.24]
2026-09-21 01:38:56 INFO  [restartedMain] - Root WebApplicationContext: initialization completed in 181 ms
2026-09-21 01:38:56 INFO  [restartedMain] - HHH008540: Processing PersistenceUnitInfo [name: default]
2026-09-21 01:38:56 INFO  [restartedMain] - No LoadTimeWeaver setup: ignoring JPA class transformer
2026-09-21 01:38:56 INFO  [restartedMain] - HikariPool-31 - Starting...
2026-09-21 01:38:56 INFO  [restartedMain] - HikariPool-31 - Added connection conn302: url=jdbc:h2:mem:testdb user=SA
2026-09-21 01:38:56 INFO  [restartedMain] - HikariPool-31 - Start completed.
2026-09-21 01:38:56 INFO  [restartedMain] - HHH10001005: Database info:
	Database JDBC URL [jdbc:h2:mem:testdb]
	Database driver: H2 JDBC Driver
	Database dialect: H2Dialect
	Database version: 2.4.240
	Default catalog/schema: TESTDB/PUBLIC
	Autocommit mode: undefined/unknown
	Isolation level: READ_COMMITTED [default READ_COMMITTED]
	JDBC fetch size: 100
	Pool: DataSourceConnectionProvider
	Minimum pool size: undefined/unknown
	Maximum pool size: undefined/unknown
2026-09-21 01:38:56 INFO  [restartedMain] - HHH000489: No JTA platform available (set 'hibernate.transaction.jta.platform' to enable JTA platform integration)
2026-09-21 01:38:56 INFO  [restartedMain] - Initialized JPA EntityManagerFactory for persistence unit 'default'
2026-09-21 01:38:56 WARN  [restartedMain] - spring.jpa.open-in-view is enabled by default. Therefore, database queries may be performed during view rendering. Explicitly configure spring.jpa.open-in-view to disable this warning
2026-09-21 01:38:56 INFO  [restartedMain] - H2 console available at '/h2-console'. Database available at 'jdbc:h2:mem:testdb'
2026-09-21 01:38:56 INFO  [restartedMain] - Tomcat started on port 8080 (http) with context path '/'
2026-09-21 01:38:56 INFO  [restartedMain] - Started CategoryApplication in 0.501 seconds (process running for 1979.566)
2026-09-21 01:38:56 WARN  [restartedMain] - SpringDoc /v3/api-docs endpoint is enabled by default. To disable it in production, set the property 'springdoc.api-docs.enabled=false'
2026-09-21 01:38:56 WARN  [restartedMain] - SpringDoc /swagger-ui.html endpoint is enabled by default. To disable it in production, set the property 'springdoc.swagger-ui.enabled=false'
2026-09-21 01:38:56 INFO  [restartedMain] - Condition evaluation unchanged
2026-09-21 01:39:06 INFO  [File Watcher] - Restarting due to 1 class path change (0 additions, 1 deletion, 0 modifications)
2026-09-21 01:39:06 INFO  [Thread-122] - Commencing graceful shutdown. Waiting for active requests to complete
2026-09-21 01:39:06 INFO  [tomcat-shutdown] - Graceful shutdown complete
2026-09-21 01:39:06 INFO  [Thread-122] - Closing JPA EntityManagerFactory for persistence unit 'default'
2026-09-21 01:39:06 WARN  [Thread-122] - Invocation of destroy method failed on bean with name 'inMemoryDatabaseShutdownExecutor': org.h2.jdbc.JdbcSQLNonTransientConnectionException: Database is already closed (to disable automatic closing at VM shutdown, add ";DB_CLOSE_ON_EXIT=FALSE" to the db URL) [90121-240]
2026-09-21 01:39:06 INFO  [Thread-122] - HikariPool-31 - Shutdown initiated...
2026-09-21 01:39:06 INFO  [Thread-122] - HikariPool-31 - Shutdown completed.
2026-09-21 01:39:06 INFO  [restartedMain] - Starting CategoryApplication using Java 21.0.11 with PID 11436 (C:\Users\vamsh\Desktop\MasterClass\MicroMini2\Category\target\classes started by vamsh in C:\Users\vamsh\Desktop\MasterClass\MicroMini2\Category)
2026-09-21 01:39:06 INFO  [restartedMain] - No active profile set, falling back to 1 default profile: "default"
2026-09-21 01:39:07 INFO  [restartedMain] - Bootstrapping Spring Data JPA repositories in DEFAULT mode.
2026-09-21 01:39:07 INFO  [restartedMain] - Finished Spring Data repository scanning in 15 ms. Found 2 JPA repository interfaces.
2026-09-21 01:39:07 INFO  [restartedMain] - Tomcat initialized with port 8080 (http)
2026-09-21 01:39:07 INFO  [restartedMain] - Starting service [Tomcat]
2026-09-21 01:39:07 INFO  [restartedMain] - Starting Servlet engine: [Apache Tomcat/11.0.24]
2026-09-21 01:39:07 INFO  [restartedMain] - Root WebApplicationContext: initialization completed in 557 ms
2026-09-21 01:39:07 INFO  [restartedMain] - HHH008540: Processing PersistenceUnitInfo [name: default]
2026-09-21 01:39:07 INFO  [restartedMain] - No LoadTimeWeaver setup: ignoring JPA class transformer
2026-09-21 01:39:07 INFO  [restartedMain] - HikariPool-32 - Starting...
2026-09-21 01:39:07 INFO  [restartedMain] - HikariPool-32 - Added connection conn312: url=jdbc:h2:mem:testdb user=SA
2026-09-21 01:39:07 INFO  [restartedMain] - HikariPool-32 - Start completed.
2026-09-21 01:39:07 INFO  [restartedMain] - HHH10001005: Database info:
	Database JDBC URL [jdbc:h2:mem:testdb]
	Database driver: H2 JDBC Driver
	Database dialect: H2Dialect
	Database version: 2.4.240
	Default catalog/schema: TESTDB/PUBLIC
	Autocommit mode: undefined/unknown
	Isolation level: READ_COMMITTED [default READ_COMMITTED]
	JDBC fetch size: 100
	Pool: DataSourceConnectionProvider
	Minimum pool size: undefined/unknown
	Maximum pool size: undefined/unknown
2026-09-21 01:39:07 INFO  [restartedMain] - HHH000489: No JTA platform available (set 'hibernate.transaction.jta.platform' to enable JTA platform integration)
2026-09-21 01:39:07 INFO  [restartedMain] - Initialized JPA EntityManagerFactory for persistence unit 'default'
2026-09-21 01:39:07 WARN  [restartedMain] - spring.jpa.open-in-view is enabled by default. Therefore, database queries may be performed during view rendering. Explicitly configure spring.jpa.open-in-view to disable this warning
2026-09-21 01:39:07 INFO  [restartedMain] - H2 console available at '/h2-console'. Database available at 'jdbc:h2:mem:testdb'
2026-09-21 01:39:07 INFO  [restartedMain] - Tomcat started on port 8080 (http) with context path '/'
2026-09-21 01:39:07 INFO  [restartedMain] - Started CategoryApplication in 1.067 seconds (process running for 1990.361)
2026-09-21 01:39:07 WARN  [restartedMain] - SpringDoc /v3/api-docs endpoint is enabled by default. To disable it in production, set the property 'springdoc.api-docs.enabled=false'
2026-09-21 01:39:07 WARN  [restartedMain] - SpringDoc /swagger-ui.html endpoint is enabled by default. To disable it in production, set the property 'springdoc.swagger-ui.enabled=false'
2026-09-21 01:39:07 INFO  [restartedMain] - Condition evaluation unchanged
2026-09-21 01:39:22 INFO  [File Watcher] - Restarting due to 1 class path change (1 addition, 0 deletions, 0 modifications)
2026-09-21 01:39:22 INFO  [Thread-126] - Commencing graceful shutdown. Waiting for active requests to complete
2026-09-21 01:39:22 INFO  [tomcat-shutdown] - Graceful shutdown complete
2026-09-21 01:39:22 INFO  [Thread-126] - Closing JPA EntityManagerFactory for persistence unit 'default'
2026-09-21 01:39:22 WARN  [Thread-126] - Invocation of destroy method failed on bean with name 'inMemoryDatabaseShutdownExecutor': org.h2.jdbc.JdbcSQLNonTransientConnectionException: Database is already closed (to disable automatic closing at VM shutdown, add ";DB_CLOSE_ON_EXIT=FALSE" to the db URL) [90121-240]
2026-09-21 01:39:22 INFO  [Thread-126] - HikariPool-32 - Shutdown initiated...
2026-09-21 01:39:22 INFO  [Thread-126] - HikariPool-32 - Shutdown completed.
2026-09-21 01:39:22 INFO  [restartedMain] - Starting CategoryApplication using Java 21.0.11 with PID 11436 (C:\Users\vamsh\Desktop\MasterClass\MicroMini2\Category\target\classes started by vamsh in C:\Users\vamsh\Desktop\MasterClass\MicroMini2\Category)
2026-09-21 01:39:22 INFO  [restartedMain] - No active profile set, falling back to 1 default profile: "default"
2026-09-21 01:39:22 INFO  [restartedMain] - Bootstrapping Spring Data JPA repositories in DEFAULT mode.
2026-09-21 01:39:22 INFO  [restartedMain] - Finished Spring Data repository scanning in 8 ms. Found 2 JPA repository interfaces.
2026-09-21 01:39:22 INFO  [restartedMain] - Tomcat initialized with port 8080 (http)
2026-09-21 01:39:22 INFO  [restartedMain] - Starting service [Tomcat]
2026-09-21 01:39:22 INFO  [restartedMain] - Starting Servlet engine: [Apache Tomcat/11.0.24]
2026-09-21 01:39:22 INFO  [restartedMain] - Root WebApplicationContext: initialization completed in 263 ms
2026-09-21 01:39:22 INFO  [restartedMain] - HHH008540: Processing PersistenceUnitInfo [name: default]
2026-09-21 01:39:22 INFO  [restartedMain] - No LoadTimeWeaver setup: ignoring JPA class transformer
2026-09-21 01:39:22 INFO  [restartedMain] - HikariPool-33 - Starting...
2026-09-21 01:39:22 INFO  [restartedMain] - HikariPool-33 - Added connection conn322: url=jdbc:h2:mem:testdb user=SA
2026-09-21 01:39:22 INFO  [restartedMain] - HikariPool-33 - Start completed.
2026-09-21 01:39:22 INFO  [restartedMain] - HHH10001005: Database info:
	Database JDBC URL [jdbc:h2:mem:testdb]
	Database driver: H2 JDBC Driver
	Database dialect: H2Dialect
	Database version: 2.4.240
	Default catalog/schema: TESTDB/PUBLIC
	Autocommit mode: undefined/unknown
	Isolation level: READ_COMMITTED [default READ_COMMITTED]
	JDBC fetch size: 100
	Pool: DataSourceConnectionProvider
	Minimum pool size: undefined/unknown
	Maximum pool size: undefined/unknown
2026-09-21 01:39:22 INFO  [restartedMain] - HHH000489: No JTA platform available (set 'hibernate.transaction.jta.platform' to enable JTA platform integration)
2026-09-21 01:39:22 INFO  [restartedMain] - Initialized JPA EntityManagerFactory for persistence unit 'default'
2026-09-21 01:39:22 WARN  [restartedMain] - spring.jpa.open-in-view is enabled by default. Therefore, database queries may be performed during view rendering. Explicitly configure spring.jpa.open-in-view to disable this warning
2026-09-21 01:39:22 INFO  [restartedMain] - H2 console available at '/h2-console'. Database available at 'jdbc:h2:mem:testdb'
2026-09-21 01:39:22 INFO  [restartedMain] - Tomcat started on port 8080 (http) with context path '/'
2026-09-21 01:39:22 INFO  [restartedMain] - Started CategoryApplication in 0.512 seconds (process running for 2005.638)
2026-09-21 01:39:22 WARN  [restartedMain] - SpringDoc /v3/api-docs endpoint is enabled by default. To disable it in production, set the property 'springdoc.api-docs.enabled=false'
2026-09-21 01:39:22 WARN  [restartedMain] - SpringDoc /swagger-ui.html endpoint is enabled by default. To disable it in production, set the property 'springdoc.swagger-ui.enabled=false'
2026-09-21 01:39:22 INFO  [restartedMain] - Condition evaluation unchanged
2026-09-21 01:40:12 INFO  [File Watcher] - Restarting due to 1 class path change (0 additions, 1 deletion, 0 modifications)
2026-09-21 01:40:12 INFO  [Thread-130] - Commencing graceful shutdown. Waiting for active requests to complete
2026-09-21 01:40:12 INFO  [tomcat-shutdown] - Graceful shutdown complete
2026-09-21 01:40:12 INFO  [Thread-130] - Closing JPA EntityManagerFactory for persistence unit 'default'
2026-09-21 01:40:12 WARN  [Thread-130] - Invocation of destroy method failed on bean with name 'inMemoryDatabaseShutdownExecutor': org.h2.jdbc.JdbcSQLNonTransientConnectionException: Database is already closed (to disable automatic closing at VM shutdown, add ";DB_CLOSE_ON_EXIT=FALSE" to the db URL) [90121-240]
2026-09-21 01:40:12 INFO  [Thread-130] - HikariPool-33 - Shutdown initiated...
2026-09-21 01:40:12 INFO  [Thread-130] - HikariPool-33 - Shutdown completed.
2026-09-21 01:40:12 INFO  [restartedMain] - Starting CategoryApplication using Java 21.0.11 with PID 11436 (C:\Users\vamsh\Desktop\MasterClass\MicroMini2\Category\target\classes started by vamsh in C:\Users\vamsh\Desktop\MasterClass\MicroMini2\Category)
2026-09-21 01:40:12 INFO  [restartedMain] - No active profile set, falling back to 1 default profile: "default"
2026-09-21 01:40:13 INFO  [restartedMain] - Bootstrapping Spring Data JPA repositories in DEFAULT mode.
2026-09-21 01:40:13 INFO  [restartedMain] - Finished Spring Data repository scanning in 22 ms. Found 2 JPA repository interfaces.
2026-09-21 01:40:13 INFO  [restartedMain] - Tomcat initialized with port 8080 (http)
2026-09-21 01:40:13 INFO  [restartedMain] - Starting service [Tomcat]
2026-09-21 01:40:13 INFO  [restartedMain] - Starting Servlet engine: [Apache Tomcat/11.0.24]
2026-09-21 01:40:13 INFO  [restartedMain] - Root WebApplicationContext: initialization completed in 623 ms
2026-09-21 01:40:13 INFO  [restartedMain] - HHH008540: Processing PersistenceUnitInfo [name: default]
2026-09-21 01:40:13 INFO  [restartedMain] - No LoadTimeWeaver setup: ignoring JPA class transformer
2026-09-21 01:40:13 INFO  [restartedMain] - HikariPool-34 - Starting...
2026-09-21 01:40:13 INFO  [restartedMain] - HikariPool-34 - Added connection conn332: url=jdbc:h2:mem:testdb user=SA
2026-09-21 01:40:13 INFO  [restartedMain] - HikariPool-34 - Start completed.
2026-09-21 01:40:13 INFO  [restartedMain] - HHH10001005: Database info:
	Database JDBC URL [jdbc:h2:mem:testdb]
	Database driver: H2 JDBC Driver
	Database dialect: H2Dialect
	Database version: 2.4.240
	Default catalog/schema: TESTDB/PUBLIC
	Autocommit mode: undefined/unknown
	Isolation level: READ_COMMITTED [default READ_COMMITTED]
	JDBC fetch size: 100
	Pool: DataSourceConnectionProvider
	Minimum pool size: undefined/unknown
	Maximum pool size: undefined/unknown
2026-09-21 01:40:13 INFO  [restartedMain] - HHH000489: No JTA platform available (set 'hibernate.transaction.jta.platform' to enable JTA platform integration)
2026-09-21 01:40:13 INFO  [restartedMain] - Initialized JPA EntityManagerFactory for persistence unit 'default'
2026-09-21 01:40:13 WARN  [restartedMain] - spring.jpa.open-in-view is enabled by default. Therefore, database queries may be performed during view rendering. Explicitly configure spring.jpa.open-in-view to disable this warning
2026-09-21 01:40:13 INFO  [restartedMain] - H2 console available at '/h2-console'. Database available at 'jdbc:h2:mem:testdb'
2026-09-21 01:40:14 INFO  [restartedMain] - Tomcat started on port 8080 (http) with context path '/'
2026-09-21 01:40:14 INFO  [restartedMain] - Started CategoryApplication in 1.351 seconds (process running for 2056.654)
2026-09-21 01:40:14 WARN  [restartedMain] - SpringDoc /v3/api-docs endpoint is enabled by default. To disable it in production, set the property 'springdoc.api-docs.enabled=false'
2026-09-21 01:40:14 WARN  [restartedMain] - SpringDoc /swagger-ui.html endpoint is enabled by default. To disable it in production, set the property 'springdoc.swagger-ui.enabled=false'
2026-09-21 01:40:14 INFO  [restartedMain] - Condition evaluation unchanged
2026-09-21 01:46:00 INFO  [File Watcher] - Restarting due to 1 class path change (1 addition, 0 deletions, 0 modifications)
2026-09-21 01:46:00 INFO  [Thread-134] - Commencing graceful shutdown. Waiting for active requests to complete
2026-09-21 01:46:00 INFO  [tomcat-shutdown] - Graceful shutdown complete
2026-09-21 01:46:00 INFO  [Thread-134] - Closing JPA EntityManagerFactory for persistence unit 'default'
2026-09-21 01:46:00 WARN  [Thread-134] - Invocation of destroy method failed on bean with name 'inMemoryDatabaseShutdownExecutor': org.h2.jdbc.JdbcSQLNonTransientConnectionException: Database is already closed (to disable automatic closing at VM shutdown, add ";DB_CLOSE_ON_EXIT=FALSE" to the db URL) [90121-240]
2026-09-21 01:46:00 INFO  [Thread-134] - HikariPool-34 - Shutdown initiated...
2026-09-21 01:46:00 INFO  [Thread-134] - HikariPool-34 - Shutdown completed.
2026-09-21 01:46:01 INFO  [restartedMain] - Starting CategoryApplication using Java 21.0.11 with PID 11436 (C:\Users\vamsh\Desktop\MasterClass\MicroMini2\Category\target\classes started by vamsh in C:\Users\vamsh\Desktop\MasterClass\MicroMini2\Category)
2026-09-21 01:46:01 INFO  [restartedMain] - No active profile set, falling back to 1 default profile: "default"
2026-09-21 01:46:01 INFO  [restartedMain] - Bootstrapping Spring Data JPA repositories in DEFAULT mode.
2026-09-21 01:46:01 INFO  [restartedMain] - Finished Spring Data repository scanning in 27 ms. Found 2 JPA repository interfaces.
2026-09-21 01:46:01 INFO  [restartedMain] - Tomcat initialized with port 8080 (http)
2026-09-21 01:46:01 INFO  [restartedMain] - Starting service [Tomcat]
2026-09-21 01:46:01 INFO  [restartedMain] - Starting Servlet engine: [Apache Tomcat/11.0.24]
2026-09-21 01:46:01 INFO  [restartedMain] - Root WebApplicationContext: initialization completed in 859 ms
2026-09-21 01:46:02 INFO  [restartedMain] - HHH008540: Processing PersistenceUnitInfo [name: default]
2026-09-21 01:46:02 INFO  [restartedMain] - No LoadTimeWeaver setup: ignoring JPA class transformer
2026-09-21 01:46:02 INFO  [restartedMain] - HikariPool-35 - Starting...
2026-09-21 01:46:02 INFO  [restartedMain] - HikariPool-35 - Added connection conn342: url=jdbc:h2:mem:testdb user=SA
2026-09-21 01:46:02 INFO  [restartedMain] - HikariPool-35 - Start completed.
2026-09-21 01:46:02 INFO  [restartedMain] - HHH10001005: Database info:
	Database JDBC URL [jdbc:h2:mem:testdb]
	Database driver: H2 JDBC Driver
	Database dialect: H2Dialect
	Database version: 2.4.240
	Default catalog/schema: TESTDB/PUBLIC
	Autocommit mode: undefined/unknown
	Isolation level: READ_COMMITTED [default READ_COMMITTED]
	JDBC fetch size: 100
	Pool: DataSourceConnectionProvider
	Minimum pool size: undefined/unknown
	Maximum pool size: undefined/unknown
2026-09-21 01:46:02 INFO  [restartedMain] - HHH000489: No JTA platform available (set 'hibernate.transaction.jta.platform' to enable JTA platform integration)
2026-09-21 01:46:02 INFO  [restartedMain] - Initialized JPA EntityManagerFactory for persistence unit 'default'
2026-09-21 01:46:02 WARN  [restartedMain] - spring.jpa.open-in-view is enabled by default. Therefore, database queries may be performed during view rendering. Explicitly configure spring.jpa.open-in-view to disable this warning
2026-09-21 01:46:02 INFO  [restartedMain] - H2 console available at '/h2-console'. Database available at 'jdbc:h2:mem:testdb'
2026-09-21 01:46:02 INFO  [restartedMain] - Tomcat started on port 8080 (http) with context path '/'
2026-09-21 01:46:02 INFO  [restartedMain] - Started CategoryApplication in 2.0 seconds (process running for 2405.637)
2026-09-21 01:46:02 WARN  [restartedMain] - SpringDoc /v3/api-docs endpoint is enabled by default. To disable it in production, set the property 'springdoc.api-docs.enabled=false'
2026-09-21 01:46:02 WARN  [restartedMain] - SpringDoc /swagger-ui.html endpoint is enabled by default. To disable it in production, set the property 'springdoc.swagger-ui.enabled=false'
2026-09-21 01:46:02 INFO  [restartedMain] - Condition evaluation unchanged
2026-09-21 01:47:27 INFO  [File Watcher] - Restarting due to 1 class path change (0 additions, 1 deletion, 0 modifications)
2026-09-21 01:47:27 INFO  [Thread-138] - Commencing graceful shutdown. Waiting for active requests to complete
2026-09-21 01:47:27 INFO  [tomcat-shutdown] - Graceful shutdown complete
2026-09-21 01:47:27 INFO  [Thread-138] - Closing JPA EntityManagerFactory for persistence unit 'default'
2026-09-21 01:47:27 WARN  [Thread-138] - Invocation of destroy method failed on bean with name 'inMemoryDatabaseShutdownExecutor': org.h2.jdbc.JdbcSQLNonTransientConnectionException: Database is already closed (to disable automatic closing at VM shutdown, add ";DB_CLOSE_ON_EXIT=FALSE" to the db URL) [90121-240]
2026-09-21 01:47:27 INFO  [Thread-138] - HikariPool-35 - Shutdown initiated...
2026-09-21 01:47:27 INFO  [Thread-138] - HikariPool-35 - Shutdown completed.
2026-09-21 01:47:27 INFO  [restartedMain] - Starting CategoryApplication using Java 21.0.11 with PID 11436 (C:\Users\vamsh\Desktop\MasterClass\MicroMini2\Category\target\classes started by vamsh in C:\Users\vamsh\Desktop\MasterClass\MicroMini2\Category)
2026-09-21 01:47:27 INFO  [restartedMain] - No active profile set, falling back to 1 default profile: "default"
2026-09-21 01:47:28 INFO  [restartedMain] - Bootstrapping Spring Data JPA repositories in DEFAULT mode.
2026-09-21 01:47:28 INFO  [restartedMain] - Finished Spring Data repository scanning in 10 ms. Found 2 JPA repository interfaces.
2026-09-21 01:47:28 INFO  [restartedMain] - Tomcat initialized with port 8080 (http)
2026-09-21 01:47:28 INFO  [restartedMain] - Starting service [Tomcat]
2026-09-21 01:47:28 INFO  [restartedMain] - Starting Servlet engine: [Apache Tomcat/11.0.24]
2026-09-21 01:47:28 INFO  [restartedMain] - Root WebApplicationContext: initialization completed in 686 ms
2026-09-21 01:47:28 INFO  [restartedMain] - HHH008540: Processing PersistenceUnitInfo [name: default]
2026-09-21 01:47:28 INFO  [restartedMain] - No LoadTimeWeaver setup: ignoring JPA class transformer
2026-09-21 01:47:28 INFO  [restartedMain] - HikariPool-36 - Starting...
2026-09-21 01:47:28 INFO  [restartedMain] - HikariPool-36 - Added connection conn352: url=jdbc:h2:mem:testdb user=SA
2026-09-21 01:47:28 INFO  [restartedMain] - HikariPool-36 - Start completed.
2026-09-21 01:47:28 INFO  [restartedMain] - HHH10001005: Database info:
	Database JDBC URL [jdbc:h2:mem:testdb]
	Database driver: H2 JDBC Driver
	Database dialect: H2Dialect
	Database version: 2.4.240
	Default catalog/schema: TESTDB/PUBLIC
	Autocommit mode: undefined/unknown
	Isolation level: READ_COMMITTED [default READ_COMMITTED]
	JDBC fetch size: 100
	Pool: DataSourceConnectionProvider
	Minimum pool size: undefined/unknown
	Maximum pool size: undefined/unknown
2026-09-21 01:47:28 INFO  [restartedMain] - HHH000489: No JTA platform available (set 'hibernate.transaction.jta.platform' to enable JTA platform integration)
2026-09-21 01:47:28 INFO  [restartedMain] - Initialized JPA EntityManagerFactory for persistence unit 'default'
2026-09-21 01:47:28 WARN  [restartedMain] - spring.jpa.open-in-view is enabled by default. Therefore, database queries may be performed during view rendering. Explicitly configure spring.jpa.open-in-view to disable this warning
2026-09-21 01:47:29 INFO  [restartedMain] - H2 console available at '/h2-console'. Database available at 'jdbc:h2:mem:testdb'
2026-09-21 01:47:29 INFO  [restartedMain] - Tomcat started on port 8080 (http) with context path '/'
2026-09-21 01:47:29 INFO  [restartedMain] - Started CategoryApplication in 1.576 seconds (process running for 2491.755)
2026-09-21 01:47:29 WARN  [restartedMain] - SpringDoc /v3/api-docs endpoint is enabled by default. To disable it in production, set the property 'springdoc.api-docs.enabled=false'
2026-09-21 01:47:29 WARN  [restartedMain] - SpringDoc /swagger-ui.html endpoint is enabled by default. To disable it in production, set the property 'springdoc.swagger-ui.enabled=false'
2026-09-21 01:47:29 INFO  [restartedMain] - Condition evaluation unchanged
2026-09-21 01:47:31 INFO  [File Watcher] - Restarting due to 1 class path change (1 addition, 0 deletions, 0 modifications)
2026-09-21 01:47:31 INFO  [Thread-142] - Commencing graceful shutdown. Waiting for active requests to complete
2026-09-21 01:47:31 INFO  [tomcat-shutdown] - Graceful shutdown complete
2026-09-21 01:47:31 INFO  [Thread-142] - Closing JPA EntityManagerFactory for persistence unit 'default'
2026-09-21 01:47:31 WARN  [Thread-142] - Invocation of destroy method failed on bean with name 'inMemoryDatabaseShutdownExecutor': org.h2.jdbc.JdbcSQLNonTransientConnectionException: Database is already closed (to disable automatic closing at VM shutdown, add ";DB_CLOSE_ON_EXIT=FALSE" to the db URL) [90121-240]
2026-09-21 01:47:31 INFO  [Thread-142] - HikariPool-36 - Shutdown initiated...
2026-09-21 01:47:31 INFO  [Thread-142] - HikariPool-36 - Shutdown completed.
2026-09-21 01:47:31 INFO  [restartedMain] - Starting CategoryApplication using Java 21.0.11 with PID 11436 (C:\Users\vamsh\Desktop\MasterClass\MicroMini2\Category\target\classes started by vamsh in C:\Users\vamsh\Desktop\MasterClass\MicroMini2\Category)
2026-09-21 01:47:31 INFO  [restartedMain] - No active profile set, falling back to 1 default profile: "default"
2026-09-21 01:47:31 INFO  [restartedMain] - Bootstrapping Spring Data JPA repositories in DEFAULT mode.
2026-09-21 01:47:31 INFO  [restartedMain] - Finished Spring Data repository scanning in 6 ms. Found 2 JPA repository interfaces.
2026-09-21 01:47:31 INFO  [restartedMain] - Tomcat initialized with port 8080 (http)
2026-09-21 01:47:31 INFO  [restartedMain] - Starting service [Tomcat]
2026-09-21 01:47:31 INFO  [restartedMain] - Starting Servlet engine: [Apache Tomcat/11.0.24]
2026-09-21 01:47:31 INFO  [restartedMain] - Root WebApplicationContext: initialization completed in 221 ms
2026-09-21 01:47:31 INFO  [restartedMain] - HHH008540: Processing PersistenceUnitInfo [name: default]
2026-09-21 01:47:31 INFO  [restartedMain] - No LoadTimeWeaver setup: ignoring JPA class transformer
2026-09-21 01:47:31 INFO  [restartedMain] - HikariPool-37 - Starting...
2026-09-21 01:47:31 INFO  [restartedMain] - HikariPool-37 - Added connection conn362: url=jdbc:h2:mem:testdb user=SA
2026-09-21 01:47:31 INFO  [restartedMain] - HikariPool-37 - Start completed.
2026-09-21 01:47:31 INFO  [restartedMain] - HHH10001005: Database info:
	Database JDBC URL [jdbc:h2:mem:testdb]
	Database driver: H2 JDBC Driver
	Database dialect: H2Dialect
	Database version: 2.4.240
	Default catalog/schema: TESTDB/PUBLIC
	Autocommit mode: undefined/unknown
	Isolation level: READ_COMMITTED [default READ_COMMITTED]
	JDBC fetch size: 100
	Pool: DataSourceConnectionProvider
	Minimum pool size: undefined/unknown
	Maximum pool size: undefined/unknown
2026-09-21 01:47:31 INFO  [restartedMain] - HHH000489: No JTA platform available (set 'hibernate.transaction.jta.platform' to enable JTA platform integration)
2026-09-21 01:47:31 INFO  [restartedMain] - Initialized JPA EntityManagerFactory for persistence unit 'default'
2026-09-21 01:47:31 WARN  [restartedMain] - spring.jpa.open-in-view is enabled by default. Therefore, database queries may be performed during view rendering. Explicitly configure spring.jpa.open-in-view to disable this warning
2026-09-21 01:47:32 INFO  [restartedMain] - H2 console available at '/h2-console'. Database available at 'jdbc:h2:mem:testdb'
2026-09-21 01:47:32 INFO  [restartedMain] - Tomcat started on port 8080 (http) with context path '/'
2026-09-21 01:47:32 INFO  [restartedMain] - Started CategoryApplication in 0.499 seconds (process running for 2494.738)
2026-09-21 01:47:32 WARN  [restartedMain] - SpringDoc /v3/api-docs endpoint is enabled by default. To disable it in production, set the property 'springdoc.api-docs.enabled=false'
2026-09-21 01:47:32 WARN  [restartedMain] - SpringDoc /swagger-ui.html endpoint is enabled by default. To disable it in production, set the property 'springdoc.swagger-ui.enabled=false'
2026-09-21 01:47:32 INFO  [restartedMain] - Condition evaluation unchanged
2026-09-21 01:49:52 INFO  [File Watcher] - Restarting due to 1 class path change (0 additions, 1 deletion, 0 modifications)
2026-09-21 01:49:52 INFO  [Thread-146] - Commencing graceful shutdown. Waiting for active requests to complete
2026-09-21 01:49:52 INFO  [tomcat-shutdown] - Graceful shutdown complete
2026-09-21 01:49:52 INFO  [Thread-146] - Closing JPA EntityManagerFactory for persistence unit 'default'
2026-09-21 01:49:52 WARN  [Thread-146] - Invocation of destroy method failed on bean with name 'inMemoryDatabaseShutdownExecutor': org.h2.jdbc.JdbcSQLNonTransientConnectionException: Database is already closed (to disable automatic closing at VM shutdown, add ";DB_CLOSE_ON_EXIT=FALSE" to the db URL) [90121-240]
2026-09-21 01:49:52 INFO  [Thread-146] - HikariPool-37 - Shutdown initiated...
2026-09-21 01:49:52 INFO  [Thread-146] - HikariPool-37 - Shutdown completed.
2026-09-21 01:49:52 INFO  [restartedMain] - Starting CategoryApplication using Java 21.0.11 with PID 11436 (C:\Users\vamsh\Desktop\MasterClass\MicroMini2\Category\target\classes started by vamsh in C:\Users\vamsh\Desktop\MasterClass\MicroMini2\Category)
2026-09-21 01:49:52 INFO  [restartedMain] - No active profile set, falling back to 1 default profile: "default"
2026-09-21 01:49:52 INFO  [restartedMain] - Bootstrapping Spring Data JPA repositories in DEFAULT mode.
2026-09-21 01:49:52 INFO  [restartedMain] - Finished Spring Data repository scanning in 15 ms. Found 2 JPA repository interfaces.
2026-09-21 01:49:52 INFO  [restartedMain] - Tomcat initialized with port 8080 (http)
2026-09-21 01:49:52 INFO  [restartedMain] - Starting service [Tomcat]
2026-09-21 01:49:52 INFO  [restartedMain] - Starting Servlet engine: [Apache Tomcat/11.0.24]
2026-09-21 01:49:52 INFO  [restartedMain] - Root WebApplicationContext: initialization completed in 674 ms
2026-09-21 01:49:52 INFO  [restartedMain] - HHH008540: Processing PersistenceUnitInfo [name: default]
2026-09-21 01:49:53 INFO  [restartedMain] - No LoadTimeWeaver setup: ignoring JPA class transformer
2026-09-21 01:49:53 INFO  [restartedMain] - HikariPool-38 - Starting...
2026-09-21 01:49:53 INFO  [restartedMain] - HikariPool-38 - Added connection conn372: url=jdbc:h2:mem:testdb user=SA
2026-09-21 01:49:53 INFO  [restartedMain] - HikariPool-38 - Start completed.
2026-09-21 01:49:53 INFO  [restartedMain] - HHH10001005: Database info:
	Database JDBC URL [jdbc:h2:mem:testdb]
	Database driver: H2 JDBC Driver
	Database dialect: H2Dialect
	Database version: 2.4.240
	Default catalog/schema: TESTDB/PUBLIC
	Autocommit mode: undefined/unknown
	Isolation level: READ_COMMITTED [default READ_COMMITTED]
	JDBC fetch size: 100
	Pool: DataSourceConnectionProvider
	Minimum pool size: undefined/unknown
	Maximum pool size: undefined/unknown
2026-09-21 01:49:53 INFO  [restartedMain] - HHH000489: No JTA platform available (set 'hibernate.transaction.jta.platform' to enable JTA platform integration)
2026-09-21 01:49:53 INFO  [restartedMain] - Initialized JPA EntityManagerFactory for persistence unit 'default'
2026-09-21 01:49:53 WARN  [restartedMain] - spring.jpa.open-in-view is enabled by default. Therefore, database queries may be performed during view rendering. Explicitly configure spring.jpa.open-in-view to disable this warning
2026-09-21 01:49:53 INFO  [restartedMain] - H2 console available at '/h2-console'. Database available at 'jdbc:h2:mem:testdb'
2026-09-21 01:49:53 INFO  [restartedMain] - Tomcat started on port 8080 (http) with context path '/'
2026-09-21 01:49:53 INFO  [restartedMain] - Started CategoryApplication in 1.558 seconds (process running for 2636.408)
2026-09-21 01:49:53 WARN  [restartedMain] - SpringDoc /v3/api-docs endpoint is enabled by default. To disable it in production, set the property 'springdoc.api-docs.enabled=false'
2026-09-21 01:49:53 WARN  [restartedMain] - SpringDoc /swagger-ui.html endpoint is enabled by default. To disable it in production, set the property 'springdoc.swagger-ui.enabled=false'
2026-09-21 01:49:53 INFO  [restartedMain] - Condition evaluation unchanged
2026-09-21 01:49:56 INFO  [File Watcher] - Restarting due to 1 class path change (1 addition, 0 deletions, 0 modifications)
2026-09-21 01:49:56 INFO  [Thread-150] - Commencing graceful shutdown. Waiting for active requests to complete
2026-09-21 01:49:56 INFO  [tomcat-shutdown] - Graceful shutdown complete
2026-09-21 01:49:56 INFO  [Thread-150] - Closing JPA EntityManagerFactory for persistence unit 'default'
2026-09-21 01:49:56 WARN  [Thread-150] - Invocation of destroy method failed on bean with name 'inMemoryDatabaseShutdownExecutor': org.h2.jdbc.JdbcSQLNonTransientConnectionException: Database is already closed (to disable automatic closing at VM shutdown, add ";DB_CLOSE_ON_EXIT=FALSE" to the db URL) [90121-240]
2026-09-21 01:49:56 INFO  [Thread-150] - HikariPool-38 - Shutdown initiated...
2026-09-21 01:49:56 INFO  [Thread-150] - HikariPool-38 - Shutdown completed.
2026-09-21 01:49:56 INFO  [restartedMain] - Starting CategoryApplication using Java 21.0.11 with PID 11436 (C:\Users\vamsh\Desktop\MasterClass\MicroMini2\Category\target\classes started by vamsh in C:\Users\vamsh\Desktop\MasterClass\MicroMini2\Category)
2026-09-21 01:49:56 INFO  [restartedMain] - No active profile set, falling back to 1 default profile: "default"
2026-09-21 01:49:56 INFO  [restartedMain] - Bootstrapping Spring Data JPA repositories in DEFAULT mode.
2026-09-21 01:49:56 INFO  [restartedMain] - Finished Spring Data repository scanning in 19 ms. Found 2 JPA repository interfaces.
2026-09-21 01:49:56 INFO  [restartedMain] - Tomcat initialized with port 8080 (http)
2026-09-21 01:49:56 INFO  [restartedMain] - Starting service [Tomcat]
2026-09-21 01:49:56 INFO  [restartedMain] - Starting Servlet engine: [Apache Tomcat/11.0.24]
2026-09-21 01:49:56 INFO  [restartedMain] - Root WebApplicationContext: initialization completed in 734 ms
2026-09-21 01:49:57 INFO  [restartedMain] - HHH008540: Processing PersistenceUnitInfo [name: default]
2026-09-21 01:49:57 INFO  [restartedMain] - No LoadTimeWeaver setup: ignoring JPA class transformer
2026-09-21 01:49:57 INFO  [restartedMain] - HikariPool-39 - Starting...
2026-09-21 01:49:57 INFO  [restartedMain] - HikariPool-39 - Added connection conn382: url=jdbc:h2:mem:testdb user=SA
2026-09-21 01:49:57 INFO  [restartedMain] - HikariPool-39 - Start completed.
2026-09-21 01:49:57 INFO  [restartedMain] - HHH10001005: Database info:
	Database JDBC URL [jdbc:h2:mem:testdb]
	Database driver: H2 JDBC Driver
	Database dialect: H2Dialect
	Database version: 2.4.240
	Default catalog/schema: TESTDB/PUBLIC
	Autocommit mode: undefined/unknown
	Isolation level: READ_COMMITTED [default READ_COMMITTED]
	JDBC fetch size: 100
	Pool: DataSourceConnectionProvider
	Minimum pool size: undefined/unknown
	Maximum pool size: undefined/unknown
2026-09-21 01:49:57 INFO  [restartedMain] - HHH000489: No JTA platform available (set 'hibernate.transaction.jta.platform' to enable JTA platform integration)
2026-09-21 01:49:57 INFO  [restartedMain] - Initialized JPA EntityManagerFactory for persistence unit 'default'
2026-09-21 01:49:57 WARN  [restartedMain] - spring.jpa.open-in-view is enabled by default. Therefore, database queries may be performed during view rendering. Explicitly configure spring.jpa.open-in-view to disable this warning
2026-09-21 01:49:57 INFO  [restartedMain] - H2 console available at '/h2-console'. Database available at 'jdbc:h2:mem:testdb'
2026-09-21 01:49:57 INFO  [restartedMain] - Tomcat started on port 8080 (http) with context path '/'
2026-09-21 01:49:57 INFO  [restartedMain] - Started CategoryApplication in 1.347 seconds (process running for 2640.231)
2026-09-21 01:49:57 WARN  [restartedMain] - SpringDoc /v3/api-docs endpoint is enabled by default. To disable it in production, set the property 'springdoc.api-docs.enabled=false'
2026-09-21 01:49:57 WARN  [restartedMain] - SpringDoc /swagger-ui.html endpoint is enabled by default. To disable it in production, set the property 'springdoc.swagger-ui.enabled=false'
2026-09-21 01:49:57 INFO  [restartedMain] - Condition evaluation unchanged
2026-09-21 01:50:55 INFO  [File Watcher] - Restarting due to 1 class path change (0 additions, 1 deletion, 0 modifications)
2026-09-21 01:50:55 INFO  [Thread-154] - Commencing graceful shutdown. Waiting for active requests to complete
2026-09-21 01:50:55 INFO  [tomcat-shutdown] - Graceful shutdown complete
2026-09-21 01:50:55 INFO  [Thread-154] - Closing JPA EntityManagerFactory for persistence unit 'default'
2026-09-21 01:50:55 WARN  [Thread-154] - Invocation of destroy method failed on bean with name 'inMemoryDatabaseShutdownExecutor': org.h2.jdbc.JdbcSQLNonTransientConnectionException: Database is already closed (to disable automatic closing at VM shutdown, add ";DB_CLOSE_ON_EXIT=FALSE" to the db URL) [90121-240]
2026-09-21 01:50:55 INFO  [Thread-154] - HikariPool-39 - Shutdown initiated...
2026-09-21 01:50:55 INFO  [Thread-154] - HikariPool-39 - Shutdown completed.
2026-09-21 01:50:55 INFO  [restartedMain] - Starting CategoryApplication using Java 21.0.11 with PID 11436 (C:\Users\vamsh\Desktop\MasterClass\MicroMini2\Category\target\classes started by vamsh in C:\Users\vamsh\Desktop\MasterClass\MicroMini2\Category)
2026-09-21 01:50:55 INFO  [restartedMain] - No active profile set, falling back to 1 default profile: "default"
2026-09-21 01:50:56 INFO  [restartedMain] - Bootstrapping Spring Data JPA repositories in DEFAULT mode.
2026-09-21 01:50:56 INFO  [restartedMain] - Finished Spring Data repository scanning in 7 ms. Found 2 JPA repository interfaces.
2026-09-21 01:50:56 INFO  [restartedMain] - Tomcat initialized with port 8080 (http)
2026-09-21 01:50:56 INFO  [restartedMain] - Starting service [Tomcat]
2026-09-21 01:50:56 INFO  [restartedMain] - Starting Servlet engine: [Apache Tomcat/11.0.24]
2026-09-21 01:50:56 INFO  [restartedMain] - Root WebApplicationContext: initialization completed in 191 ms
2026-09-21 01:50:56 INFO  [restartedMain] - HHH008540: Processing PersistenceUnitInfo [name: default]
2026-09-21 01:50:56 INFO  [restartedMain] - No LoadTimeWeaver setup: ignoring JPA class transformer
2026-09-21 01:50:56 INFO  [restartedMain] - HikariPool-40 - Starting...
2026-09-21 01:50:56 INFO  [restartedMain] - HikariPool-40 - Added connection conn392: url=jdbc:h2:mem:testdb user=SA
2026-09-21 01:50:56 INFO  [restartedMain] - HikariPool-40 - Start completed.
2026-09-21 01:50:56 INFO  [restartedMain] - HHH10001005: Database info:
	Database JDBC URL [jdbc:h2:mem:testdb]
	Database driver: H2 JDBC Driver
	Database dialect: H2Dialect
	Database version: 2.4.240
	Default catalog/schema: TESTDB/PUBLIC
	Autocommit mode: undefined/unknown
	Isolation level: READ_COMMITTED [default READ_COMMITTED]
	JDBC fetch size: 100
	Pool: DataSourceConnectionProvider
	Minimum pool size: undefined/unknown
	Maximum pool size: undefined/unknown
2026-09-21 01:50:56 INFO  [restartedMain] - HHH000489: No JTA platform available (set 'hibernate.transaction.jta.platform' to enable JTA platform integration)
2026-09-21 01:50:56 INFO  [restartedMain] - Initialized JPA EntityManagerFactory for persistence unit 'default'
2026-09-21 01:50:56 WARN  [restartedMain] - spring.jpa.open-in-view is enabled by default. Therefore, database queries may be performed during view rendering. Explicitly configure spring.jpa.open-in-view to disable this warning
2026-09-21 01:50:56 INFO  [restartedMain] - H2 console available at '/h2-console'. Database available at 'jdbc:h2:mem:testdb'
2026-09-21 01:50:56 INFO  [restartedMain] - Tomcat started on port 8080 (http) with context path '/'
2026-09-21 01:50:56 INFO  [restartedMain] - Started CategoryApplication in 0.435 seconds (process running for 2698.97)
2026-09-21 01:50:56 WARN  [restartedMain] - SpringDoc /v3/api-docs endpoint is enabled by default. To disable it in production, set the property 'springdoc.api-docs.enabled=false'
2026-09-21 01:50:56 WARN  [restartedMain] - SpringDoc /swagger-ui.html endpoint is enabled by default. To disable it in production, set the property 'springdoc.swagger-ui.enabled=false'
2026-09-21 01:50:56 INFO  [restartedMain] - Condition evaluation unchanged
2026-09-21 01:50:57 INFO  [File Watcher] - Restarting due to 1 class path change (1 addition, 0 deletions, 0 modifications)
2026-09-21 01:50:57 INFO  [Thread-158] - Commencing graceful shutdown. Waiting for active requests to complete
2026-09-21 01:50:57 INFO  [tomcat-shutdown] - Graceful shutdown complete
2026-09-21 01:50:57 INFO  [Thread-158] - Closing JPA EntityManagerFactory for persistence unit 'default'
2026-09-21 01:50:57 WARN  [Thread-158] - Invocation of destroy method failed on bean with name 'inMemoryDatabaseShutdownExecutor': org.h2.jdbc.JdbcSQLNonTransientConnectionException: Database is already closed (to disable automatic closing at VM shutdown, add ";DB_CLOSE_ON_EXIT=FALSE" to the db URL) [90121-240]
2026-09-21 01:50:57 INFO  [Thread-158] - HikariPool-40 - Shutdown initiated...
2026-09-21 01:50:57 INFO  [Thread-158] - HikariPool-40 - Shutdown completed.
2026-09-21 01:50:57 INFO  [restartedMain] - Starting CategoryApplication using Java 21.0.11 with PID 11436 (C:\Users\vamsh\Desktop\MasterClass\MicroMini2\Category\target\classes started by vamsh in C:\Users\vamsh\Desktop\MasterClass\MicroMini2\Category)
2026-09-21 01:50:57 INFO  [restartedMain] - No active profile set, falling back to 1 default profile: "default"
2026-09-21 01:50:58 INFO  [restartedMain] - Bootstrapping Spring Data JPA repositories in DEFAULT mode.
2026-09-21 01:50:58 INFO  [restartedMain] - Finished Spring Data repository scanning in 10 ms. Found 2 JPA repository interfaces.
2026-09-21 01:50:58 INFO  [restartedMain] - Tomcat initialized with port 8080 (http)
2026-09-21 01:50:58 INFO  [restartedMain] - Starting service [Tomcat]
2026-09-21 01:50:58 INFO  [restartedMain] - Starting Servlet engine: [Apache Tomcat/11.0.24]
2026-09-21 01:50:58 INFO  [restartedMain] - Root WebApplicationContext: initialization completed in 278 ms
2026-09-21 01:50:58 INFO  [restartedMain] - HHH008540: Processing PersistenceUnitInfo [name: default]
2026-09-21 01:50:58 INFO  [restartedMain] - No LoadTimeWeaver setup: ignoring JPA class transformer
2026-09-21 01:50:58 INFO  [restartedMain] - HikariPool-41 - Starting...
2026-09-21 01:50:58 INFO  [restartedMain] - HikariPool-41 - Added connection conn402: url=jdbc:h2:mem:testdb user=SA
2026-09-21 01:50:58 INFO  [restartedMain] - HikariPool-41 - Start completed.
2026-09-21 01:50:58 INFO  [restartedMain] - HHH10001005: Database info:
	Database JDBC URL [jdbc:h2:mem:testdb]
	Database driver: H2 JDBC Driver
	Database dialect: H2Dialect
	Database version: 2.4.240
	Default catalog/schema: TESTDB/PUBLIC
	Autocommit mode: undefined/unknown
	Isolation level: READ_COMMITTED [default READ_COMMITTED]
	JDBC fetch size: 100
	Pool: DataSourceConnectionProvider
	Minimum pool size: undefined/unknown
	Maximum pool size: undefined/unknown
2026-09-21 01:50:58 INFO  [restartedMain] - HHH000489: No JTA platform available (set 'hibernate.transaction.jta.platform' to enable JTA platform integration)
2026-09-21 01:50:58 INFO  [restartedMain] - Initialized JPA EntityManagerFactory for persistence unit 'default'
2026-09-21 01:50:58 WARN  [restartedMain] - spring.jpa.open-in-view is enabled by default. Therefore, database queries may be performed during view rendering. Explicitly configure spring.jpa.open-in-view to disable this warning
2026-09-21 01:50:58 INFO  [restartedMain] - H2 console available at '/h2-console'. Database available at 'jdbc:h2:mem:testdb'
2026-09-21 01:50:58 INFO  [restartedMain] - Tomcat started on port 8080 (http) with context path '/'
2026-09-21 01:50:58 INFO  [restartedMain] - Started CategoryApplication in 0.555 seconds (process running for 2701.0)
2026-09-21 01:50:58 WARN  [restartedMain] - SpringDoc /v3/api-docs endpoint is enabled by default. To disable it in production, set the property 'springdoc.api-docs.enabled=false'
2026-09-21 01:50:58 WARN  [restartedMain] - SpringDoc /swagger-ui.html endpoint is enabled by default. To disable it in production, set the property 'springdoc.swagger-ui.enabled=false'
2026-09-21 01:50:58 INFO  [restartedMain] - Condition evaluation unchanged
2026-09-21 01:52:44 INFO  [File Watcher] - Restarting due to 2 class path changes (0 additions, 2 deletions, 0 modifications)
2026-09-21 01:52:44 INFO  [Thread-162] - Commencing graceful shutdown. Waiting for active requests to complete
2026-09-21 01:52:44 INFO  [tomcat-shutdown] - Graceful shutdown complete
2026-09-21 01:52:44 INFO  [Thread-162] - Closing JPA EntityManagerFactory for persistence unit 'default'
2026-09-21 01:52:44 WARN  [Thread-162] - Invocation of destroy method failed on bean with name 'inMemoryDatabaseShutdownExecutor': org.h2.jdbc.JdbcSQLNonTransientConnectionException: Database is already closed (to disable automatic closing at VM shutdown, add ";DB_CLOSE_ON_EXIT=FALSE" to the db URL) [90121-240]
2026-09-21 01:52:44 INFO  [Thread-162] - HikariPool-41 - Shutdown initiated...
2026-09-21 01:52:44 INFO  [Thread-162] - HikariPool-41 - Shutdown completed.
2026-09-21 01:52:44 INFO  [restartedMain] - Starting CategoryApplication using Java 21.0.11 with PID 11436 (C:\Users\vamsh\Desktop\MasterClass\MicroMini2\Category\target\classes started by vamsh in C:\Users\vamsh\Desktop\MasterClass\MicroMini2\Category)
2026-09-21 01:52:44 INFO  [restartedMain] - No active profile set, falling back to 1 default profile: "default"
2026-09-21 01:52:44 INFO  [restartedMain] - Bootstrapping Spring Data JPA repositories in DEFAULT mode.
2026-09-21 01:52:45 INFO  [restartedMain] - Finished Spring Data repository scanning in 28 ms. Found 2 JPA repository interfaces.
2026-09-21 01:52:45 INFO  [restartedMain] - Tomcat initialized with port 8080 (http)
2026-09-21 01:52:45 INFO  [restartedMain] - Starting service [Tomcat]
2026-09-21 01:52:45 INFO  [restartedMain] - Starting Servlet engine: [Apache Tomcat/11.0.24]
2026-09-21 01:52:45 INFO  [restartedMain] - Root WebApplicationContext: initialization completed in 598 ms
2026-09-21 01:52:45 INFO  [restartedMain] - HHH008540: Processing PersistenceUnitInfo [name: default]
2026-09-21 01:52:45 INFO  [restartedMain] - No LoadTimeWeaver setup: ignoring JPA class transformer
2026-09-21 01:52:45 INFO  [restartedMain] - HikariPool-42 - Starting...
2026-09-21 01:52:45 INFO  [restartedMain] - HikariPool-42 - Added connection conn412: url=jdbc:h2:mem:testdb user=SA
2026-09-21 01:52:45 INFO  [restartedMain] - HikariPool-42 - Start completed.
2026-09-21 01:52:45 INFO  [restartedMain] - HHH10001005: Database info:
	Database JDBC URL [jdbc:h2:mem:testdb]
	Database driver: H2 JDBC Driver
	Database dialect: H2Dialect
	Database version: 2.4.240
	Default catalog/schema: TESTDB/PUBLIC
	Autocommit mode: undefined/unknown
	Isolation level: READ_COMMITTED [default READ_COMMITTED]
	JDBC fetch size: 100
	Pool: DataSourceConnectionProvider
	Minimum pool size: undefined/unknown
	Maximum pool size: undefined/unknown
2026-09-21 01:52:45 INFO  [restartedMain] - HHH000489: No JTA platform available (set 'hibernate.transaction.jta.platform' to enable JTA platform integration)
2026-09-21 01:52:45 INFO  [restartedMain] - Initialized JPA EntityManagerFactory for persistence unit 'default'
2026-09-21 01:52:45 WARN  [restartedMain] - Exception encountered during context initialization - cancelling refresh attempt: org.springframework.beans.factory.BeanCreationException: Error creating bean with name 'categoryController': Lookup method resolution failed
2026-09-21 01:52:45 INFO  [restartedMain] - Closing JPA EntityManagerFactory for persistence unit 'default'
2026-09-21 01:52:45 WARN  [restartedMain] - Invocation of destroy method failed on bean with name 'inMemoryDatabaseShutdownExecutor': org.h2.jdbc.JdbcSQLNonTransientConnectionException: Database is already closed (to disable automatic closing at VM shutdown, add ";DB_CLOSE_ON_EXIT=FALSE" to the db URL) [90121-240]
2026-09-21 01:52:45 INFO  [restartedMain] - HikariPool-42 - Shutdown initiated...
2026-09-21 01:52:45 INFO  [restartedMain] - HikariPool-42 - Shutdown completed.
2026-09-21 01:52:45 INFO  [restartedMain] - Stopping service [Tomcat]
2026-09-21 01:52:45 INFO  [restartedMain] - 

Error starting ApplicationContext. To display the condition evaluation report re-run your application with 'debug' enabled.
2026-09-21 01:52:45 ERROR [restartedMain] - Application run failed
org.springframework.beans.factory.BeanCreationException: Error creating bean with name 'categoryController': Lookup method resolution failed
	at org.springframework.beans.factory.annotation.AutowiredAnnotationBeanPostProcessor.checkLookupMethods(AutowiredAnnotationBeanPostProcessor.java:482) ~[spring-beans-7.0.9.jar:7.0.9]
	at org.springframework.beans.factory.annotation.AutowiredAnnotationBeanPostProcessor.determineCandidateConstructors(AutowiredAnnotationBeanPostProcessor.java:352) ~[spring-beans-7.0.9.jar:7.0.9]
	at org.springframework.beans.factory.support.AbstractAutowireCapableBeanFactory.determineConstructorsFromBeanPostProcessors(AbstractAutowireCapableBeanFactory.java:1319) ~[spring-beans-7.0.9.jar:7.0.9]
	at org.springframework.beans.factory.support.AbstractAutowireCapableBeanFactory.createBeanInstance(AbstractAutowireCapableBeanFactory.java:1216) ~[spring-beans-7.0.9.jar:7.0.9]
	at org.springframework.beans.factory.support.AbstractAutowireCapableBeanFactory.doCreateBean(AbstractAutowireCapableBeanFactory.java:565) ~[spring-beans-7.0.9.jar:7.0.9]
	at org.springframework.beans.factory.support.AbstractAutowireCapableBeanFactory.createBean(AbstractAutowireCapableBeanFactory.java:525) ~[spring-beans-7.0.9.jar:7.0.9]
	at org.springframework.beans.factory.support.AbstractBeanFactory.lambda$doGetBean$0(AbstractBeanFactory.java:333) ~[spring-beans-7.0.9.jar:7.0.9]
	at org.springframework.beans.factory.support.DefaultSingletonBeanRegistry.getSingleton(DefaultSingletonBeanRegistry.java:371) ~[spring-beans-7.0.9.jar:7.0.9]
	at org.springframework.beans.factory.support.AbstractBeanFactory.doGetBean(AbstractBeanFactory.java:331) ~[spring-beans-7.0.9.jar:7.0.9]
	at org.springframework.beans.factory.support.AbstractBeanFactory.getBean(AbstractBeanFactory.java:196) ~[spring-beans-7.0.9.jar:7.0.9]
	at org.springframework.beans.factory.support.DefaultListableBeanFactory.instantiateSingleton(DefaultListableBeanFactory.java:1225) ~[spring-beans-7.0.9.jar:7.0.9]
	at org.springframework.beans.factory.support.DefaultListableBeanFactory.preInstantiateSingleton(DefaultListableBeanFactory.java:1191) ~[spring-beans-7.0.9.jar:7.0.9]
	at org.springframework.beans.factory.support.DefaultListableBeanFactory.preInstantiateSingletons(DefaultListableBeanFactory.java:1121) ~[spring-beans-7.0.9.jar:7.0.9]
	at org.springframework.context.support.AbstractApplicationContext.finishBeanFactoryInitialization(AbstractApplicationContext.java:994) ~[spring-context-7.0.9.jar:7.0.9]
	at org.springframework.context.support.AbstractApplicationContext.refresh(AbstractApplicationContext.java:621) ~[spring-context-7.0.9.jar:7.0.9]
	at org.springframework.boot.web.server.servlet.context.ServletWebServerApplicationContext.refresh(ServletWebServerApplicationContext.java:143) ~[spring-boot-web-server-4.0.8.jar:4.0.8]
	at org.springframework.boot.SpringApplication.refresh(SpringApplication.java:756) ~[spring-boot-4.0.8.jar:4.0.8]
	at org.springframework.boot.SpringApplication.refreshContext(SpringApplication.java:445) ~[spring-boot-4.0.8.jar:4.0.8]
	at org.springframework.boot.SpringApplication.run(SpringApplication.java:321) ~[spring-boot-4.0.8.jar:4.0.8]
	at org.springframework.boot.SpringApplication.run(SpringApplication.java:1365) ~[spring-boot-4.0.8.jar:4.0.8]
	at org.springframework.boot.SpringApplication.run(SpringApplication.java:1354) ~[spring-boot-4.0.8.jar:4.0.8]
	at com.miniproject.category.CategoryApplication.main(CategoryApplication.java:10) ~[classes/:na]
	at java.base/jdk.internal.reflect.DirectMethodHandleAccessor.invoke(DirectMethodHandleAccessor.java:103) ~[na:na]
	at java.base/java.lang.reflect.Method.invoke(Method.java:580) ~[na:na]
	at org.springframework.boot.devtools.restart.RestartLauncher.run(RestartLauncher.java:52) ~[spring-boot-devtools-4.0.8.jar:4.0.8]
Caused by: java.lang.IllegalStateException: Failed to introspect Class [com.miniproject.category.controller.CategoryController] from ClassLoader [org.springframework.boot.devtools.restart.classloader.RestartClassLoader@33c3b856]
	at org.springframework.util.ReflectionUtils.getDeclaredMethods(ReflectionUtils.java:483) ~[spring-core-7.0.9.jar:7.0.9]
	at org.springframework.util.ReflectionUtils.doWithLocalMethods(ReflectionUtils.java:320) ~[spring-core-7.0.9.jar:7.0.9]
	at org.springframework.beans.factory.annotation.AutowiredAnnotationBeanPostProcessor.checkLookupMethods(AutowiredAnnotationBeanPostProcessor.java:460) ~[spring-beans-7.0.9.jar:7.0.9]
	... 24 common frames omitted
Caused by: java.lang.NoClassDefFoundError: com/miniproject/category/dto/CategoryRequestDto
	at java.base/java.lang.Class.getDeclaredMethods0(Native Method) ~[na:na]
	at java.base/java.lang.Class.privateGetDeclaredMethods(Class.java:3580) ~[na:na]
	at java.base/java.lang.Class.getDeclaredMethods(Class.java:2678) ~[na:na]
	at org.springframework.util.ReflectionUtils.getDeclaredMethods(ReflectionUtils.java:465) ~[spring-core-7.0.9.jar:7.0.9]
	... 26 common frames omitted
Caused by: java.lang.ClassNotFoundException: com.miniproject.category.dto.CategoryRequestDto
	at java.base/jdk.internal.loader.BuiltinClassLoader.loadClass(BuiltinClassLoader.java:641) ~[na:na]
	at java.base/jdk.internal.loader.ClassLoaders$AppClassLoader.loadClass(ClassLoaders.java:188) ~[na:na]
	at java.base/java.lang.ClassLoader.loadClass(ClassLoader.java:526) ~[na:na]
	at java.base/java.lang.Class.forName0(Native Method) ~[na:na]
	at java.base/java.lang.Class.forName(Class.java:536) ~[na:na]
	at java.base/java.lang.Class.forName(Class.java:515) ~[na:na]
	at org.springframework.boot.devtools.restart.classloader.RestartClassLoader.loadClass(RestartClassLoader.java:123) ~[spring-boot-devtools-4.0.8.jar:4.0.8]
	at java.base/java.lang.ClassLoader.loadClass(ClassLoader.java:526) ~[na:na]
	... 30 common frames omitted
2026-09-21 01:56:38 INFO  [restartedMain] - Starting CategoryApplication using Java 21.0.11 with PID 11436 (C:\Users\vamsh\Desktop\MasterClass\MicroMini2\Category\target\classes started by vamsh in C:\Users\vamsh\Desktop\MasterClass\MicroMini2\Category)
2026-09-21 01:56:38 INFO  [restartedMain] - No active profile set, falling back to 1 default profile: "default"
2026-09-21 01:56:38 INFO  [restartedMain] - Bootstrapping Spring Data JPA repositories in DEFAULT mode.
2026-09-21 01:56:38 INFO  [restartedMain] - Finished Spring Data repository scanning in 24 ms. Found 2 JPA repository interfaces.
2026-09-21 01:56:39 INFO  [restartedMain] - Tomcat initialized with port 8080 (http)
2026-09-21 01:56:39 INFO  [restartedMain] - Starting service [Tomcat]
2026-09-21 01:56:39 INFO  [restartedMain] - Starting Servlet engine: [Apache Tomcat/11.0.24]
2026-09-21 01:56:39 INFO  [restartedMain] - Root WebApplicationContext: initialization completed in 769 ms
2026-09-21 01:56:39 INFO  [restartedMain] - HHH008540: Processing PersistenceUnitInfo [name: default]
2026-09-21 01:56:39 INFO  [restartedMain] - No LoadTimeWeaver setup: ignoring JPA class transformer
2026-09-21 01:56:39 INFO  [restartedMain] - HikariPool-43 - Starting...
2026-09-21 01:56:39 INFO  [restartedMain] - HikariPool-43 - Added connection conn414: url=jdbc:h2:mem:testdb user=SA
2026-09-21 01:56:39 INFO  [restartedMain] - HikariPool-43 - Start completed.
2026-09-21 01:56:39 INFO  [restartedMain] - HHH10001005: Database info:
	Database JDBC URL [jdbc:h2:mem:testdb]
	Database driver: H2 JDBC Driver
	Database dialect: H2Dialect
	Database version: 2.4.240
	Default catalog/schema: TESTDB/PUBLIC
	Autocommit mode: undefined/unknown
	Isolation level: READ_COMMITTED [default READ_COMMITTED]
	JDBC fetch size: 100
	Pool: DataSourceConnectionProvider
	Minimum pool size: undefined/unknown
	Maximum pool size: undefined/unknown
2026-09-21 01:56:39 INFO  [restartedMain] - HHH000489: No JTA platform available (set 'hibernate.transaction.jta.platform' to enable JTA platform integration)
2026-09-21 01:56:39 INFO  [restartedMain] - Initialized JPA EntityManagerFactory for persistence unit 'default'
2026-09-21 01:56:39 WARN  [restartedMain] - Exception encountered during context initialization - cancelling refresh attempt: org.springframework.beans.factory.BeanCreationException: Error creating bean with name 'categoryController': Lookup method resolution failed
2026-09-21 01:56:39 INFO  [restartedMain] - Closing JPA EntityManagerFactory for persistence unit 'default'
2026-09-21 01:56:39 WARN  [restartedMain] - Invocation of destroy method failed on bean with name 'inMemoryDatabaseShutdownExecutor': org.h2.jdbc.JdbcSQLNonTransientConnectionException: Database is already closed (to disable automatic closing at VM shutdown, add ";DB_CLOSE_ON_EXIT=FALSE" to the db URL) [90121-240]
2026-09-21 01:56:39 INFO  [restartedMain] - HikariPool-43 - Shutdown initiated...
2026-09-21 01:56:39 INFO  [restartedMain] - HikariPool-43 - Shutdown completed.
2026-09-21 01:56:39 INFO  [restartedMain] - Stopping service [Tomcat]
2026-09-21 01:56:39 INFO  [restartedMain] - 

Error starting ApplicationContext. To display the condition evaluation report re-run your application with 'debug' enabled.
2026-09-21 01:56:39 ERROR [restartedMain] - Application run failed
org.springframework.beans.factory.BeanCreationException: Error creating bean with name 'categoryController': Lookup method resolution failed
	at org.springframework.beans.factory.annotation.AutowiredAnnotationBeanPostProcessor.checkLookupMethods(AutowiredAnnotationBeanPostProcessor.java:482) ~[spring-beans-7.0.9.jar:7.0.9]
	at org.springframework.beans.factory.annotation.AutowiredAnnotationBeanPostProcessor.determineCandidateConstructors(AutowiredAnnotationBeanPostProcessor.java:352) ~[spring-beans-7.0.9.jar:7.0.9]
	at org.springframework.beans.factory.support.AbstractAutowireCapableBeanFactory.determineConstructorsFromBeanPostProcessors(AbstractAutowireCapableBeanFactory.java:1319) ~[spring-beans-7.0.9.jar:7.0.9]
	at org.springframework.beans.factory.support.AbstractAutowireCapableBeanFactory.createBeanInstance(AbstractAutowireCapableBeanFactory.java:1216) ~[spring-beans-7.0.9.jar:7.0.9]
	at org.springframework.beans.factory.support.AbstractAutowireCapableBeanFactory.doCreateBean(AbstractAutowireCapableBeanFactory.java:565) ~[spring-beans-7.0.9.jar:7.0.9]
	at org.springframework.beans.factory.support.AbstractAutowireCapableBeanFactory.createBean(AbstractAutowireCapableBeanFactory.java:525) ~[spring-beans-7.0.9.jar:7.0.9]
	at org.springframework.beans.factory.support.AbstractBeanFactory.lambda$doGetBean$0(AbstractBeanFactory.java:333) ~[spring-beans-7.0.9.jar:7.0.9]
	at org.springframework.beans.factory.support.DefaultSingletonBeanRegistry.getSingleton(DefaultSingletonBeanRegistry.java:371) ~[spring-beans-7.0.9.jar:7.0.9]
	at org.springframework.beans.factory.support.AbstractBeanFactory.doGetBean(AbstractBeanFactory.java:331) ~[spring-beans-7.0.9.jar:7.0.9]
	at org.springframework.beans.factory.support.AbstractBeanFactory.getBean(AbstractBeanFactory.java:196) ~[spring-beans-7.0.9.jar:7.0.9]
	at org.springframework.beans.factory.support.DefaultListableBeanFactory.instantiateSingleton(DefaultListableBeanFactory.java:1225) ~[spring-beans-7.0.9.jar:7.0.9]
	at org.springframework.beans.factory.support.DefaultListableBeanFactory.preInstantiateSingleton(DefaultListableBeanFactory.java:1191) ~[spring-beans-7.0.9.jar:7.0.9]
	at org.springframework.beans.factory.support.DefaultListableBeanFactory.preInstantiateSingletons(DefaultListableBeanFactory.java:1121) ~[spring-beans-7.0.9.jar:7.0.9]
	at org.springframework.context.support.AbstractApplicationContext.finishBeanFactoryInitialization(AbstractApplicationContext.java:994) ~[spring-context-7.0.9.jar:7.0.9]
	at org.springframework.context.support.AbstractApplicationContext.refresh(AbstractApplicationContext.java:621) ~[spring-context-7.0.9.jar:7.0.9]
	at org.springframework.boot.web.server.servlet.context.ServletWebServerApplicationContext.refresh(ServletWebServerApplicationContext.java:143) ~[spring-boot-web-server-4.0.8.jar:4.0.8]
	at org.springframework.boot.SpringApplication.refresh(SpringApplication.java:756) ~[spring-boot-4.0.8.jar:4.0.8]
	at org.springframework.boot.SpringApplication.refreshContext(SpringApplication.java:445) ~[spring-boot-4.0.8.jar:4.0.8]
	at org.springframework.boot.SpringApplication.run(SpringApplication.java:321) ~[spring-boot-4.0.8.jar:4.0.8]
	at org.springframework.boot.SpringApplication.run(SpringApplication.java:1365) ~[spring-boot-4.0.8.jar:4.0.8]
	at org.springframework.boot.SpringApplication.run(SpringApplication.java:1354) ~[spring-boot-4.0.8.jar:4.0.8]
	at com.miniproject.category.CategoryApplication.main(CategoryApplication.java:10) ~[classes/:na]
	at java.base/jdk.internal.reflect.DirectMethodHandleAccessor.invoke(DirectMethodHandleAccessor.java:103) ~[na:na]
	at java.base/java.lang.reflect.Method.invoke(Method.java:580) ~[na:na]
	at org.springframework.boot.devtools.restart.RestartLauncher.run(RestartLauncher.java:52) ~[spring-boot-devtools-4.0.8.jar:4.0.8]
Caused by: java.lang.IllegalStateException: Failed to introspect Class [com.miniproject.category.controller.CategoryController] from ClassLoader [org.springframework.boot.devtools.restart.classloader.RestartClassLoader@6b08bec0]
	at org.springframework.util.ReflectionUtils.getDeclaredMethods(ReflectionUtils.java:483) ~[spring-core-7.0.9.jar:7.0.9]
	at org.springframework.util.ReflectionUtils.doWithLocalMethods(ReflectionUtils.java:320) ~[spring-core-7.0.9.jar:7.0.9]
	at org.springframework.beans.factory.annotation.AutowiredAnnotationBeanPostProcessor.checkLookupMethods(AutowiredAnnotationBeanPostProcessor.java:460) ~[spring-beans-7.0.9.jar:7.0.9]
	... 24 common frames omitted
Caused by: java.lang.NoClassDefFoundError: com/miniproject/category/dto/CategoryRequestDto
	at java.base/java.lang.Class.getDeclaredMethods0(Native Method) ~[na:na]
	at java.base/java.lang.Class.privateGetDeclaredMethods(Class.java:3580) ~[na:na]
	at java.base/java.lang.Class.getDeclaredMethods(Class.java:2678) ~[na:na]
	at org.springframework.util.ReflectionUtils.getDeclaredMethods(ReflectionUtils.java:465) ~[spring-core-7.0.9.jar:7.0.9]
	... 26 common frames omitted
Caused by: java.lang.ClassNotFoundException: com.miniproject.category.dto.CategoryRequestDto
	at java.base/jdk.internal.loader.BuiltinClassLoader.loadClass(BuiltinClassLoader.java:641) ~[na:na]
	at java.base/jdk.internal.loader.ClassLoaders$AppClassLoader.loadClass(ClassLoaders.java:188) ~[na:na]
	at java.base/java.lang.ClassLoader.loadClass(ClassLoader.java:526) ~[na:na]
	at java.base/java.lang.Class.forName0(Native Method) ~[na:na]
	at java.base/java.lang.Class.forName(Class.java:536) ~[na:na]
	at java.base/java.lang.Class.forName(Class.java:515) ~[na:na]
	at org.springframework.boot.devtools.restart.classloader.RestartClassLoader.loadClass(RestartClassLoader.java:123) ~[spring-boot-devtools-4.0.8.jar:4.0.8]
	at java.base/java.lang.ClassLoader.loadClass(ClassLoader.java:526) ~[na:na]
	... 30 common frames omitted
2026-09-21 01:56:42 INFO  [restartedMain] - Starting CategoryApplication using Java 21.0.11 with PID 11436 (C:\Users\vamsh\Desktop\MasterClass\MicroMini2\Category\target\classes started by vamsh in C:\Users\vamsh\Desktop\MasterClass\MicroMini2\Category)
2026-09-21 01:56:42 INFO  [restartedMain] - No active profile set, falling back to 1 default profile: "default"
2026-09-21 01:56:43 INFO  [restartedMain] - Bootstrapping Spring Data JPA repositories in DEFAULT mode.
2026-09-21 01:56:43 INFO  [restartedMain] - Finished Spring Data repository scanning in 24 ms. Found 2 JPA repository interfaces.
2026-09-21 01:56:43 INFO  [restartedMain] - Tomcat initialized with port 8080 (http)
2026-09-21 01:56:43 INFO  [restartedMain] - Starting service [Tomcat]
2026-09-21 01:56:43 INFO  [restartedMain] - Starting Servlet engine: [Apache Tomcat/11.0.24]
2026-09-21 01:56:43 INFO  [restartedMain] - Root WebApplicationContext: initialization completed in 680 ms
2026-09-21 01:56:43 INFO  [restartedMain] - HHH008540: Processing PersistenceUnitInfo [name: default]
2026-09-21 01:56:43 INFO  [restartedMain] - No LoadTimeWeaver setup: ignoring JPA class transformer
2026-09-21 01:56:43 INFO  [restartedMain] - HikariPool-44 - Starting...
2026-09-21 01:56:43 INFO  [restartedMain] - HikariPool-44 - Added connection conn416: url=jdbc:h2:mem:testdb user=SA
2026-09-21 01:56:43 INFO  [restartedMain] - HikariPool-44 - Start completed.
2026-09-21 01:56:43 INFO  [restartedMain] - HHH10001005: Database info:
	Database JDBC URL [jdbc:h2:mem:testdb]
	Database driver: H2 JDBC Driver
	Database dialect: H2Dialect
	Database version: 2.4.240
	Default catalog/schema: TESTDB/PUBLIC
	Autocommit mode: undefined/unknown
	Isolation level: READ_COMMITTED [default READ_COMMITTED]
	JDBC fetch size: 100
	Pool: DataSourceConnectionProvider
	Minimum pool size: undefined/unknown
	Maximum pool size: undefined/unknown
2026-09-21 01:56:43 INFO  [restartedMain] - HHH000489: No JTA platform available (set 'hibernate.transaction.jta.platform' to enable JTA platform integration)
2026-09-21 01:56:43 INFO  [restartedMain] - Initialized JPA EntityManagerFactory for persistence unit 'default'
2026-09-21 01:56:43 WARN  [restartedMain] - spring.jpa.open-in-view is enabled by default. Therefore, database queries may be performed during view rendering. Explicitly configure spring.jpa.open-in-view to disable this warning
2026-09-21 01:56:44 INFO  [restartedMain] - H2 console available at '/h2-console'. Database available at 'jdbc:h2:mem:testdb'
2026-09-21 01:56:44 INFO  [restartedMain] - Tomcat started on port 8080 (http) with context path '/'
2026-09-21 01:56:44 INFO  [restartedMain] - Started CategoryApplication in 1.299 seconds (process running for 3046.828)
2026-09-21 01:56:44 WARN  [restartedMain] - SpringDoc /v3/api-docs endpoint is enabled by default. To disable it in production, set the property 'springdoc.api-docs.enabled=false'
2026-09-21 01:56:44 WARN  [restartedMain] - SpringDoc /swagger-ui.html endpoint is enabled by default. To disable it in production, set the property 'springdoc.swagger-ui.enabled=false'
2026-09-21 01:56:44 INFO  [restartedMain] - Condition evaluation unchanged
2026-09-21 01:59:01 INFO  [File Watcher] - Restarting due to 1 class path change (0 additions, 1 deletion, 0 modifications)
2026-09-21 01:59:01 INFO  [Thread-166] - Commencing graceful shutdown. Waiting for active requests to complete
2026-09-21 01:59:01 INFO  [tomcat-shutdown] - Graceful shutdown complete
2026-09-21 01:59:01 INFO  [Thread-166] - Closing JPA EntityManagerFactory for persistence unit 'default'
2026-09-21 01:59:01 WARN  [Thread-166] - Invocation of destroy method failed on bean with name 'inMemoryDatabaseShutdownExecutor': org.h2.jdbc.JdbcSQLNonTransientConnectionException: Database is already closed (to disable automatic closing at VM shutdown, add ";DB_CLOSE_ON_EXIT=FALSE" to the db URL) [90121-240]
2026-09-21 01:59:01 INFO  [Thread-166] - HikariPool-44 - Shutdown initiated...
2026-09-21 01:59:01 INFO  [Thread-166] - HikariPool-44 - Shutdown completed.
2026-09-21 01:59:01 INFO  [restartedMain] - Starting CategoryApplication using Java 21.0.11 with PID 11436 (C:\Users\vamsh\Desktop\MasterClass\MicroMini2\Category\target\classes started by vamsh in C:\Users\vamsh\Desktop\MasterClass\MicroMini2\Category)
2026-09-21 01:59:01 INFO  [restartedMain] - No active profile set, falling back to 1 default profile: "default"
2026-09-21 01:59:02 INFO  [restartedMain] - Bootstrapping Spring Data JPA repositories in DEFAULT mode.
2026-09-21 01:59:02 INFO  [restartedMain] - Finished Spring Data repository scanning in 7 ms. Found 2 JPA repository interfaces.
2026-09-21 01:59:02 INFO  [restartedMain] - Tomcat initialized with port 8080 (http)
2026-09-21 01:59:02 INFO  [restartedMain] - Starting service [Tomcat]
2026-09-21 01:59:02 INFO  [restartedMain] - Starting Servlet engine: [Apache Tomcat/11.0.24]
2026-09-21 01:59:02 INFO  [restartedMain] - Root WebApplicationContext: initialization completed in 228 ms
2026-09-21 01:59:02 INFO  [restartedMain] - HHH008540: Processing PersistenceUnitInfo [name: default]
2026-09-21 01:59:02 INFO  [restartedMain] - No LoadTimeWeaver setup: ignoring JPA class transformer
2026-09-21 01:59:02 INFO  [restartedMain] - HikariPool-45 - Starting...
2026-09-21 01:59:02 INFO  [restartedMain] - HikariPool-45 - Added connection conn426: url=jdbc:h2:mem:testdb user=SA
2026-09-21 01:59:02 INFO  [restartedMain] - HikariPool-45 - Start completed.
2026-09-21 01:59:02 INFO  [restartedMain] - HHH10001005: Database info:
	Database JDBC URL [jdbc:h2:mem:testdb]
	Database driver: H2 JDBC Driver
	Database dialect: H2Dialect
	Database version: 2.4.240
	Default catalog/schema: TESTDB/PUBLIC
	Autocommit mode: undefined/unknown
	Isolation level: READ_COMMITTED [default READ_COMMITTED]
	JDBC fetch size: 100
	Pool: DataSourceConnectionProvider
	Minimum pool size: undefined/unknown
	Maximum pool size: undefined/unknown
2026-09-21 01:59:02 INFO  [restartedMain] - HHH000489: No JTA platform available (set 'hibernate.transaction.jta.platform' to enable JTA platform integration)
2026-09-21 01:59:02 INFO  [restartedMain] - Initialized JPA EntityManagerFactory for persistence unit 'default'
2026-09-21 01:59:02 WARN  [restartedMain] - spring.jpa.open-in-view is enabled by default. Therefore, database queries may be performed during view rendering. Explicitly configure spring.jpa.open-in-view to disable this warning
2026-09-21 01:59:02 INFO  [restartedMain] - H2 console available at '/h2-console'. Database available at 'jdbc:h2:mem:testdb'
2026-09-21 01:59:02 INFO  [restartedMain] - Tomcat started on port 8080 (http) with context path '/'
2026-09-21 01:59:02 INFO  [restartedMain] - Started CategoryApplication in 0.529 seconds (process running for 3185.036)
2026-09-21 01:59:02 WARN  [restartedMain] - SpringDoc /v3/api-docs endpoint is enabled by default. To disable it in production, set the property 'springdoc.api-docs.enabled=false'
2026-09-21 01:59:02 WARN  [restartedMain] - SpringDoc /swagger-ui.html endpoint is enabled by default. To disable it in production, set the property 'springdoc.swagger-ui.enabled=false'
2026-09-21 01:59:02 INFO  [restartedMain] - Condition evaluation unchanged
2026-09-21 01:59:03 INFO  [File Watcher] - Restarting due to 1 class path change (1 addition, 0 deletions, 0 modifications)
2026-09-21 01:59:03 INFO  [Thread-176] - Commencing graceful shutdown. Waiting for active requests to complete
2026-09-21 01:59:03 INFO  [tomcat-shutdown] - Graceful shutdown complete
2026-09-21 01:59:03 INFO  [Thread-176] - Closing JPA EntityManagerFactory for persistence unit 'default'
2026-09-21 01:59:03 WARN  [Thread-176] - Invocation of destroy method failed on bean with name 'inMemoryDatabaseShutdownExecutor': org.h2.jdbc.JdbcSQLNonTransientConnectionException: Database is already closed (to disable automatic closing at VM shutdown, add ";DB_CLOSE_ON_EXIT=FALSE" to the db URL) [90121-240]
2026-09-21 01:59:03 INFO  [Thread-176] - HikariPool-45 - Shutdown initiated...
2026-09-21 01:59:03 INFO  [Thread-176] - HikariPool-45 - Shutdown completed.
2026-09-21 01:59:03 INFO  [restartedMain] - Starting CategoryApplication using Java 21.0.11 with PID 11436 (C:\Users\vamsh\Desktop\MasterClass\MicroMini2\Category\target\classes started by vamsh in C:\Users\vamsh\Desktop\MasterClass\MicroMini2\Category)
2026-09-21 01:59:03 INFO  [restartedMain] - No active profile set, falling back to 1 default profile: "default"
2026-09-21 01:59:04 INFO  [restartedMain] - Bootstrapping Spring Data JPA repositories in DEFAULT mode.
2026-09-21 01:59:04 INFO  [restartedMain] - Finished Spring Data repository scanning in 7 ms. Found 2 JPA repository interfaces.
2026-09-21 01:59:04 INFO  [restartedMain] - Tomcat initialized with port 8080 (http)
2026-09-21 01:59:04 INFO  [restartedMain] - Starting service [Tomcat]
2026-09-21 01:59:04 INFO  [restartedMain] - Starting Servlet engine: [Apache Tomcat/11.0.24]
2026-09-21 01:59:04 INFO  [restartedMain] - Root WebApplicationContext: initialization completed in 203 ms
2026-09-21 01:59:04 INFO  [restartedMain] - HHH008540: Processing PersistenceUnitInfo [name: default]
2026-09-21 01:59:04 INFO  [restartedMain] - No LoadTimeWeaver setup: ignoring JPA class transformer
2026-09-21 01:59:04 INFO  [restartedMain] - HikariPool-46 - Starting...
2026-09-21 01:59:04 INFO  [restartedMain] - HikariPool-46 - Added connection conn436: url=jdbc:h2:mem:testdb user=SA
2026-09-21 01:59:04 INFO  [restartedMain] - HikariPool-46 - Start completed.
2026-09-21 01:59:04 INFO  [restartedMain] - HHH10001005: Database info:
	Database JDBC URL [jdbc:h2:mem:testdb]
	Database driver: H2 JDBC Driver
	Database dialect: H2Dialect
	Database version: 2.4.240
	Default catalog/schema: TESTDB/PUBLIC
	Autocommit mode: undefined/unknown
	Isolation level: READ_COMMITTED [default READ_COMMITTED]
	JDBC fetch size: 100
	Pool: DataSourceConnectionProvider
	Minimum pool size: undefined/unknown
	Maximum pool size: undefined/unknown
2026-09-21 01:59:04 INFO  [restartedMain] - HHH000489: No JTA platform available (set 'hibernate.transaction.jta.platform' to enable JTA platform integration)
2026-09-21 01:59:04 INFO  [restartedMain] - Initialized JPA EntityManagerFactory for persistence unit 'default'
2026-09-21 01:59:04 WARN  [restartedMain] - spring.jpa.open-in-view is enabled by default. Therefore, database queries may be performed during view rendering. Explicitly configure spring.jpa.open-in-view to disable this warning
2026-09-21 01:59:04 INFO  [restartedMain] - H2 console available at '/h2-console'. Database available at 'jdbc:h2:mem:testdb'
2026-09-21 01:59:04 INFO  [restartedMain] - Tomcat started on port 8080 (http) with context path '/'
2026-09-21 01:59:04 INFO  [restartedMain] - Started CategoryApplication in 0.515 seconds (process running for 3187.038)
2026-09-21 01:59:04 WARN  [restartedMain] - SpringDoc /v3/api-docs endpoint is enabled by default. To disable it in production, set the property 'springdoc.api-docs.enabled=false'
2026-09-21 01:59:04 WARN  [restartedMain] - SpringDoc /swagger-ui.html endpoint is enabled by default. To disable it in production, set the property 'springdoc.swagger-ui.enabled=false'
2026-09-21 01:59:04 INFO  [restartedMain] - Condition evaluation unchanged
2026-09-21 01:59:43 INFO  [File Watcher] - Restarting due to 1 class path change (0 additions, 1 deletion, 0 modifications)
2026-09-21 01:59:43 INFO  [Thread-180] - Commencing graceful shutdown. Waiting for active requests to complete
2026-09-21 01:59:43 INFO  [tomcat-shutdown] - Graceful shutdown complete
2026-09-21 01:59:43 INFO  [Thread-180] - Closing JPA EntityManagerFactory for persistence unit 'default'
2026-09-21 01:59:43 WARN  [Thread-180] - Invocation of destroy method failed on bean with name 'inMemoryDatabaseShutdownExecutor': org.h2.jdbc.JdbcSQLNonTransientConnectionException: Database is already closed (to disable automatic closing at VM shutdown, add ";DB_CLOSE_ON_EXIT=FALSE" to the db URL) [90121-240]
2026-09-21 01:59:43 INFO  [Thread-180] - HikariPool-46 - Shutdown initiated...
2026-09-21 01:59:43 INFO  [Thread-180] - HikariPool-46 - Shutdown completed.
2026-09-21 01:59:43 INFO  [restartedMain] - Starting CategoryApplication using Java 21.0.11 with PID 11436 (C:\Users\vamsh\Desktop\MasterClass\MicroMini2\Category\target\classes started by vamsh in C:\Users\vamsh\Desktop\MasterClass\MicroMini2\Category)
2026-09-21 01:59:43 INFO  [restartedMain] - No active profile set, falling back to 1 default profile: "default"
2026-09-21 01:59:44 INFO  [restartedMain] - Bootstrapping Spring Data JPA repositories in DEFAULT mode.
2026-09-21 01:59:44 INFO  [restartedMain] - Finished Spring Data repository scanning in 35 ms. Found 2 JPA repository interfaces.
2026-09-21 01:59:44 INFO  [restartedMain] - Tomcat initialized with port 8080 (http)
2026-09-21 01:59:44 INFO  [restartedMain] - Starting service [Tomcat]
2026-09-21 01:59:44 INFO  [restartedMain] - Starting Servlet engine: [Apache Tomcat/11.0.24]
2026-09-21 01:59:44 INFO  [restartedMain] - Root WebApplicationContext: initialization completed in 892 ms
2026-09-21 01:59:44 INFO  [restartedMain] - HHH008540: Processing PersistenceUnitInfo [name: default]
2026-09-21 01:59:45 INFO  [restartedMain] - No LoadTimeWeaver setup: ignoring JPA class transformer
2026-09-21 01:59:45 INFO  [restartedMain] - HikariPool-47 - Starting...
2026-09-21 01:59:45 INFO  [restartedMain] - HikariPool-47 - Added connection conn446: url=jdbc:h2:mem:testdb user=SA
2026-09-21 01:59:45 INFO  [restartedMain] - HikariPool-47 - Start completed.
2026-09-21 01:59:45 INFO  [restartedMain] - HHH10001005: Database info:
	Database JDBC URL [jdbc:h2:mem:testdb]
	Database driver: H2 JDBC Driver
	Database dialect: H2Dialect
	Database version: 2.4.240
	Default catalog/schema: TESTDB/PUBLIC
	Autocommit mode: undefined/unknown
	Isolation level: READ_COMMITTED [default READ_COMMITTED]
	JDBC fetch size: 100
	Pool: DataSourceConnectionProvider
	Minimum pool size: undefined/unknown
	Maximum pool size: undefined/unknown
2026-09-21 01:59:45 INFO  [restartedMain] - HHH000489: No JTA platform available (set 'hibernate.transaction.jta.platform' to enable JTA platform integration)
2026-09-21 01:59:45 INFO  [restartedMain] - Initialized JPA EntityManagerFactory for persistence unit 'default'
2026-09-21 01:59:45 WARN  [restartedMain] - spring.jpa.open-in-view is enabled by default. Therefore, database queries may be performed during view rendering. Explicitly configure spring.jpa.open-in-view to disable this warning
2026-09-21 01:59:45 INFO  [restartedMain] - H2 console available at '/h2-console'. Database available at 'jdbc:h2:mem:testdb'
2026-09-21 01:59:45 INFO  [restartedMain] - Tomcat started on port 8080 (http) with context path '/'
2026-09-21 01:59:45 INFO  [restartedMain] - Started CategoryApplication in 1.832 seconds (process running for 3228.394)
2026-09-21 01:59:45 WARN  [restartedMain] - SpringDoc /v3/api-docs endpoint is enabled by default. To disable it in production, set the property 'springdoc.api-docs.enabled=false'
2026-09-21 01:59:45 WARN  [restartedMain] - SpringDoc /swagger-ui.html endpoint is enabled by default. To disable it in production, set the property 'springdoc.swagger-ui.enabled=false'
2026-09-21 01:59:45 INFO  [restartedMain] - Condition evaluation unchanged
2026-09-21 01:59:47 INFO  [File Watcher] - Restarting due to 1 class path change (1 addition, 0 deletions, 0 modifications)
2026-09-21 01:59:47 INFO  [Thread-184] - Commencing graceful shutdown. Waiting for active requests to complete
2026-09-21 01:59:47 INFO  [tomcat-shutdown] - Graceful shutdown complete
2026-09-21 01:59:47 INFO  [Thread-184] - Closing JPA EntityManagerFactory for persistence unit 'default'
2026-09-21 01:59:47 WARN  [Thread-184] - Invocation of destroy method failed on bean with name 'inMemoryDatabaseShutdownExecutor': org.h2.jdbc.JdbcSQLNonTransientConnectionException: Database is already closed (to disable automatic closing at VM shutdown, add ";DB_CLOSE_ON_EXIT=FALSE" to the db URL) [90121-240]
2026-09-21 01:59:47 INFO  [Thread-184] - HikariPool-47 - Shutdown initiated...
2026-09-21 01:59:47 INFO  [Thread-184] - HikariPool-47 - Shutdown completed.
2026-09-21 01:59:47 INFO  [restartedMain] - Starting CategoryApplication using Java 21.0.11 with PID 11436 (C:\Users\vamsh\Desktop\MasterClass\MicroMini2\Category\target\classes started by vamsh in C:\Users\vamsh\Desktop\MasterClass\MicroMini2\Category)
2026-09-21 01:59:47 INFO  [restartedMain] - No active profile set, falling back to 1 default profile: "default"
2026-09-21 01:59:47 INFO  [restartedMain] - Bootstrapping Spring Data JPA repositories in DEFAULT mode.
2026-09-21 01:59:47 INFO  [restartedMain] - Finished Spring Data repository scanning in 15 ms. Found 2 JPA repository interfaces.
2026-09-21 01:59:47 INFO  [restartedMain] - Tomcat initialized with port 8080 (http)
2026-09-21 01:59:47 INFO  [restartedMain] - Starting service [Tomcat]
2026-09-21 01:59:47 INFO  [restartedMain] - Starting Servlet engine: [Apache Tomcat/11.0.24]
2026-09-21 01:59:47 INFO  [restartedMain] - Root WebApplicationContext: initialization completed in 430 ms
2026-09-21 01:59:47 INFO  [restartedMain] - HHH008540: Processing PersistenceUnitInfo [name: default]
2026-09-21 01:59:47 INFO  [restartedMain] - No LoadTimeWeaver setup: ignoring JPA class transformer
2026-09-21 01:59:47 INFO  [restartedMain] - HikariPool-48 - Starting...
2026-09-21 01:59:47 INFO  [restartedMain] - HikariPool-48 - Added connection conn456: url=jdbc:h2:mem:testdb user=SA
2026-09-21 01:59:47 INFO  [restartedMain] - HikariPool-48 - Start completed.
2026-09-21 01:59:47 INFO  [restartedMain] - HHH10001005: Database info:
	Database JDBC URL [jdbc:h2:mem:testdb]
	Database driver: H2 JDBC Driver
	Database dialect: H2Dialect
	Database version: 2.4.240
	Default catalog/schema: TESTDB/PUBLIC
	Autocommit mode: undefined/unknown
	Isolation level: READ_COMMITTED [default READ_COMMITTED]
	JDBC fetch size: 100
	Pool: DataSourceConnectionProvider
	Minimum pool size: undefined/unknown
	Maximum pool size: undefined/unknown
2026-09-21 01:59:48 INFO  [restartedMain] - HHH000489: No JTA platform available (set 'hibernate.transaction.jta.platform' to enable JTA platform integration)
2026-09-21 01:59:48 INFO  [restartedMain] - Initialized JPA EntityManagerFactory for persistence unit 'default'
2026-09-21 01:59:48 WARN  [restartedMain] - spring.jpa.open-in-view is enabled by default. Therefore, database queries may be performed during view rendering. Explicitly configure spring.jpa.open-in-view to disable this warning
2026-09-21 01:59:48 INFO  [restartedMain] - H2 console available at '/h2-console'. Database available at 'jdbc:h2:mem:testdb'
2026-09-21 01:59:48 INFO  [restartedMain] - Tomcat started on port 8080 (http) with context path '/'
2026-09-21 01:59:48 INFO  [restartedMain] - Started CategoryApplication in 1.526 seconds (process running for 3231.431)
2026-09-21 01:59:48 WARN  [restartedMain] - SpringDoc /v3/api-docs endpoint is enabled by default. To disable it in production, set the property 'springdoc.api-docs.enabled=false'
2026-09-21 01:59:48 WARN  [restartedMain] - SpringDoc /swagger-ui.html endpoint is enabled by default. To disable it in production, set the property 'springdoc.swagger-ui.enabled=false'
2026-09-21 01:59:48 INFO  [restartedMain] - Condition evaluation unchanged
2026-09-21 02:00:40 INFO  [File Watcher] - Restarting due to 1 class path change (0 additions, 1 deletion, 0 modifications)
2026-09-21 02:00:40 INFO  [Thread-188] - Commencing graceful shutdown. Waiting for active requests to complete
2026-09-21 02:00:40 INFO  [tomcat-shutdown] - Graceful shutdown complete
2026-09-21 02:00:40 INFO  [Thread-188] - Closing JPA EntityManagerFactory for persistence unit 'default'
2026-09-21 02:00:40 WARN  [Thread-188] - Invocation of destroy method failed on bean with name 'inMemoryDatabaseShutdownExecutor': org.h2.jdbc.JdbcSQLNonTransientConnectionException: Database is already closed (to disable automatic closing at VM shutdown, add ";DB_CLOSE_ON_EXIT=FALSE" to the db URL) [90121-240]
2026-09-21 02:00:40 INFO  [Thread-188] - HikariPool-48 - Shutdown initiated...
2026-09-21 02:00:40 INFO  [Thread-188] - HikariPool-48 - Shutdown completed.
2026-09-21 02:00:40 INFO  [restartedMain] - Starting CategoryApplication using Java 21.0.11 with PID 11436 (C:\Users\vamsh\Desktop\MasterClass\MicroMini2\Category\target\classes started by vamsh in C:\Users\vamsh\Desktop\MasterClass\MicroMini2\Category)
2026-09-21 02:00:40 INFO  [restartedMain] - No active profile set, falling back to 1 default profile: "default"
2026-09-21 02:00:41 INFO  [restartedMain] - Bootstrapping Spring Data JPA repositories in DEFAULT mode.
2026-09-21 02:00:41 INFO  [restartedMain] - Finished Spring Data repository scanning in 21 ms. Found 2 JPA repository interfaces.
2026-09-21 02:00:41 INFO  [restartedMain] - Tomcat initialized with port 8080 (http)
2026-09-21 02:00:41 INFO  [restartedMain] - Starting service [Tomcat]
2026-09-21 02:00:41 INFO  [restartedMain] - Starting Servlet engine: [Apache Tomcat/11.0.24]
2026-09-21 02:00:41 INFO  [restartedMain] - Root WebApplicationContext: initialization completed in 669 ms
2026-09-21 02:00:41 INFO  [restartedMain] - HHH008540: Processing PersistenceUnitInfo [name: default]
2026-09-21 02:00:41 INFO  [restartedMain] - No LoadTimeWeaver setup: ignoring JPA class transformer
2026-09-21 02:00:41 INFO  [restartedMain] - HikariPool-49 - Starting...
2026-09-21 02:00:41 INFO  [restartedMain] - HikariPool-49 - Added connection conn466: url=jdbc:h2:mem:testdb user=SA
2026-09-21 02:00:41 INFO  [restartedMain] - HikariPool-49 - Start completed.
2026-09-21 02:00:41 INFO  [restartedMain] - HHH10001005: Database info:
	Database JDBC URL [jdbc:h2:mem:testdb]
	Database driver: H2 JDBC Driver
	Database dialect: H2Dialect
	Database version: 2.4.240
	Default catalog/schema: TESTDB/PUBLIC
	Autocommit mode: undefined/unknown
	Isolation level: READ_COMMITTED [default READ_COMMITTED]
	JDBC fetch size: 100
	Pool: DataSourceConnectionProvider
	Minimum pool size: undefined/unknown
	Maximum pool size: undefined/unknown
2026-09-21 02:00:41 INFO  [restartedMain] - HHH000489: No JTA platform available (set 'hibernate.transaction.jta.platform' to enable JTA platform integration)
2026-09-21 02:00:41 INFO  [restartedMain] - Initialized JPA EntityManagerFactory for persistence unit 'default'
2026-09-21 02:00:41 WARN  [restartedMain] - spring.jpa.open-in-view is enabled by default. Therefore, database queries may be performed during view rendering. Explicitly configure spring.jpa.open-in-view to disable this warning
2026-09-21 02:00:42 INFO  [restartedMain] - H2 console available at '/h2-console'. Database available at 'jdbc:h2:mem:testdb'
2026-09-21 02:00:42 INFO  [restartedMain] - Tomcat started on port 8080 (http) with context path '/'
2026-09-21 02:00:42 INFO  [restartedMain] - Started CategoryApplication in 1.553 seconds (process running for 3284.815)
2026-09-21 02:00:42 WARN  [restartedMain] - SpringDoc /v3/api-docs endpoint is enabled by default. To disable it in production, set the property 'springdoc.api-docs.enabled=false'
2026-09-21 02:00:42 WARN  [restartedMain] - SpringDoc /swagger-ui.html endpoint is enabled by default. To disable it in production, set the property 'springdoc.swagger-ui.enabled=false'
2026-09-21 02:00:42 INFO  [restartedMain] - Condition evaluation unchanged
2026-09-21 02:00:44 INFO  [File Watcher] - Restarting due to 1 class path change (1 addition, 0 deletions, 0 modifications)
2026-09-21 02:00:44 INFO  [Thread-192] - Commencing graceful shutdown. Waiting for active requests to complete
2026-09-21 02:00:44 INFO  [tomcat-shutdown] - Graceful shutdown complete
2026-09-21 02:00:44 INFO  [Thread-192] - Closing JPA EntityManagerFactory for persistence unit 'default'
2026-09-21 02:00:44 WARN  [Thread-192] - Invocation of destroy method failed on bean with name 'inMemoryDatabaseShutdownExecutor': org.h2.jdbc.JdbcSQLNonTransientConnectionException: Database is already closed (to disable automatic closing at VM shutdown, add ";DB_CLOSE_ON_EXIT=FALSE" to the db URL) [90121-240]
2026-09-21 02:00:44 INFO  [Thread-192] - HikariPool-49 - Shutdown initiated...
2026-09-21 02:00:44 INFO  [Thread-192] - HikariPool-49 - Shutdown completed.
2026-09-21 02:00:44 INFO  [restartedMain] - Starting CategoryApplication using Java 21.0.11 with PID 11436 (C:\Users\vamsh\Desktop\MasterClass\MicroMini2\Category\target\classes started by vamsh in C:\Users\vamsh\Desktop\MasterClass\MicroMini2\Category)
2026-09-21 02:00:44 INFO  [restartedMain] - No active profile set, falling back to 1 default profile: "default"
2026-09-21 02:00:44 INFO  [restartedMain] - Bootstrapping Spring Data JPA repositories in DEFAULT mode.
2026-09-21 02:00:44 INFO  [restartedMain] - Finished Spring Data repository scanning in 5 ms. Found 2 JPA repository interfaces.
2026-09-21 02:00:44 INFO  [restartedMain] - Tomcat initialized with port 8080 (http)
2026-09-21 02:00:44 INFO  [restartedMain] - Starting service [Tomcat]
2026-09-21 02:00:44 INFO  [restartedMain] - Starting Servlet engine: [Apache Tomcat/11.0.24]
2026-09-21 02:00:44 INFO  [restartedMain] - Root WebApplicationContext: initialization completed in 200 ms
2026-09-21 02:00:44 INFO  [restartedMain] - HHH008540: Processing PersistenceUnitInfo [name: default]
2026-09-21 02:00:44 INFO  [restartedMain] - No LoadTimeWeaver setup: ignoring JPA class transformer
2026-09-21 02:00:44 INFO  [restartedMain] - HikariPool-50 - Starting...
2026-09-21 02:00:44 INFO  [restartedMain] - HikariPool-50 - Added connection conn476: url=jdbc:h2:mem:testdb user=SA
2026-09-21 02:00:44 INFO  [restartedMain] - HikariPool-50 - Start completed.
2026-09-21 02:00:44 INFO  [restartedMain] - HHH10001005: Database info:
	Database JDBC URL [jdbc:h2:mem:testdb]
	Database driver: H2 JDBC Driver
	Database dialect: H2Dialect
	Database version: 2.4.240
	Default catalog/schema: TESTDB/PUBLIC
	Autocommit mode: undefined/unknown
	Isolation level: READ_COMMITTED [default READ_COMMITTED]
	JDBC fetch size: 100
	Pool: DataSourceConnectionProvider
	Minimum pool size: undefined/unknown
	Maximum pool size: undefined/unknown
2026-09-21 02:00:45 INFO  [restartedMain] - HHH000489: No JTA platform available (set 'hibernate.transaction.jta.platform' to enable JTA platform integration)
2026-09-21 02:00:45 INFO  [restartedMain] - Initialized JPA EntityManagerFactory for persistence unit 'default'
2026-09-21 02:00:45 WARN  [restartedMain] - spring.jpa.open-in-view is enabled by default. Therefore, database queries may be performed during view rendering. Explicitly configure spring.jpa.open-in-view to disable this warning
2026-09-21 02:00:45 INFO  [restartedMain] - H2 console available at '/h2-console'. Database available at 'jdbc:h2:mem:testdb'
2026-09-21 02:00:45 INFO  [restartedMain] - Tomcat started on port 8080 (http) with context path '/'
2026-09-21 02:00:45 INFO  [restartedMain] - Started CategoryApplication in 0.448 seconds (process running for 3287.798)
2026-09-21 02:00:45 WARN  [restartedMain] - SpringDoc /v3/api-docs endpoint is enabled by default. To disable it in production, set the property 'springdoc.api-docs.enabled=false'
2026-09-21 02:00:45 WARN  [restartedMain] - SpringDoc /swagger-ui.html endpoint is enabled by default. To disable it in production, set the property 'springdoc.swagger-ui.enabled=false'
2026-09-21 02:00:45 INFO  [restartedMain] - Condition evaluation unchanged
2026-09-21 02:01:13 INFO  [File Watcher] - Restarting due to 1 class path change (0 additions, 1 deletion, 0 modifications)
2026-09-21 02:01:13 INFO  [Thread-196] - Commencing graceful shutdown. Waiting for active requests to complete
2026-09-21 02:01:13 INFO  [tomcat-shutdown] - Graceful shutdown complete
2026-09-21 02:01:13 INFO  [Thread-196] - Closing JPA EntityManagerFactory for persistence unit 'default'
2026-09-21 02:01:13 WARN  [Thread-196] - Invocation of destroy method failed on bean with name 'inMemoryDatabaseShutdownExecutor': org.h2.jdbc.JdbcSQLNonTransientConnectionException: Database is already closed (to disable automatic closing at VM shutdown, add ";DB_CLOSE_ON_EXIT=FALSE" to the db URL) [90121-240]
2026-09-21 02:01:13 INFO  [Thread-196] - HikariPool-50 - Shutdown initiated...
2026-09-21 02:01:13 INFO  [Thread-196] - HikariPool-50 - Shutdown completed.
2026-09-21 02:01:13 INFO  [restartedMain] - Starting CategoryApplication using Java 21.0.11 with PID 11436 (C:\Users\vamsh\Desktop\MasterClass\MicroMini2\Category\target\classes started by vamsh in C:\Users\vamsh\Desktop\MasterClass\MicroMini2\Category)
2026-09-21 02:01:13 INFO  [restartedMain] - No active profile set, falling back to 1 default profile: "default"
2026-09-21 02:01:13 INFO  [restartedMain] - Bootstrapping Spring Data JPA repositories in DEFAULT mode.
2026-09-21 02:01:13 INFO  [restartedMain] - Finished Spring Data repository scanning in 17 ms. Found 2 JPA repository interfaces.
2026-09-21 02:01:14 INFO  [restartedMain] - Tomcat initialized with port 8080 (http)
2026-09-21 02:01:14 INFO  [restartedMain] - Starting service [Tomcat]
2026-09-21 02:01:14 INFO  [restartedMain] - Starting Servlet engine: [Apache Tomcat/11.0.24]
2026-09-21 02:01:14 INFO  [restartedMain] - Root WebApplicationContext: initialization completed in 603 ms
2026-09-21 02:01:14 INFO  [restartedMain] - HHH008540: Processing PersistenceUnitInfo [name: default]
2026-09-21 02:01:14 INFO  [restartedMain] - No LoadTimeWeaver setup: ignoring JPA class transformer
2026-09-21 02:01:14 INFO  [restartedMain] - HikariPool-51 - Starting...
2026-09-21 02:01:14 INFO  [restartedMain] - HikariPool-51 - Added connection conn486: url=jdbc:h2:mem:testdb user=SA
2026-09-21 02:01:14 INFO  [restartedMain] - HikariPool-51 - Start completed.
2026-09-21 02:01:14 INFO  [restartedMain] - HHH10001005: Database info:
	Database JDBC URL [jdbc:h2:mem:testdb]
	Database driver: H2 JDBC Driver
	Database dialect: H2Dialect
	Database version: 2.4.240
	Default catalog/schema: TESTDB/PUBLIC
	Autocommit mode: undefined/unknown
	Isolation level: READ_COMMITTED [default READ_COMMITTED]
	JDBC fetch size: 100
	Pool: DataSourceConnectionProvider
	Minimum pool size: undefined/unknown
	Maximum pool size: undefined/unknown
2026-09-21 02:01:14 INFO  [restartedMain] - HHH000489: No JTA platform available (set 'hibernate.transaction.jta.platform' to enable JTA platform integration)
2026-09-21 02:01:14 INFO  [restartedMain] - Initialized JPA EntityManagerFactory for persistence unit 'default'
2026-09-21 02:01:14 WARN  [restartedMain] - spring.jpa.open-in-view is enabled by default. Therefore, database queries may be performed during view rendering. Explicitly configure spring.jpa.open-in-view to disable this warning
2026-09-21 02:01:14 INFO  [restartedMain] - H2 console available at '/h2-console'. Database available at 'jdbc:h2:mem:testdb'
2026-09-21 02:01:14 INFO  [restartedMain] - Tomcat started on port 8080 (http) with context path '/'
2026-09-21 02:01:14 INFO  [restartedMain] - Started CategoryApplication in 1.429 seconds (process running for 3317.468)
2026-09-21 02:01:14 WARN  [restartedMain] - SpringDoc /v3/api-docs endpoint is enabled by default. To disable it in production, set the property 'springdoc.api-docs.enabled=false'
2026-09-21 02:01:14 WARN  [restartedMain] - SpringDoc /swagger-ui.html endpoint is enabled by default. To disable it in production, set the property 'springdoc.swagger-ui.enabled=false'
2026-09-21 02:01:14 INFO  [restartedMain] - Condition evaluation unchanged
2026-09-21 02:01:17 INFO  [File Watcher] - Restarting due to 1 class path change (1 addition, 0 deletions, 0 modifications)
2026-09-21 02:01:17 INFO  [Thread-200] - Commencing graceful shutdown. Waiting for active requests to complete
2026-09-21 02:01:17 INFO  [tomcat-shutdown] - Graceful shutdown complete
2026-09-21 02:01:17 INFO  [Thread-200] - Closing JPA EntityManagerFactory for persistence unit 'default'
2026-09-21 02:01:17 WARN  [Thread-200] - Invocation of destroy method failed on bean with name 'inMemoryDatabaseShutdownExecutor': org.h2.jdbc.JdbcSQLNonTransientConnectionException: Database is already closed (to disable automatic closing at VM shutdown, add ";DB_CLOSE_ON_EXIT=FALSE" to the db URL) [90121-240]
2026-09-21 02:01:17 INFO  [Thread-200] - HikariPool-51 - Shutdown initiated...
2026-09-21 02:01:17 INFO  [Thread-200] - HikariPool-51 - Shutdown completed.
2026-09-21 02:01:17 INFO  [restartedMain] - Starting CategoryApplication using Java 21.0.11 with PID 11436 (C:\Users\vamsh\Desktop\MasterClass\MicroMini2\Category\target\classes started by vamsh in C:\Users\vamsh\Desktop\MasterClass\MicroMini2\Category)
2026-09-21 02:01:17 INFO  [restartedMain] - No active profile set, falling back to 1 default profile: "default"
2026-09-21 02:01:17 INFO  [restartedMain] - Bootstrapping Spring Data JPA repositories in DEFAULT mode.
2026-09-21 02:01:17 INFO  [restartedMain] - Finished Spring Data repository scanning in 5 ms. Found 2 JPA repository interfaces.
2026-09-21 02:01:17 INFO  [restartedMain] - Tomcat initialized with port 8080 (http)
2026-09-21 02:01:17 INFO  [restartedMain] - Starting service [Tomcat]
2026-09-21 02:01:17 INFO  [restartedMain] - Starting Servlet engine: [Apache Tomcat/11.0.24]
2026-09-21 02:01:17 INFO  [restartedMain] - Root WebApplicationContext: initialization completed in 183 ms
2026-09-21 02:01:17 INFO  [restartedMain] - HHH008540: Processing PersistenceUnitInfo [name: default]
2026-09-21 02:01:17 INFO  [restartedMain] - No LoadTimeWeaver setup: ignoring JPA class transformer
2026-09-21 02:01:17 INFO  [restartedMain] - HikariPool-52 - Starting...
2026-09-21 02:01:17 INFO  [restartedMain] - HikariPool-52 - Added connection conn496: url=jdbc:h2:mem:testdb user=SA
2026-09-21 02:01:17 INFO  [restartedMain] - HikariPool-52 - Start completed.
2026-09-21 02:01:17 INFO  [restartedMain] - HHH10001005: Database info:
	Database JDBC URL [jdbc:h2:mem:testdb]
	Database driver: H2 JDBC Driver
	Database dialect: H2Dialect
	Database version: 2.4.240
	Default catalog/schema: TESTDB/PUBLIC
	Autocommit mode: undefined/unknown
	Isolation level: READ_COMMITTED [default READ_COMMITTED]
	JDBC fetch size: 100
	Pool: DataSourceConnectionProvider
	Minimum pool size: undefined/unknown
	Maximum pool size: undefined/unknown
2026-09-21 02:01:17 INFO  [restartedMain] - HHH000489: No JTA platform available (set 'hibernate.transaction.jta.platform' to enable JTA platform integration)
2026-09-21 02:01:17 INFO  [restartedMain] - Initialized JPA EntityManagerFactory for persistence unit 'default'
2026-09-21 02:01:17 WARN  [restartedMain] - spring.jpa.open-in-view is enabled by default. Therefore, database queries may be performed during view rendering. Explicitly configure spring.jpa.open-in-view to disable this warning
2026-09-21 02:01:17 INFO  [restartedMain] - H2 console available at '/h2-console'. Database available at 'jdbc:h2:mem:testdb'
2026-09-21 02:01:18 INFO  [restartedMain] - Tomcat started on port 8080 (http) with context path '/'
2026-09-21 02:01:18 INFO  [restartedMain] - Started CategoryApplication in 0.733 seconds (process running for 3320.669)
2026-09-21 02:01:18 WARN  [restartedMain] - SpringDoc /v3/api-docs endpoint is enabled by default. To disable it in production, set the property 'springdoc.api-docs.enabled=false'
2026-09-21 02:01:18 WARN  [restartedMain] - SpringDoc /swagger-ui.html endpoint is enabled by default. To disable it in production, set the property 'springdoc.swagger-ui.enabled=false'
2026-09-21 02:01:18 INFO  [restartedMain] - Condition evaluation unchanged
2026-09-21 02:01:51 INFO  [File Watcher] - Restarting due to 1 class path change (0 additions, 1 deletion, 0 modifications)
2026-09-21 02:01:51 INFO  [Thread-204] - Commencing graceful shutdown. Waiting for active requests to complete
2026-09-21 02:01:51 INFO  [tomcat-shutdown] - Graceful shutdown complete
2026-09-21 02:01:51 INFO  [Thread-204] - Closing JPA EntityManagerFactory for persistence unit 'default'
2026-09-21 02:01:51 WARN  [Thread-204] - Invocation of destroy method failed on bean with name 'inMemoryDatabaseShutdownExecutor': org.h2.jdbc.JdbcSQLNonTransientConnectionException: Database is already closed (to disable automatic closing at VM shutdown, add ";DB_CLOSE_ON_EXIT=FALSE" to the db URL) [90121-240]
2026-09-21 02:01:51 INFO  [Thread-204] - HikariPool-52 - Shutdown initiated...
2026-09-21 02:01:51 INFO  [Thread-204] - HikariPool-52 - Shutdown completed.
2026-09-21 02:01:51 INFO  [restartedMain] - Starting CategoryApplication using Java 21.0.11 with PID 11436 (C:\Users\vamsh\Desktop\MasterClass\MicroMini2\Category\target\classes started by vamsh in C:\Users\vamsh\Desktop\MasterClass\MicroMini2\Category)
2026-09-21 02:01:51 INFO  [restartedMain] - No active profile set, falling back to 1 default profile: "default"
2026-09-21 02:01:51 INFO  [restartedMain] - Bootstrapping Spring Data JPA repositories in DEFAULT mode.
2026-09-21 02:01:51 INFO  [restartedMain] - Finished Spring Data repository scanning in 28 ms. Found 2 JPA repository interfaces.
2026-09-21 02:01:52 INFO  [restartedMain] - Tomcat initialized with port 8080 (http)
2026-09-21 02:01:52 INFO  [restartedMain] - Starting service [Tomcat]
2026-09-21 02:01:52 INFO  [restartedMain] - Starting Servlet engine: [Apache Tomcat/11.0.24]
2026-09-21 02:01:52 INFO  [restartedMain] - Root WebApplicationContext: initialization completed in 739 ms
2026-09-21 02:01:52 INFO  [restartedMain] - HHH008540: Processing PersistenceUnitInfo [name: default]
2026-09-21 02:01:52 INFO  [restartedMain] - No LoadTimeWeaver setup: ignoring JPA class transformer
2026-09-21 02:01:52 INFO  [restartedMain] - HikariPool-53 - Starting...
2026-09-21 02:01:52 INFO  [restartedMain] - HikariPool-53 - Added connection conn506: url=jdbc:h2:mem:testdb user=SA
2026-09-21 02:01:52 INFO  [restartedMain] - HikariPool-53 - Start completed.
2026-09-21 02:01:52 INFO  [restartedMain] - HHH10001005: Database info:
	Database JDBC URL [jdbc:h2:mem:testdb]
	Database driver: H2 JDBC Driver
	Database dialect: H2Dialect
	Database version: 2.4.240
	Default catalog/schema: TESTDB/PUBLIC
	Autocommit mode: undefined/unknown
	Isolation level: READ_COMMITTED [default READ_COMMITTED]
	JDBC fetch size: 100
	Pool: DataSourceConnectionProvider
	Minimum pool size: undefined/unknown
	Maximum pool size: undefined/unknown
2026-09-21 02:01:52 INFO  [restartedMain] - HHH000489: No JTA platform available (set 'hibernate.transaction.jta.platform' to enable JTA platform integration)
2026-09-21 02:01:52 INFO  [restartedMain] - Initialized JPA EntityManagerFactory for persistence unit 'default'
2026-09-21 02:01:52 WARN  [restartedMain] - spring.jpa.open-in-view is enabled by default. Therefore, database queries may be performed during view rendering. Explicitly configure spring.jpa.open-in-view to disable this warning
2026-09-21 02:01:52 INFO  [restartedMain] - H2 console available at '/h2-console'. Database available at 'jdbc:h2:mem:testdb'
2026-09-21 02:01:52 INFO  [restartedMain] - Tomcat started on port 8080 (http) with context path '/'
2026-09-21 02:01:52 INFO  [restartedMain] - Started CategoryApplication in 1.615 seconds (process running for 3355.644)
2026-09-21 02:01:53 WARN  [restartedMain] - SpringDoc /v3/api-docs endpoint is enabled by default. To disable it in production, set the property 'springdoc.api-docs.enabled=false'
2026-09-21 02:01:53 WARN  [restartedMain] - SpringDoc /swagger-ui.html endpoint is enabled by default. To disable it in production, set the property 'springdoc.swagger-ui.enabled=false'
2026-09-21 02:01:53 INFO  [restartedMain] - Condition evaluation unchanged
2026-09-21 02:01:54 INFO  [File Watcher] - Restarting due to 1 class path change (1 addition, 0 deletions, 0 modifications)
2026-09-21 02:01:54 INFO  [Thread-208] - Commencing graceful shutdown. Waiting for active requests to complete
2026-09-21 02:01:54 INFO  [tomcat-shutdown] - Graceful shutdown complete
2026-09-21 02:01:54 INFO  [Thread-208] - Closing JPA EntityManagerFactory for persistence unit 'default'
2026-09-21 02:01:54 WARN  [Thread-208] - Invocation of destroy method failed on bean with name 'inMemoryDatabaseShutdownExecutor': org.h2.jdbc.JdbcSQLNonTransientConnectionException: Database is already closed (to disable automatic closing at VM shutdown, add ";DB_CLOSE_ON_EXIT=FALSE" to the db URL) [90121-240]
2026-09-21 02:01:54 INFO  [Thread-208] - HikariPool-53 - Shutdown initiated...
2026-09-21 02:01:54 INFO  [Thread-208] - HikariPool-53 - Shutdown completed.
2026-09-21 02:01:54 INFO  [restartedMain] - Starting CategoryApplication using Java 21.0.11 with PID 11436 (C:\Users\vamsh\Desktop\MasterClass\MicroMini2\Category\target\classes started by vamsh in C:\Users\vamsh\Desktop\MasterClass\MicroMini2\Category)
2026-09-21 02:01:54 INFO  [restartedMain] - No active profile set, falling back to 1 default profile: "default"
2026-09-21 02:01:54 INFO  [restartedMain] - Bootstrapping Spring Data JPA repositories in DEFAULT mode.
2026-09-21 02:01:54 INFO  [restartedMain] - Finished Spring Data repository scanning in 5 ms. Found 2 JPA repository interfaces.
2026-09-21 02:01:54 INFO  [restartedMain] - Tomcat initialized with port 8080 (http)
2026-09-21 02:01:54 INFO  [restartedMain] - Starting service [Tomcat]
2026-09-21 02:01:54 INFO  [restartedMain] - Starting Servlet engine: [Apache Tomcat/11.0.24]
2026-09-21 02:01:54 INFO  [restartedMain] - Root WebApplicationContext: initialization completed in 180 ms
2026-09-21 02:01:54 INFO  [restartedMain] - HHH008540: Processing PersistenceUnitInfo [name: default]
2026-09-21 02:01:54 INFO  [restartedMain] - No LoadTimeWeaver setup: ignoring JPA class transformer
2026-09-21 02:01:54 INFO  [restartedMain] - HikariPool-54 - Starting...
2026-09-21 02:01:54 INFO  [restartedMain] - HikariPool-54 - Added connection conn516: url=jdbc:h2:mem:testdb user=SA
2026-09-21 02:01:54 INFO  [restartedMain] - HikariPool-54 - Start completed.
2026-09-21 02:01:54 INFO  [restartedMain] - HHH10001005: Database info:
	Database JDBC URL [jdbc:h2:mem:testdb]
	Database driver: H2 JDBC Driver
	Database dialect: H2Dialect
	Database version: 2.4.240
	Default catalog/schema: TESTDB/PUBLIC
	Autocommit mode: undefined/unknown
	Isolation level: READ_COMMITTED [default READ_COMMITTED]
	JDBC fetch size: 100
	Pool: DataSourceConnectionProvider
	Minimum pool size: undefined/unknown
	Maximum pool size: undefined/unknown
2026-09-21 02:01:54 INFO  [restartedMain] - HHH000489: No JTA platform available (set 'hibernate.transaction.jta.platform' to enable JTA platform integration)
2026-09-21 02:01:54 INFO  [restartedMain] - Initialized JPA EntityManagerFactory for persistence unit 'default'
2026-09-21 02:01:54 WARN  [restartedMain] - spring.jpa.open-in-view is enabled by default. Therefore, database queries may be performed during view rendering. Explicitly configure spring.jpa.open-in-view to disable this warning
2026-09-21 02:01:54 INFO  [restartedMain] - H2 console available at '/h2-console'. Database available at 'jdbc:h2:mem:testdb'
2026-09-21 02:01:54 INFO  [restartedMain] - Tomcat started on port 8080 (http) with context path '/'
2026-09-21 02:01:54 INFO  [restartedMain] - Started CategoryApplication in 0.387 seconds (process running for 3357.477)
2026-09-21 02:01:54 WARN  [restartedMain] - SpringDoc /v3/api-docs endpoint is enabled by default. To disable it in production, set the property 'springdoc.api-docs.enabled=false'
2026-09-21 02:01:54 WARN  [restartedMain] - SpringDoc /swagger-ui.html endpoint is enabled by default. To disable it in production, set the property 'springdoc.swagger-ui.enabled=false'
2026-09-21 02:01:54 INFO  [restartedMain] - Condition evaluation unchanged
2026-09-21 02:06:26 INFO  [File Watcher] - Restarting due to 1 class path change (0 additions, 1 deletion, 0 modifications)
2026-09-21 02:06:26 INFO  [Thread-212] - Commencing graceful shutdown. Waiting for active requests to complete
2026-09-21 02:06:26 INFO  [tomcat-shutdown] - Graceful shutdown complete
2026-09-21 02:06:26 INFO  [Thread-212] - Closing JPA EntityManagerFactory for persistence unit 'default'
2026-09-21 02:06:26 WARN  [Thread-212] - Invocation of destroy method failed on bean with name 'inMemoryDatabaseShutdownExecutor': org.h2.jdbc.JdbcSQLNonTransientConnectionException: Database is already closed (to disable automatic closing at VM shutdown, add ";DB_CLOSE_ON_EXIT=FALSE" to the db URL) [90121-240]
2026-09-21 02:06:26 INFO  [Thread-212] - HikariPool-54 - Shutdown initiated...
2026-09-21 02:06:26 INFO  [Thread-212] - HikariPool-54 - Shutdown completed.
2026-09-21 02:06:26 INFO  [restartedMain] - Starting CategoryApplication using Java 21.0.11 with PID 11436 (C:\Users\vamsh\Desktop\MasterClass\MicroMini2\Category\target\classes started by vamsh in C:\Users\vamsh\Desktop\MasterClass\MicroMini2\Category)
2026-09-21 02:06:26 INFO  [restartedMain] - No active profile set, falling back to 1 default profile: "default"
2026-09-21 02:06:26 INFO  [restartedMain] - Bootstrapping Spring Data JPA repositories in DEFAULT mode.
2026-09-21 02:06:26 INFO  [restartedMain] - Finished Spring Data repository scanning in 12 ms. Found 2 JPA repository interfaces.
2026-09-21 02:06:27 INFO  [restartedMain] - Tomcat initialized with port 8080 (http)
2026-09-21 02:06:27 INFO  [restartedMain] - Starting service [Tomcat]
2026-09-21 02:06:27 INFO  [restartedMain] - Starting Servlet engine: [Apache Tomcat/11.0.24]
2026-09-21 02:06:27 INFO  [restartedMain] - Root WebApplicationContext: initialization completed in 641 ms
2026-09-21 02:06:27 INFO  [restartedMain] - HHH008540: Processing PersistenceUnitInfo [name: default]
2026-09-21 02:06:27 INFO  [restartedMain] - No LoadTimeWeaver setup: ignoring JPA class transformer
2026-09-21 02:06:27 INFO  [restartedMain] - HikariPool-55 - Starting...
2026-09-21 02:06:27 INFO  [restartedMain] - HikariPool-55 - Added connection conn526: url=jdbc:h2:mem:testdb user=SA
2026-09-21 02:06:27 INFO  [restartedMain] - HikariPool-55 - Start completed.
2026-09-21 02:06:27 INFO  [restartedMain] - HHH10001005: Database info:
	Database JDBC URL [jdbc:h2:mem:testdb]
	Database driver: H2 JDBC Driver
	Database dialect: H2Dialect
	Database version: 2.4.240
	Default catalog/schema: TESTDB/PUBLIC
	Autocommit mode: undefined/unknown
	Isolation level: READ_COMMITTED [default READ_COMMITTED]
	JDBC fetch size: 100
	Pool: DataSourceConnectionProvider
	Minimum pool size: undefined/unknown
	Maximum pool size: undefined/unknown
2026-09-21 02:06:27 INFO  [restartedMain] - HHH000489: No JTA platform available (set 'hibernate.transaction.jta.platform' to enable JTA platform integration)
2026-09-21 02:06:27 INFO  [restartedMain] - Initialized JPA EntityManagerFactory for persistence unit 'default'
2026-09-21 02:06:27 WARN  [restartedMain] - spring.jpa.open-in-view is enabled by default. Therefore, database queries may be performed during view rendering. Explicitly configure spring.jpa.open-in-view to disable this warning
2026-09-21 02:06:27 INFO  [restartedMain] - H2 console available at '/h2-console'. Database available at 'jdbc:h2:mem:testdb'
2026-09-21 02:06:27 INFO  [restartedMain] - Tomcat started on port 8080 (http) with context path '/'
2026-09-21 02:06:27 INFO  [restartedMain] - Started CategoryApplication in 1.487 seconds (process running for 3630.634)
2026-09-21 02:06:27 WARN  [restartedMain] - SpringDoc /v3/api-docs endpoint is enabled by default. To disable it in production, set the property 'springdoc.api-docs.enabled=false'
2026-09-21 02:06:27 WARN  [restartedMain] - SpringDoc /swagger-ui.html endpoint is enabled by default. To disable it in production, set the property 'springdoc.swagger-ui.enabled=false'
2026-09-21 02:06:27 INFO  [restartedMain] - Condition evaluation unchanged
2026-09-21 02:06:29 INFO  [File Watcher] - Restarting due to 1 class path change (1 addition, 0 deletions, 0 modifications)
2026-09-21 02:06:29 INFO  [Thread-216] - Commencing graceful shutdown. Waiting for active requests to complete
2026-09-21 02:06:29 INFO  [tomcat-shutdown] - Graceful shutdown complete
2026-09-21 02:06:29 INFO  [Thread-216] - Closing JPA EntityManagerFactory for persistence unit 'default'
2026-09-21 02:06:29 WARN  [Thread-216] - Invocation of destroy method failed on bean with name 'inMemoryDatabaseShutdownExecutor': org.h2.jdbc.JdbcSQLNonTransientConnectionException: Database is already closed (to disable automatic closing at VM shutdown, add ";DB_CLOSE_ON_EXIT=FALSE" to the db URL) [90121-240]
2026-09-21 02:06:29 INFO  [Thread-216] - HikariPool-55 - Shutdown initiated...
2026-09-21 02:06:29 INFO  [Thread-216] - HikariPool-55 - Shutdown completed.
2026-09-21 02:06:29 INFO  [restartedMain] - Starting CategoryApplication using Java 21.0.11 with PID 11436 (C:\Users\vamsh\Desktop\MasterClass\MicroMini2\Category\target\classes started by vamsh in C:\Users\vamsh\Desktop\MasterClass\MicroMini2\Category)
2026-09-21 02:06:29 INFO  [restartedMain] - No active profile set, falling back to 1 default profile: "default"
2026-09-21 02:06:29 INFO  [restartedMain] - Bootstrapping Spring Data JPA repositories in DEFAULT mode.
2026-09-21 02:06:29 INFO  [restartedMain] - Finished Spring Data repository scanning in 9 ms. Found 2 JPA repository interfaces.
2026-09-21 02:06:29 INFO  [restartedMain] - Tomcat initialized with port 8080 (http)
2026-09-21 02:06:29 INFO  [restartedMain] - Starting service [Tomcat]
2026-09-21 02:06:29 INFO  [restartedMain] - Starting Servlet engine: [Apache Tomcat/11.0.24]
2026-09-21 02:06:29 INFO  [restartedMain] - Root WebApplicationContext: initialization completed in 214 ms
2026-09-21 02:06:29 INFO  [restartedMain] - HHH008540: Processing PersistenceUnitInfo [name: default]
2026-09-21 02:06:29 INFO  [restartedMain] - No LoadTimeWeaver setup: ignoring JPA class transformer
2026-09-21 02:06:29 INFO  [restartedMain] - HikariPool-56 - Starting...
2026-09-21 02:06:29 INFO  [restartedMain] - HikariPool-56 - Added connection conn536: url=jdbc:h2:mem:testdb user=SA
2026-09-21 02:06:29 INFO  [restartedMain] - HikariPool-56 - Start completed.
2026-09-21 02:06:29 INFO  [restartedMain] - HHH10001005: Database info:
	Database JDBC URL [jdbc:h2:mem:testdb]
	Database driver: H2 JDBC Driver
	Database dialect: H2Dialect
	Database version: 2.4.240
	Default catalog/schema: TESTDB/PUBLIC
	Autocommit mode: undefined/unknown
	Isolation level: READ_COMMITTED [default READ_COMMITTED]
	JDBC fetch size: 100
	Pool: DataSourceConnectionProvider
	Minimum pool size: undefined/unknown
	Maximum pool size: undefined/unknown
2026-09-21 02:06:29 INFO  [restartedMain] - HHH000489: No JTA platform available (set 'hibernate.transaction.jta.platform' to enable JTA platform integration)
2026-09-21 02:06:29 INFO  [restartedMain] - Initialized JPA EntityManagerFactory for persistence unit 'default'
2026-09-21 02:06:30 WARN  [restartedMain] - spring.jpa.open-in-view is enabled by default. Therefore, database queries may be performed during view rendering. Explicitly configure spring.jpa.open-in-view to disable this warning
2026-09-21 02:06:30 INFO  [restartedMain] - H2 console available at '/h2-console'. Database available at 'jdbc:h2:mem:testdb'
2026-09-21 02:06:30 INFO  [restartedMain] - Tomcat started on port 8080 (http) with context path '/'
2026-09-21 02:06:30 INFO  [restartedMain] - Started CategoryApplication in 0.724 seconds (process running for 3632.852)
2026-09-21 02:06:30 WARN  [restartedMain] - SpringDoc /v3/api-docs endpoint is enabled by default. To disable it in production, set the property 'springdoc.api-docs.enabled=false'
2026-09-21 02:06:30 WARN  [restartedMain] - SpringDoc /swagger-ui.html endpoint is enabled by default. To disable it in production, set the property 'springdoc.swagger-ui.enabled=false'
2026-09-21 02:06:30 INFO  [restartedMain] - Condition evaluation unchanged
2026-09-21 02:07:59 INFO  [http-nio-8080-exec-1] - Initializing Spring DispatcherServlet 'dispatcherServlet'
2026-09-21 02:07:59 INFO  [http-nio-8080-exec-1] - Initializing Servlet 'dispatcherServlet'
2026-09-21 02:07:59 INFO  [http-nio-8080-exec-1] - Completed initialization in 4 ms
2026-09-21 02:07:59 WARN  [http-nio-8080-exec-1] - Json Processing Exception occurred: Cannot construct instance of `java.util.HashSet` (although at least one Creator exists): no String-argument constructor/factory method to deserialize from String value ('string')
 at [Source: REDACTED (`StreamReadFeature.INCLUDE_SOURCE_IN_LOCATION` disabled); line: 1, column: 9] (through reference chain: io.swagger.v3.oas.models.media.JsonSchema["type"])
2026-09-21 02:07:59 INFO  [http-nio-8080-exec-1] - Init duration for springdoc-openapi is: 558 ms
2026-09-21 02:08:06 WARN  [http-nio-8080-exec-3] - Resolved [com.miniproject.category.exception.NoResourceFoundException: No Category exists with id :1]
2026-09-21 02:08:19 INFO  [SpringApplicationShutdownHook] - Commencing graceful shutdown. Waiting for active requests to complete
2026-09-21 02:08:19 INFO  [tomcat-shutdown] - Graceful shutdown complete
2026-09-21 02:08:19 INFO  [SpringApplicationShutdownHook] - Closing JPA EntityManagerFactory for persistence unit 'default'
2026-09-21 02:08:19 WARN  [SpringApplicationShutdownHook] - Invocation of destroy method failed on bean with name 'inMemoryDatabaseShutdownExecutor': org.h2.jdbc.JdbcSQLNonTransientConnectionException: Database is already closed (to disable automatic closing at VM shutdown, add ";DB_CLOSE_ON_EXIT=FALSE" to the db URL) [90121-240]
2026-09-21 02:08:19 INFO  [SpringApplicationShutdownHook] - HikariPool-56 - Shutdown initiated...
2026-09-21 02:08:19 INFO  [SpringApplicationShutdownHook] - HikariPool-56 - Shutdown completed.
2026-09-21 02:08:21 INFO  [restartedMain] - Starting CategoryApplication using Java 21.0.11 with PID 4468 (C:\Users\vamsh\Desktop\MasterClass\MicroMini2\Category\target\classes started by vamsh in C:\Users\vamsh\Desktop\MasterClass\MicroMini2\Category)
2026-09-21 02:08:21 INFO  [restartedMain] - No active profile set, falling back to 1 default profile: "default"
2026-09-21 02:08:21 INFO  [restartedMain] - Devtools property defaults active! Set 'spring.devtools.add-properties' to 'false' to disable
2026-09-21 02:08:21 INFO  [restartedMain] - For additional web related logging consider setting the 'logging.level.web' property to 'DEBUG'
2026-09-21 02:08:22 INFO  [restartedMain] - Bootstrapping Spring Data JPA repositories in DEFAULT mode.
2026-09-21 02:08:22 INFO  [restartedMain] - Finished Spring Data repository scanning in 70 ms. Found 2 JPA repository interfaces.
2026-09-21 02:08:22 INFO  [restartedMain] - Tomcat initialized with port 8080 (http)
2026-09-21 02:08:22 INFO  [restartedMain] - Starting service [Tomcat]
2026-09-21 02:08:22 INFO  [restartedMain] - Starting Servlet engine: [Apache Tomcat/11.0.24]
2026-09-21 02:08:22 INFO  [restartedMain] - Root WebApplicationContext: initialization completed in 1821 ms
2026-09-21 02:08:23 INFO  [restartedMain] - HHH008540: Processing PersistenceUnitInfo [name: default]
2026-09-21 02:08:23 INFO  [restartedMain] - HHH000001: Hibernate ORM core version 7.2.24.Final
2026-09-21 02:08:23 INFO  [restartedMain] - No LoadTimeWeaver setup: ignoring JPA class transformer
2026-09-21 02:08:23 INFO  [restartedMain] - HikariPool-1 - Starting...
2026-09-21 02:08:23 INFO  [restartedMain] - HikariPool-1 - Added connection conn0: url=jdbc:h2:mem:testdb user=SA
2026-09-21 02:08:23 INFO  [restartedMain] - HikariPool-1 - Start completed.
2026-09-21 02:08:24 INFO  [restartedMain] - HHH10001005: Database info:
	Database JDBC URL [jdbc:h2:mem:testdb]
	Database driver: H2 JDBC Driver
	Database dialect: H2Dialect
	Database version: 2.4.240
	Default catalog/schema: TESTDB/PUBLIC
	Autocommit mode: undefined/unknown
	Isolation level: READ_COMMITTED [default READ_COMMITTED]
	JDBC fetch size: 100
	Pool: DataSourceConnectionProvider
	Minimum pool size: undefined/unknown
	Maximum pool size: undefined/unknown
2026-09-21 02:08:25 INFO  [restartedMain] - HHH000489: No JTA platform available (set 'hibernate.transaction.jta.platform' to enable JTA platform integration)
2026-09-21 02:08:25 INFO  [restartedMain] - Initialized JPA EntityManagerFactory for persistence unit 'default'
2026-09-21 02:08:25 INFO  [restartedMain] - Hibernate is in classpath; If applicable, HQL parser will be used.
2026-09-21 02:08:25 WARN  [restartedMain] - spring.jpa.open-in-view is enabled by default. Therefore, database queries may be performed during view rendering. Explicitly configure spring.jpa.open-in-view to disable this warning
2026-09-21 02:08:26 INFO  [restartedMain] - H2 console available at '/h2-console'. Database available at 'jdbc:h2:mem:testdb'
2026-09-21 02:08:26 INFO  [restartedMain] - Tomcat started on port 8080 (http) with context path '/'
2026-09-21 02:08:26 INFO  [restartedMain] - Started CategoryApplication in 5.63 seconds (process running for 6.338)
2026-09-21 02:08:26 WARN  [restartedMain] - SpringDoc /v3/api-docs endpoint is enabled by default. To disable it in production, set the property 'springdoc.api-docs.enabled=false'
2026-09-21 02:08:26 WARN  [restartedMain] - SpringDoc /swagger-ui.html endpoint is enabled by default. To disable it in production, set the property 'springdoc.swagger-ui.enabled=false'
2026-09-21 02:08:38 INFO  [http-nio-8080-exec-1] - Initializing Spring DispatcherServlet 'dispatcherServlet'
2026-09-21 02:08:38 INFO  [http-nio-8080-exec-1] - Initializing Servlet 'dispatcherServlet'
2026-09-21 02:08:38 INFO  [http-nio-8080-exec-1] - Completed initialization in 16 ms
2026-09-21 02:08:39 WARN  [http-nio-8080-exec-4] - Json Processing Exception occurred: Cannot construct instance of `java.util.HashSet` (although at least one Creator exists): no String-argument constructor/factory method to deserialize from String value ('string')
 at [Source: REDACTED (`StreamReadFeature.INCLUDE_SOURCE_IN_LOCATION` disabled); line: 1, column: 9] (through reference chain: io.swagger.v3.oas.models.media.JsonSchema["type"])
2026-09-21 02:08:39 INFO  [http-nio-8080-exec-4] - Init duration for springdoc-openapi is: 899 ms
2026-09-21 02:09:08 WARN  [http-nio-8080-exec-5] - Resolved [com.miniproject.category.exception.NoResourceFoundException: No Category exists with id :1]
2026-09-21 02:09:33 INFO  [http-nio-8080-exec-6] - Category created successfully categoryId=1
2026-09-21 02:10:03 WARN  [http-nio-8080-exec-8] - Resolved [com.miniproject.category.exception.NoResourceFoundException: No Category exists with id :10]
2026-09-21 02:10:17 WARN  [http-nio-8080-exec-9] - Resolved [com.miniproject.category.exception.NoResourceFoundException: No Category exists with id :10]
2026-09-21 02:10:18 WARN  [http-nio-8080-exec-10] - Resolved [com.miniproject.category.exception.NoResourceFoundException: No Category exists with id :10]
2026-09-21 02:10:18 WARN  [http-nio-8080-exec-1] - Resolved [com.miniproject.category.exception.NoResourceFoundException: No Category exists with id :10]
2026-09-21 02:10:18 WARN  [http-nio-8080-exec-2] - Resolved [com.miniproject.category.exception.NoResourceFoundException: No Category exists with id :10]
2026-09-21 02:10:19 WARN  [http-nio-8080-exec-3] - Resolved [com.miniproject.category.exception.NoResourceFoundException: No Category exists with id :10]
2026-09-21 02:10:19 WARN  [http-nio-8080-exec-4] - Resolved [com.miniproject.category.exception.NoResourceFoundException: No Category exists with id :10]
2026-09-21 02:10:19 WARN  [http-nio-8080-exec-5] - Resolved [com.miniproject.category.exception.NoResourceFoundException: No Category exists with id :10]
2026-09-21 02:10:19 WARN  [http-nio-8080-exec-6] - Resolved [com.miniproject.category.exception.NoResourceFoundException: No Category exists with id :10]
2026-09-21 02:10:19 WARN  [http-nio-8080-exec-7] - Resolved [com.miniproject.category.exception.NoResourceFoundException: No Category exists with id :10]
2026-09-21 02:12:28 ERROR [http-nio-8080-exec-9] - Unexpected application error
org.springframework.http.converter.HttpMessageNotReadableException: Required request body is missing: public org.springframework.http.ResponseEntity<com.miniproject.category.dto.CategoryResponseDto> com.miniproject.category.controller.CategoryController.updateCategory(java.lang.Long,com.miniproject.category.dto.CategoryUpdateRequest)
	at org.springframework.web.servlet.mvc.method.annotation.RequestResponseBodyMethodProcessor.readWithMessageConverters(RequestResponseBodyMethodProcessor.java:184)
	at org.springframework.web.servlet.mvc.method.annotation.RequestResponseBodyMethodProcessor.resolveArgument(RequestResponseBodyMethodProcessor.java:156)
	at org.springframework.web.method.support.HandlerMethodArgumentResolverComposite.resolveArgument(HandlerMethodArgumentResolverComposite.java:122)
	at org.springframework.web.method.support.InvocableHandlerMethod.getMethodArgumentValues(InvocableHandlerMethod.java:224)
	at org.springframework.web.method.support.InvocableHandlerMethod.invokeForRequest(InvocableHandlerMethod.java:174)
	at org.springframework.web.servlet.mvc.method.annotation.ServletInvocableHandlerMethod.invokeAndHandle(ServletInvocableHandlerMethod.java:117)
	at org.springframework.web.servlet.mvc.method.annotation.RequestMappingHandlerAdapter.invokeHandlerMethod(RequestMappingHandlerAdapter.java:934)
	at org.springframework.web.servlet.mvc.method.annotation.RequestMappingHandlerAdapter.handleInternal(RequestMappingHandlerAdapter.java:853)
	at org.springframework.web.servlet.mvc.method.AbstractHandlerMethodAdapter.handle(AbstractHandlerMethodAdapter.java:86)
	at org.springframework.web.servlet.DispatcherServlet.doDispatch(DispatcherServlet.java:963)
	at org.springframework.web.servlet.DispatcherServlet.doService(DispatcherServlet.java:866)
	at org.springframework.web.servlet.FrameworkServlet.processRequest(FrameworkServlet.java:1000)
	at org.springframework.web.servlet.FrameworkServlet.service(FrameworkServlet.java:877)
	at jakarta.servlet.http.HttpServlet.service(HttpServlet.java:710)
	at org.apache.catalina.core.ApplicationFilterChain.doFilter(ApplicationFilterChain.java:132)
	at org.apache.tomcat.websocket.server.WsFilter.doFilter(WsFilter.java:59)
	at org.apache.catalina.core.ApplicationFilterChain.doFilter(ApplicationFilterChain.java:111)
	at org.springframework.web.filter.RequestContextFilter.doFilterInternal(RequestContextFilter.java:100)
	at org.springframework.web.filter.OncePerRequestFilter.doFilter(OncePerRequestFilter.java:116)
	at org.apache.catalina.core.ApplicationFilterChain.doFilter(ApplicationFilterChain.java:111)
	at org.springframework.web.filter.FormContentFilter.doFilterInternal(FormContentFilter.java:93)
	at org.springframework.web.filter.OncePerRequestFilter.doFilter(OncePerRequestFilter.java:116)
	at org.apache.catalina.core.ApplicationFilterChain.doFilter(ApplicationFilterChain.java:111)
	at org.springframework.web.filter.CharacterEncodingFilter.doFilterInternal(CharacterEncodingFilter.java:199)
	at org.springframework.web.filter.OncePerRequestFilter.doFilter(OncePerRequestFilter.java:116)
	at org.apache.catalina.core.ApplicationFilterChain.doFilter(ApplicationFilterChain.java:111)
	at org.apache.catalina.core.StandardWrapperValve.invoke(StandardWrapperValve.java:165)
	at org.apache.catalina.core.StandardContextValve.invoke(StandardContextValve.java:77)
	at org.apache.catalina.authenticator.AuthenticatorBase.invoke(AuthenticatorBase.java:535)
	at org.apache.catalina.core.StandardHostValve.invoke(StandardHostValve.java:115)
	at org.apache.catalina.valves.ErrorReportValve.invoke(ErrorReportValve.java:86)
	at org.apache.catalina.core.StandardEngineValve.invoke(StandardEngineValve.java:71)
	at org.apache.catalina.connector.CoyoteAdapter.service(CoyoteAdapter.java:347)
	at org.apache.coyote.http11.Http11Processor.service(Http11Processor.java:406)
	at org.apache.coyote.AbstractProcessorLight.process(AbstractProcessorLight.java:71)
	at org.apache.coyote.AbstractProtocol$ConnectionHandler.process(AbstractProtocol.java:1307)
	at org.apache.tomcat.util.net.NioEndpoint$SocketProcessor.doRun(NioEndpoint.java:2036)
	at org.apache.tomcat.util.net.SocketProcessorBase.run(SocketProcessorBase.java:74)
	at org.apache.tomcat.util.threads.ThreadPoolExecutor.runWorker(ThreadPoolExecutor.java:949)
	at org.apache.tomcat.util.threads.ThreadPoolExecutor$Worker.run(ThreadPoolExecutor.java:483)
	at org.apache.tomcat.util.threads.TaskThread$WrappingRunnable.run(TaskThread.java:74)
	at java.base/java.lang.Thread.run(Thread.java:1583)
2026-09-21 02:12:28 WARN  [http-nio-8080-exec-9] - Resolved [org.springframework.http.converter.HttpMessageNotReadableException: Required request body is missing: public org.springframework.http.ResponseEntity<com.miniproject.category.dto.CategoryResponseDto> com.miniproject.category.controller.CategoryController.updateCategory(java.lang.Long,com.miniproject.category.dto.CategoryUpdateRequest)]
2026-09-21 02:12:54 ERROR [http-nio-8080-exec-7] - Unexpected application error
org.springframework.http.converter.HttpMessageNotReadableException: Required request body is missing: public org.springframework.http.ResponseEntity<com.miniproject.category.dto.CategoryResponseDto> com.miniproject.category.controller.CategoryController.updateCategory(java.lang.Long,com.miniproject.category.dto.CategoryUpdateRequest)
	at org.springframework.web.servlet.mvc.method.annotation.RequestResponseBodyMethodProcessor.readWithMessageConverters(RequestResponseBodyMethodProcessor.java:184)
	at org.springframework.web.servlet.mvc.method.annotation.RequestResponseBodyMethodProcessor.resolveArgument(RequestResponseBodyMethodProcessor.java:156)
	at org.springframework.web.method.support.HandlerMethodArgumentResolverComposite.resolveArgument(HandlerMethodArgumentResolverComposite.java:122)
	at org.springframework.web.method.support.InvocableHandlerMethod.getMethodArgumentValues(InvocableHandlerMethod.java:224)
	at org.springframework.web.method.support.InvocableHandlerMethod.invokeForRequest(InvocableHandlerMethod.java:174)
	at org.springframework.web.servlet.mvc.method.annotation.ServletInvocableHandlerMethod.invokeAndHandle(ServletInvocableHandlerMethod.java:117)
	at org.springframework.web.servlet.mvc.method.annotation.RequestMappingHandlerAdapter.invokeHandlerMethod(RequestMappingHandlerAdapter.java:934)
	at org.springframework.web.servlet.mvc.method.annotation.RequestMappingHandlerAdapter.handleInternal(RequestMappingHandlerAdapter.java:853)
	at org.springframework.web.servlet.mvc.method.AbstractHandlerMethodAdapter.handle(AbstractHandlerMethodAdapter.java:86)
	at org.springframework.web.servlet.DispatcherServlet.doDispatch(DispatcherServlet.java:963)
	at org.springframework.web.servlet.DispatcherServlet.doService(DispatcherServlet.java:866)
	at org.springframework.web.servlet.FrameworkServlet.processRequest(FrameworkServlet.java:1000)
	at org.springframework.web.servlet.FrameworkServlet.service(FrameworkServlet.java:877)
	at jakarta.servlet.http.HttpServlet.service(HttpServlet.java:710)
	at org.apache.catalina.core.ApplicationFilterChain.doFilter(ApplicationFilterChain.java:132)
	at org.apache.tomcat.websocket.server.WsFilter.doFilter(WsFilter.java:59)
	at org.apache.catalina.core.ApplicationFilterChain.doFilter(ApplicationFilterChain.java:111)
	at org.springframework.web.filter.RequestContextFilter.doFilterInternal(RequestContextFilter.java:100)
	at org.springframework.web.filter.OncePerRequestFilter.doFilter(OncePerRequestFilter.java:116)
	at org.apache.catalina.core.ApplicationFilterChain.doFilter(ApplicationFilterChain.java:111)
	at org.springframework.web.filter.FormContentFilter.doFilterInternal(FormContentFilter.java:93)
	at org.springframework.web.filter.OncePerRequestFilter.doFilter(OncePerRequestFilter.java:116)
	at org.apache.catalina.core.ApplicationFilterChain.doFilter(ApplicationFilterChain.java:111)
	at org.springframework.web.filter.CharacterEncodingFilter.doFilterInternal(CharacterEncodingFilter.java:199)
	at org.springframework.web.filter.OncePerRequestFilter.doFilter(OncePerRequestFilter.java:116)
	at org.apache.catalina.core.ApplicationFilterChain.doFilter(ApplicationFilterChain.java:111)
	at org.apache.catalina.core.StandardWrapperValve.invoke(StandardWrapperValve.java:165)
	at org.apache.catalina.core.StandardContextValve.invoke(StandardContextValve.java:77)
	at org.apache.catalina.authenticator.AuthenticatorBase.invoke(AuthenticatorBase.java:535)
	at org.apache.catalina.core.StandardHostValve.invoke(StandardHostValve.java:115)
	at org.apache.catalina.valves.ErrorReportValve.invoke(ErrorReportValve.java:86)
	at org.apache.catalina.core.StandardEngineValve.invoke(StandardEngineValve.java:71)
	at org.apache.catalina.connector.CoyoteAdapter.service(CoyoteAdapter.java:347)
	at org.apache.coyote.http11.Http11Processor.service(Http11Processor.java:406)
	at org.apache.coyote.AbstractProcessorLight.process(AbstractProcessorLight.java:71)
	at org.apache.coyote.AbstractProtocol$ConnectionHandler.process(AbstractProtocol.java:1307)
	at org.apache.tomcat.util.net.NioEndpoint$SocketProcessor.doRun(NioEndpoint.java:2036)
	at org.apache.tomcat.util.net.SocketProcessorBase.run(SocketProcessorBase.java:74)
	at org.apache.tomcat.util.threads.ThreadPoolExecutor.runWorker(ThreadPoolExecutor.java:949)
	at org.apache.tomcat.util.threads.ThreadPoolExecutor$Worker.run(ThreadPoolExecutor.java:483)
	at org.apache.tomcat.util.threads.TaskThread$WrappingRunnable.run(TaskThread.java:74)
	at java.base/java.lang.Thread.run(Thread.java:1583)
2026-09-21 02:12:54 WARN  [http-nio-8080-exec-7] - Resolved [org.springframework.http.converter.HttpMessageNotReadableException: Required request body is missing: public org.springframework.http.ResponseEntity<com.miniproject.category.dto.CategoryResponseDto> com.miniproject.category.controller.CategoryController.updateCategory(java.lang.Long,com.miniproject.category.dto.CategoryUpdateRequest)]
2026-09-21 02:26:07 INFO  [File Watcher] - Restarting due to 2 class path changes (1 addition, 1 deletion, 0 modifications)
2026-09-21 02:26:07 INFO  [Thread-1] - Commencing graceful shutdown. Waiting for active requests to complete
2026-09-21 02:26:07 INFO  [tomcat-shutdown] - Graceful shutdown complete
2026-09-21 02:26:07 INFO  [Thread-1] - Closing JPA EntityManagerFactory for persistence unit 'default'
2026-09-21 02:26:07 WARN  [Thread-1] - Invocation of destroy method failed on bean with name 'inMemoryDatabaseShutdownExecutor': org.h2.jdbc.JdbcSQLNonTransientConnectionException: Database is already closed (to disable automatic closing at VM shutdown, add ";DB_CLOSE_ON_EXIT=FALSE" to the db URL) [90121-240]
2026-09-21 02:26:07 INFO  [Thread-1] - HikariPool-1 - Shutdown initiated...
2026-09-21 02:26:07 INFO  [Thread-1] - HikariPool-1 - Shutdown completed.
2026-09-21 02:26:07 ERROR [restartedMain] - Application run failed
expected '<document start>', but found '<scalar>'
 in 'reader', line 7, column 1:
    spring.h2.console.enabled=true
    ^

	at org.yaml.snakeyaml.parser.ParserImpl$ParseDocumentStart.produce(ParserImpl.java:250)
	at org.yaml.snakeyaml.parser.ParserImpl.peekEvent(ParserImpl.java:161)
	at org.yaml.snakeyaml.parser.ParserImpl.checkEvent(ParserImpl.java:152)
	at org.yaml.snakeyaml.composer.Composer.checkNode(Composer.java:115)
	at org.yaml.snakeyaml.constructor.BaseConstructor.checkData(BaseConstructor.java:150)
	at org.yaml.snakeyaml.Yaml$1.hasNext(Yaml.java:525)
	at org.springframework.beans.factory.config.YamlProcessor.process(YamlProcessor.java:203)
	at org.springframework.beans.factory.config.YamlProcessor.process(YamlProcessor.java:169)
	at org.springframework.boot.env.OriginTrackedYamlLoader.load(OriginTrackedYamlLoader.java:85)
	at org.springframework.boot.env.YamlPropertySourceLoader.load(YamlPropertySourceLoader.java:50)
	at org.springframework.boot.context.config.StandardConfigDataLoader.load(StandardConfigDataLoader.java:54)
	at org.springframework.boot.context.config.StandardConfigDataLoader.load(StandardConfigDataLoader.java:36)
	at org.springframework.boot.context.config.ConfigDataLoaders.load(ConfigDataLoaders.java:100)
	at org.springframework.boot.context.config.ConfigDataImporter.load(ConfigDataImporter.java:133)
	at org.springframework.boot.context.config.ConfigDataImporter.resolveAndLoad(ConfigDataImporter.java:88)
	at org.springframework.boot.context.config.ConfigDataEnvironmentContributors.withProcessedImports(ConfigDataEnvironmentContributors.java:130)
	at org.springframework.boot.context.config.ConfigDataEnvironment.processInitial(ConfigDataEnvironment.java:253)
	at org.springframework.boot.context.config.ConfigDataEnvironment.processAndApply(ConfigDataEnvironment.java:240)
	at org.springframework.boot.context.config.ConfigDataEnvironmentPostProcessor.postProcessEnvironment(ConfigDataEnvironmentPostProcessor.java:97)
	at org.springframework.boot.context.config.ConfigDataEnvironmentPostProcessor.postProcessEnvironment(ConfigDataEnvironmentPostProcessor.java:90)
	at org.springframework.boot.support.EnvironmentPostProcessorApplicationListener.onApplicationEnvironmentPreparedEvent(EnvironmentPostProcessorApplicationListener.java:137)
	at org.springframework.boot.support.EnvironmentPostProcessorApplicationListener.onApplicationEvent(EnvironmentPostProcessorApplicationListener.java:120)
	at org.springframework.context.event.SimpleApplicationEventMulticaster.doInvokeListener(SimpleApplicationEventMulticaster.java:180)
	at org.springframework.context.event.SimpleApplicationEventMulticaster.invokeListener(SimpleApplicationEventMulticaster.java:173)
	at org.springframework.context.event.SimpleApplicationEventMulticaster.multicastEvent(SimpleApplicationEventMulticaster.java:151)
	at org.springframework.context.event.SimpleApplicationEventMulticaster.multicastEvent(SimpleApplicationEventMulticaster.java:133)
	at org.springframework.boot.context.event.EventPublishingRunListener.multicastInitialEvent(EventPublishingRunListener.java:137)
	at org.springframework.boot.context.event.EventPublishingRunListener.environmentPrepared(EventPublishingRunListener.java:82)
	at org.springframework.boot.SpringApplicationRunListeners.lambda$environmentPrepared$0(SpringApplicationRunListeners.java:66)
	at java.base/java.lang.Iterable.forEach(Iterable.java:75)
	at org.springframework.boot.SpringApplicationRunListeners.doWithListeners(SpringApplicationRunListeners.java:123)
	at org.springframework.boot.SpringApplicationRunListeners.doWithListeners(SpringApplicationRunListeners.java:117)
	at org.springframework.boot.SpringApplicationRunListeners.environmentPrepared(SpringApplicationRunListeners.java:65)
	at org.springframework.boot.SpringApplication.prepareEnvironment(SpringApplication.java:356)
	at org.springframework.boot.SpringApplication.run(SpringApplication.java:316)
	at org.springframework.boot.SpringApplication.run(SpringApplication.java:1365)
	at org.springframework.boot.SpringApplication.run(SpringApplication.java:1354)
	at com.miniproject.category.CategoryApplication.main(CategoryApplication.java:10)
	at java.base/jdk.internal.reflect.DirectMethodHandleAccessor.invoke(DirectMethodHandleAccessor.java:103)
	at java.base/java.lang.reflect.Method.invoke(Method.java:580)
	at org.springframework.boot.devtools.restart.RestartLauncher.run(RestartLauncher.java:52)
2026-09-21 02:26:31 INFO  [restartedMain] - Starting CategoryApplication using Java 21.0.11 with PID 7132 (C:\Users\vamsh\Desktop\MasterClass\MicroMini2\Category\target\classes started by vamsh in C:\Users\vamsh\Desktop\MasterClass\MicroMini2\Category)
2026-09-21 02:26:31 INFO  [restartedMain] - No active profile set, falling back to 1 default profile: "default"
2026-09-21 02:26:31 INFO  [restartedMain] - Devtools property defaults active! Set 'spring.devtools.add-properties' to 'false' to disable
2026-09-21 02:26:31 INFO  [restartedMain] - For additional web related logging consider setting the 'logging.level.web' property to 'DEBUG'
2026-09-21 02:26:32 INFO  [restartedMain] - Bootstrapping Spring Data JPA repositories in DEFAULT mode.
2026-09-21 02:26:32 INFO  [restartedMain] - Finished Spring Data repository scanning in 85 ms. Found 2 JPA repository interfaces.
2026-09-21 02:26:33 INFO  [restartedMain] - Tomcat initialized with port 8080 (http)
2026-09-21 02:26:33 INFO  [restartedMain] - Starting service [Tomcat]
2026-09-21 02:26:33 INFO  [restartedMain] - Starting Servlet engine: [Apache Tomcat/11.0.24]
2026-09-21 02:26:33 INFO  [restartedMain] - Root WebApplicationContext: initialization completed in 1914 ms
2026-09-21 02:26:34 INFO  [restartedMain] - HHH008540: Processing PersistenceUnitInfo [name: default]
2026-09-21 02:26:34 INFO  [restartedMain] - HHH000001: Hibernate ORM core version 7.2.24.Final
2026-09-21 02:26:34 INFO  [restartedMain] - No LoadTimeWeaver setup: ignoring JPA class transformer
2026-09-21 02:26:34 INFO  [restartedMain] - HikariPool-1 - Starting...
2026-09-21 02:26:35 INFO  [restartedMain] - HikariPool-1 - Added connection conn0: url=jdbc:h2:mem:testdb user=SA
2026-09-21 02:26:35 INFO  [restartedMain] - HikariPool-1 - Start completed.
2026-09-21 02:26:35 INFO  [restartedMain] - HHH10001005: Database info:
	Database JDBC URL [jdbc:h2:mem:testdb]
	Database driver: H2 JDBC Driver
	Database dialect: H2Dialect
	Database version: 2.4.240
	Default catalog/schema: TESTDB/PUBLIC
	Autocommit mode: undefined/unknown
	Isolation level: READ_COMMITTED [default READ_COMMITTED]
	JDBC fetch size: 100
	Pool: DataSourceConnectionProvider
	Minimum pool size: undefined/unknown
	Maximum pool size: undefined/unknown
2026-09-21 02:26:36 INFO  [restartedMain] - HHH000489: No JTA platform available (set 'hibernate.transaction.jta.platform' to enable JTA platform integration)
2026-09-21 02:26:36 INFO  [restartedMain] - Initialized JPA EntityManagerFactory for persistence unit 'default'
2026-09-21 02:26:36 INFO  [restartedMain] - Hibernate is in classpath; If applicable, HQL parser will be used.
2026-09-21 02:26:36 WARN  [restartedMain] - spring.jpa.open-in-view is enabled by default. Therefore, database queries may be performed during view rendering. Explicitly configure spring.jpa.open-in-view to disable this warning
2026-09-21 02:26:37 INFO  [restartedMain] - H2 console available at '/h2-console'. Database available at 'jdbc:h2:mem:testdb'
2026-09-21 02:26:37 INFO  [restartedMain] - Tomcat started on port 8080 (http) with context path '/'
2026-09-21 02:26:37 INFO  [restartedMain] - Started CategoryApplication in 5.733 seconds (process running for 6.346)
2026-09-21 02:26:37 WARN  [restartedMain] - SpringDoc /v3/api-docs endpoint is enabled by default. To disable it in production, set the property 'springdoc.api-docs.enabled=false'
2026-09-21 02:26:37 WARN  [restartedMain] - SpringDoc /swagger-ui.html endpoint is enabled by default. To disable it in production, set the property 'springdoc.swagger-ui.enabled=false'
2026-09-21 02:28:40 INFO  [File Watcher] - Restarting due to 1 class path change (0 additions, 0 deletions, 1 modification)
2026-09-21 02:28:40 INFO  [Thread-1] - Commencing graceful shutdown. Waiting for active requests to complete
2026-09-21 02:28:40 INFO  [tomcat-shutdown] - Graceful shutdown complete
2026-09-21 02:28:40 INFO  [Thread-1] - Closing JPA EntityManagerFactory for persistence unit 'default'
2026-09-21 02:28:40 WARN  [Thread-1] - Invocation of destroy method failed on bean with name 'inMemoryDatabaseShutdownExecutor': org.h2.jdbc.JdbcSQLNonTransientConnectionException: Database is already closed (to disable automatic closing at VM shutdown, add ";DB_CLOSE_ON_EXIT=FALSE" to the db URL) [90121-240]
2026-09-21 02:28:40 INFO  [Thread-1] - HikariPool-1 - Shutdown initiated...
2026-09-21 02:28:40 INFO  [Thread-1] - HikariPool-1 - Shutdown completed.
2026-09-21 02:28:40 INFO  [restartedMain] - Starting CategoryApplication using Java 21.0.11 with PID 7132 (C:\Users\vamsh\Desktop\MasterClass\MicroMini2\Category\target\classes started by vamsh in C:\Users\vamsh\Desktop\MasterClass\MicroMini2\Category)
2026-09-21 02:28:40 INFO  [restartedMain] - No active profile set, falling back to 1 default profile: "default"
2026-09-21 02:28:40 INFO  [restartedMain] - Bootstrapping Spring Data JPA repositories in DEFAULT mode.
2026-09-21 02:28:40 INFO  [restartedMain] - Finished Spring Data repository scanning in 28 ms. Found 2 JPA repository interfaces.
2026-09-21 02:28:40 INFO  [restartedMain] - Tomcat initialized with port 8081 (http)
2026-09-21 02:28:40 INFO  [restartedMain] - Starting service [Tomcat]
2026-09-21 02:28:40 INFO  [restartedMain] - Starting Servlet engine: [Apache Tomcat/11.0.24]
2026-09-21 02:28:40 INFO  [restartedMain] - Root WebApplicationContext: initialization completed in 690 ms
2026-09-21 02:28:41 INFO  [restartedMain] - HHH008540: Processing PersistenceUnitInfo [name: default]
2026-09-21 02:28:41 INFO  [restartedMain] - No LoadTimeWeaver setup: ignoring JPA class transformer
2026-09-21 02:28:41 INFO  [restartedMain] - HikariPool-2 - Starting...
2026-09-21 02:28:41 INFO  [restartedMain] - HikariPool-2 - Added connection conn10: url=jdbc:h2:mem:testdb user=SA
2026-09-21 02:28:41 INFO  [restartedMain] - HikariPool-2 - Start completed.
2026-09-21 02:28:41 INFO  [restartedMain] - HHH10001005: Database info:
	Database JDBC URL [jdbc:h2:mem:testdb]
	Database driver: H2 JDBC Driver
	Database dialect: H2Dialect
	Database version: 2.4.240
	Default catalog/schema: TESTDB/PUBLIC
	Autocommit mode: undefined/unknown
	Isolation level: READ_COMMITTED [default READ_COMMITTED]
	JDBC fetch size: 100
	Pool: DataSourceConnectionProvider
	Minimum pool size: undefined/unknown
	Maximum pool size: undefined/unknown
2026-09-21 02:28:41 INFO  [restartedMain] - HHH000489: No JTA platform available (set 'hibernate.transaction.jta.platform' to enable JTA platform integration)
2026-09-21 02:28:41 INFO  [restartedMain] - Initialized JPA EntityManagerFactory for persistence unit 'default'
2026-09-21 02:28:41 WARN  [restartedMain] - spring.jpa.open-in-view is enabled by default. Therefore, database queries may be performed during view rendering. Explicitly configure spring.jpa.open-in-view to disable this warning
2026-09-21 02:28:42 INFO  [restartedMain] - H2 console available at '/h2-console'. Database available at 'jdbc:h2:mem:testdb'
2026-09-21 02:28:42 INFO  [restartedMain] - Tomcat started on port 8081 (http) with context path '/'
2026-09-21 02:28:42 INFO  [restartedMain] - Started CategoryApplication in 2.144 seconds (process running for 131.427)
2026-09-21 02:28:42 WARN  [restartedMain] - SpringDoc /v3/api-docs endpoint is enabled by default. To disable it in production, set the property 'springdoc.api-docs.enabled=false'
2026-09-21 02:28:42 WARN  [restartedMain] - SpringDoc /swagger-ui.html endpoint is enabled by default. To disable it in production, set the property 'springdoc.swagger-ui.enabled=false'
2026-09-21 02:28:42 INFO  [restartedMain] - Condition evaluation unchanged
2026-09-21 02:31:28 INFO  [File Watcher] - Restarting due to 1 class path change (0 additions, 0 deletions, 1 modification)
2026-09-21 02:31:28 INFO  [Thread-5] - Commencing graceful shutdown. Waiting for active requests to complete
2026-09-21 02:31:28 INFO  [tomcat-shutdown] - Graceful shutdown complete
2026-09-21 02:31:28 INFO  [Thread-5] - Closing JPA EntityManagerFactory for persistence unit 'default'
2026-09-21 02:31:28 WARN  [Thread-5] - Invocation of destroy method failed on bean with name 'inMemoryDatabaseShutdownExecutor': org.h2.jdbc.JdbcSQLNonTransientConnectionException: Database is already closed (to disable automatic closing at VM shutdown, add ";DB_CLOSE_ON_EXIT=FALSE" to the db URL) [90121-240]
2026-09-21 02:31:28 INFO  [Thread-5] - HikariPool-2 - Shutdown initiated...
2026-09-21 02:31:28 INFO  [Thread-5] - HikariPool-2 - Shutdown completed.
2026-09-21 02:31:28 INFO  [restartedMain] - Starting CategoryApplication using Java 21.0.11 with PID 7132 (C:\Users\vamsh\Desktop\MasterClass\MicroMini2\Category\target\classes started by vamsh in C:\Users\vamsh\Desktop\MasterClass\MicroMini2\Category)
2026-09-21 02:31:28 INFO  [restartedMain] - No active profile set, falling back to 1 default profile: "default"
2026-09-21 02:31:28 INFO  [restartedMain] - Bootstrapping Spring Data JPA repositories in DEFAULT mode.
2026-09-21 02:31:28 INFO  [restartedMain] - Finished Spring Data repository scanning in 17 ms. Found 2 JPA repository interfaces.
2026-09-21 02:31:28 INFO  [restartedMain] - Tomcat initialized with port 8081 (http)
2026-09-21 02:31:28 INFO  [restartedMain] - Starting service [Tomcat]
2026-09-21 02:31:28 INFO  [restartedMain] - Starting Servlet engine: [Apache Tomcat/11.0.24]
2026-09-21 02:31:28 INFO  [restartedMain] - Root WebApplicationContext: initialization completed in 366 ms
2026-09-21 02:31:28 INFO  [restartedMain] - HHH008540: Processing PersistenceUnitInfo [name: default]
2026-09-21 02:31:28 INFO  [restartedMain] - No LoadTimeWeaver setup: ignoring JPA class transformer
2026-09-21 02:31:28 INFO  [restartedMain] - HikariPool-3 - Starting...
2026-09-21 02:31:28 INFO  [restartedMain] - HikariPool-3 - Added connection conn20: url=jdbc:h2:mem:testdb user=SA
2026-09-21 02:31:28 INFO  [restartedMain] - HikariPool-3 - Start completed.
2026-09-21 02:31:28 INFO  [restartedMain] - HHH10001005: Database info:
	Database JDBC URL [jdbc:h2:mem:testdb]
	Database driver: H2 JDBC Driver
	Database dialect: H2Dialect
	Database version: 2.4.240
	Default catalog/schema: TESTDB/PUBLIC
	Autocommit mode: undefined/unknown
	Isolation level: READ_COMMITTED [default READ_COMMITTED]
	JDBC fetch size: 100
	Pool: DataSourceConnectionProvider
	Minimum pool size: undefined/unknown
	Maximum pool size: undefined/unknown
2026-09-21 02:31:28 INFO  [restartedMain] - HHH000489: No JTA platform available (set 'hibernate.transaction.jta.platform' to enable JTA platform integration)
2026-09-21 02:31:28 INFO  [restartedMain] - Initialized JPA EntityManagerFactory for persistence unit 'default'
2026-09-21 02:31:29 WARN  [restartedMain] - spring.jpa.open-in-view is enabled by default. Therefore, database queries may be performed during view rendering. Explicitly configure spring.jpa.open-in-view to disable this warning
2026-09-21 02:31:29 INFO  [restartedMain] - H2 console available at '/h2-console'. Database available at 'jdbc:h2:mem:testdb'
2026-09-21 02:31:29 INFO  [restartedMain] - Tomcat started on port 8081 (http) with context path '/'
2026-09-21 02:31:29 INFO  [restartedMain] - Started CategoryApplication in 0.763 seconds (process running for 298.341)
2026-09-21 02:31:29 WARN  [restartedMain] - SpringDoc /v3/api-docs endpoint is enabled by default. To disable it in production, set the property 'springdoc.api-docs.enabled=false'
2026-09-21 02:31:29 WARN  [restartedMain] - SpringDoc /swagger-ui.html endpoint is enabled by default. To disable it in production, set the property 'springdoc.swagger-ui.enabled=false'
2026-09-21 02:31:29 INFO  [restartedMain] - Condition evaluation unchanged
2026-09-21 02:31:42 INFO  [File Watcher] - Restarting due to 1 class path change (0 additions, 0 deletions, 1 modification)
2026-09-21 02:31:42 INFO  [Thread-10] - Commencing graceful shutdown. Waiting for active requests to complete
2026-09-21 02:31:42 INFO  [tomcat-shutdown] - Graceful shutdown complete
2026-09-21 02:31:42 INFO  [Thread-10] - Closing JPA EntityManagerFactory for persistence unit 'default'
2026-09-21 02:31:42 WARN  [Thread-10] - Invocation of destroy method failed on bean with name 'inMemoryDatabaseShutdownExecutor': org.h2.jdbc.JdbcSQLNonTransientConnectionException: Database is already closed (to disable automatic closing at VM shutdown, add ";DB_CLOSE_ON_EXIT=FALSE" to the db URL) [90121-240]
2026-09-21 02:31:42 INFO  [Thread-10] - HikariPool-3 - Shutdown initiated...
2026-09-21 02:31:42 INFO  [Thread-10] - HikariPool-3 - Shutdown completed.
2026-09-21 02:31:43 INFO  [restartedMain] - Starting CategoryApplication using Java 21.0.11 with PID 7132 (C:\Users\vamsh\Desktop\MasterClass\MicroMini2\Category\target\classes started by vamsh in C:\Users\vamsh\Desktop\MasterClass\MicroMini2\Category)
2026-09-21 02:31:43 INFO  [restartedMain] - No active profile set, falling back to 1 default profile: "default"
2026-09-21 02:31:43 INFO  [restartedMain] - Bootstrapping Spring Data JPA repositories in DEFAULT mode.
2026-09-21 02:31:43 INFO  [restartedMain] - Finished Spring Data repository scanning in 13 ms. Found 2 JPA repository interfaces.
2026-09-21 02:31:43 INFO  [restartedMain] - Tomcat initialized with port 8081 (http)
2026-09-21 02:31:43 INFO  [restartedMain] - Starting service [Tomcat]
2026-09-21 02:31:43 INFO  [restartedMain] - Starting Servlet engine: [Apache Tomcat/11.0.24]
2026-09-21 02:31:43 INFO  [restartedMain] - Root WebApplicationContext: initialization completed in 466 ms
2026-09-21 02:31:43 INFO  [restartedMain] - HHH008540: Processing PersistenceUnitInfo [name: default]
2026-09-21 02:31:43 INFO  [restartedMain] - No LoadTimeWeaver setup: ignoring JPA class transformer
2026-09-21 02:31:43 INFO  [restartedMain] - HikariPool-4 - Starting...
2026-09-21 02:31:43 INFO  [restartedMain] - HikariPool-4 - Added connection conn30: url=jdbc:h2:mem:testdb user=SA
2026-09-21 02:31:43 INFO  [restartedMain] - HikariPool-4 - Start completed.
2026-09-21 02:31:43 INFO  [restartedMain] - HHH10001005: Database info:
	Database JDBC URL [jdbc:h2:mem:testdb]
	Database driver: H2 JDBC Driver
	Database dialect: H2Dialect
	Database version: 2.4.240
	Default catalog/schema: TESTDB/PUBLIC
	Autocommit mode: undefined/unknown
	Isolation level: READ_COMMITTED [default READ_COMMITTED]
	JDBC fetch size: 100
	Pool: DataSourceConnectionProvider
	Minimum pool size: undefined/unknown
	Maximum pool size: undefined/unknown
2026-09-21 02:31:43 INFO  [restartedMain] - HHH000489: No JTA platform available (set 'hibernate.transaction.jta.platform' to enable JTA platform integration)
2026-09-21 02:31:43 INFO  [restartedMain] - Initialized JPA EntityManagerFactory for persistence unit 'default'
2026-09-21 02:31:43 WARN  [restartedMain] - spring.jpa.open-in-view is enabled by default. Therefore, database queries may be performed during view rendering. Explicitly configure spring.jpa.open-in-view to disable this warning
2026-09-21 02:31:44 INFO  [restartedMain] - H2 console available at '/h2-console'. Database available at 'jdbc:h2:mem:testdb'
2026-09-21 02:31:44 INFO  [restartedMain] - Tomcat started on port 8081 (http) with context path '/'
2026-09-21 02:31:44 INFO  [restartedMain] - Started CategoryApplication in 1.378 seconds (process running for 313.477)
2026-09-21 02:31:44 WARN  [restartedMain] - SpringDoc /v3/api-docs endpoint is enabled by default. To disable it in production, set the property 'springdoc.api-docs.enabled=false'
2026-09-21 02:31:44 WARN  [restartedMain] - SpringDoc /swagger-ui.html endpoint is enabled by default. To disable it in production, set the property 'springdoc.swagger-ui.enabled=false'
2026-09-21 02:31:44 INFO  [restartedMain] - Condition evaluation unchanged
2026-09-21 02:33:01 INFO  [File Watcher] - Restarting due to 1 class path change (1 addition, 0 deletions, 0 modifications)
2026-09-21 02:33:01 INFO  [Thread-14] - Commencing graceful shutdown. Waiting for active requests to complete
2026-09-21 02:33:01 INFO  [tomcat-shutdown] - Graceful shutdown complete
2026-09-21 02:33:01 INFO  [Thread-14] - Closing JPA EntityManagerFactory for persistence unit 'default'
2026-09-21 02:33:01 WARN  [Thread-14] - Invocation of destroy method failed on bean with name 'inMemoryDatabaseShutdownExecutor': org.h2.jdbc.JdbcSQLNonTransientConnectionException: Database is already closed (to disable automatic closing at VM shutdown, add ";DB_CLOSE_ON_EXIT=FALSE" to the db URL) [90121-240]
2026-09-21 02:33:01 INFO  [Thread-14] - HikariPool-4 - Shutdown initiated...
2026-09-21 02:33:01 INFO  [Thread-14] - HikariPool-4 - Shutdown completed.
2026-09-21 02:33:01 INFO  [restartedMain] - Starting CategoryApplication using Java 21.0.11 with PID 7132 (C:\Users\vamsh\Desktop\MasterClass\MicroMini2\Category\target\classes started by vamsh in C:\Users\vamsh\Desktop\MasterClass\MicroMini2\Category)
2026-09-21 02:33:01 INFO  [restartedMain] - No active profile set, falling back to 1 default profile: "default"
2026-09-21 02:33:01 INFO  [restartedMain] - Bootstrapping Spring Data JPA repositories in DEFAULT mode.
2026-09-21 02:33:01 INFO  [restartedMain] - Finished Spring Data repository scanning in 12 ms. Found 2 JPA repository interfaces.
2026-09-21 02:33:01 INFO  [restartedMain] - Tomcat initialized with port 8081 (http)
2026-09-21 02:33:01 INFO  [restartedMain] - Starting service [Tomcat]
2026-09-21 02:33:01 INFO  [restartedMain] - Starting Servlet engine: [Apache Tomcat/11.0.24]
2026-09-21 02:33:01 INFO  [restartedMain] - Root WebApplicationContext: initialization completed in 254 ms
2026-09-21 02:33:01 INFO  [restartedMain] - HHH008540: Processing PersistenceUnitInfo [name: default]
2026-09-21 02:33:01 INFO  [restartedMain] - No LoadTimeWeaver setup: ignoring JPA class transformer
2026-09-21 02:33:01 INFO  [restartedMain] - HikariPool-5 - Starting...
2026-09-21 02:33:01 INFO  [restartedMain] - HikariPool-5 - Added connection conn40: url=jdbc:h2:mem:testdb user=SA
2026-09-21 02:33:01 INFO  [restartedMain] - HikariPool-5 - Start completed.
2026-09-21 02:33:01 INFO  [restartedMain] - HHH10001005: Database info:
	Database JDBC URL [jdbc:h2:mem:testdb]
	Database driver: H2 JDBC Driver
	Database dialect: H2Dialect
	Database version: 2.4.240
	Default catalog/schema: TESTDB/PUBLIC
	Autocommit mode: undefined/unknown
	Isolation level: READ_COMMITTED [default READ_COMMITTED]
	JDBC fetch size: 100
	Pool: DataSourceConnectionProvider
	Minimum pool size: undefined/unknown
	Maximum pool size: undefined/unknown
2026-09-21 02:33:02 INFO  [restartedMain] - HHH000489: No JTA platform available (set 'hibernate.transaction.jta.platform' to enable JTA platform integration)
2026-09-21 02:33:02 INFO  [restartedMain] - Initialized JPA EntityManagerFactory for persistence unit 'default'
2026-09-21 02:33:02 WARN  [restartedMain] - spring.jpa.open-in-view is enabled by default. Therefore, database queries may be performed during view rendering. Explicitly configure spring.jpa.open-in-view to disable this warning
2026-09-21 02:33:02 INFO  [restartedMain] - H2 console available at '/h2-console'. Database available at 'jdbc:h2:mem:testdb'
2026-09-21 02:33:02 INFO  [restartedMain] - Tomcat started on port 8081 (http) with context path '/'
2026-09-21 02:33:02 INFO  [restartedMain] - Started CategoryApplication in 0.572 seconds (process running for 391.252)
2026-09-21 02:33:02 WARN  [restartedMain] - SpringDoc /v3/api-docs endpoint is enabled by default. To disable it in production, set the property 'springdoc.api-docs.enabled=false'
2026-09-21 02:33:02 WARN  [restartedMain] - SpringDoc /swagger-ui.html endpoint is enabled by default. To disable it in production, set the property 'springdoc.swagger-ui.enabled=false'
2026-09-21 02:33:02 INFO  [restartedMain] - Condition evaluation unchanged
2026-09-21 02:33:19 INFO  [File Watcher] - Restarting due to 1 class path change (0 additions, 1 deletion, 0 modifications)
2026-09-21 02:33:19 INFO  [Thread-18] - Commencing graceful shutdown. Waiting for active requests to complete
2026-09-21 02:33:19 INFO  [tomcat-shutdown] - Graceful shutdown complete
2026-09-21 02:33:19 INFO  [Thread-18] - Closing JPA EntityManagerFactory for persistence unit 'default'
2026-09-21 02:33:19 WARN  [Thread-18] - Invocation of destroy method failed on bean with name 'inMemoryDatabaseShutdownExecutor': org.h2.jdbc.JdbcSQLNonTransientConnectionException: Database is already closed (to disable automatic closing at VM shutdown, add ";DB_CLOSE_ON_EXIT=FALSE" to the db URL) [90121-240]
2026-09-21 02:33:19 INFO  [Thread-18] - HikariPool-5 - Shutdown initiated...
2026-09-21 02:33:19 INFO  [Thread-18] - HikariPool-5 - Shutdown completed.
2026-09-21 02:33:20 INFO  [restartedMain] - Starting CategoryApplication using Java 21.0.11 with PID 7132 (C:\Users\vamsh\Desktop\MasterClass\MicroMini2\Category\target\classes started by vamsh in C:\Users\vamsh\Desktop\MasterClass\MicroMini2\Category)
2026-09-21 02:33:20 INFO  [restartedMain] - No active profile set, falling back to 1 default profile: "default"
2026-09-21 02:33:20 INFO  [restartedMain] - Bootstrapping Spring Data JPA repositories in DEFAULT mode.
2026-09-21 02:33:20 INFO  [restartedMain] - Finished Spring Data repository scanning in 22 ms. Found 2 JPA repository interfaces.
2026-09-21 02:33:20 INFO  [restartedMain] - Tomcat initialized with port 8081 (http)
2026-09-21 02:33:20 INFO  [restartedMain] - Starting service [Tomcat]
2026-09-21 02:33:20 INFO  [restartedMain] - Starting Servlet engine: [Apache Tomcat/11.0.24]
2026-09-21 02:33:20 INFO  [restartedMain] - Root WebApplicationContext: initialization completed in 603 ms
2026-09-21 02:33:20 INFO  [restartedMain] - HHH008540: Processing PersistenceUnitInfo [name: default]
2026-09-21 02:33:20 INFO  [restartedMain] - No LoadTimeWeaver setup: ignoring JPA class transformer
2026-09-21 02:33:20 INFO  [restartedMain] - HikariPool-6 - Starting...
2026-09-21 02:33:20 INFO  [restartedMain] - HikariPool-6 - Added connection conn50: url=jdbc:h2:mem:testdb user=SA
2026-09-21 02:33:20 INFO  [restartedMain] - HikariPool-6 - Start completed.
2026-09-21 02:33:20 INFO  [restartedMain] - HHH10001005: Database info:
	Database JDBC URL [jdbc:h2:mem:testdb]
	Database driver: H2 JDBC Driver
	Database dialect: H2Dialect
	Database version: 2.4.240
	Default catalog/schema: TESTDB/PUBLIC
	Autocommit mode: undefined/unknown
	Isolation level: READ_COMMITTED [default READ_COMMITTED]
	JDBC fetch size: 100
	Pool: DataSourceConnectionProvider
	Minimum pool size: undefined/unknown
	Maximum pool size: undefined/unknown
2026-09-21 02:33:21 INFO  [restartedMain] - HHH000489: No JTA platform available (set 'hibernate.transaction.jta.platform' to enable JTA platform integration)
2026-09-21 02:33:21 INFO  [restartedMain] - Initialized JPA EntityManagerFactory for persistence unit 'default'
2026-09-21 02:33:21 WARN  [restartedMain] - spring.jpa.open-in-view is enabled by default. Therefore, database queries may be performed during view rendering. Explicitly configure spring.jpa.open-in-view to disable this warning
2026-09-21 02:33:21 INFO  [restartedMain] - H2 console available at '/h2-console'. Database available at 'jdbc:h2:mem:testdb'
2026-09-21 02:33:21 INFO  [restartedMain] - Tomcat started on port 8081 (http) with context path '/'
2026-09-21 02:33:21 INFO  [restartedMain] - Started CategoryApplication in 1.676 seconds (process running for 410.843)
2026-09-21 02:33:21 WARN  [restartedMain] - SpringDoc /v3/api-docs endpoint is enabled by default. To disable it in production, set the property 'springdoc.api-docs.enabled=false'
2026-09-21 02:33:21 WARN  [restartedMain] - SpringDoc /swagger-ui.html endpoint is enabled by default. To disable it in production, set the property 'springdoc.swagger-ui.enabled=false'
2026-09-21 02:33:21 INFO  [restartedMain] - Condition evaluation unchanged
2026-09-21 02:35:03 INFO  [File Watcher] - Restarting due to 1 class path change (1 addition, 0 deletions, 0 modifications)
2026-09-21 02:35:03 INFO  [Thread-22] - Commencing graceful shutdown. Waiting for active requests to complete
2026-09-21 02:35:03 INFO  [tomcat-shutdown] - Graceful shutdown complete
2026-09-21 02:35:03 INFO  [Thread-22] - Closing JPA EntityManagerFactory for persistence unit 'default'
2026-09-21 02:35:03 WARN  [Thread-22] - Invocation of destroy method failed on bean with name 'inMemoryDatabaseShutdownExecutor': org.h2.jdbc.JdbcSQLNonTransientConnectionException: Database is already closed (to disable automatic closing at VM shutdown, add ";DB_CLOSE_ON_EXIT=FALSE" to the db URL) [90121-240]
2026-09-21 02:35:03 INFO  [Thread-22] - HikariPool-6 - Shutdown initiated...
2026-09-21 02:35:03 INFO  [Thread-22] - HikariPool-6 - Shutdown completed.
2026-09-21 02:35:03 INFO  [restartedMain] - Starting CategoryApplication using Java 21.0.11 with PID 7132 (C:\Users\vamsh\Desktop\MasterClass\MicroMini2\Category\target\classes started by vamsh in C:\Users\vamsh\Desktop\MasterClass\MicroMini2\Category)
2026-09-21 02:35:03 INFO  [restartedMain] - No active profile set, falling back to 1 default profile: "default"
2026-09-21 02:35:04 INFO  [restartedMain] - Bootstrapping Spring Data JPA repositories in DEFAULT mode.
2026-09-21 02:35:04 INFO  [restartedMain] - Finished Spring Data repository scanning in 11 ms. Found 2 JPA repository interfaces.
2026-09-21 02:35:04 INFO  [restartedMain] - Tomcat initialized with port 8081 (http)
2026-09-21 02:35:04 INFO  [restartedMain] - Starting service [Tomcat]
2026-09-21 02:35:04 INFO  [restartedMain] - Starting Servlet engine: [Apache Tomcat/11.0.24]
2026-09-21 02:35:04 INFO  [restartedMain] - Root WebApplicationContext: initialization completed in 329 ms
2026-09-21 02:35:04 INFO  [restartedMain] - HHH008540: Processing PersistenceUnitInfo [name: default]
2026-09-21 02:35:04 INFO  [restartedMain] - No LoadTimeWeaver setup: ignoring JPA class transformer
2026-09-21 02:35:04 INFO  [restartedMain] - HikariPool-7 - Starting...
2026-09-21 02:35:04 INFO  [restartedMain] - HikariPool-7 - Added connection conn60: url=jdbc:h2:mem:testdb user=SA
2026-09-21 02:35:04 INFO  [restartedMain] - HikariPool-7 - Start completed.
2026-09-21 02:35:04 INFO  [restartedMain] - HHH10001005: Database info:
	Database JDBC URL [jdbc:h2:mem:testdb]
	Database driver: H2 JDBC Driver
	Database dialect: H2Dialect
	Database version: 2.4.240
	Default catalog/schema: TESTDB/PUBLIC
	Autocommit mode: undefined/unknown
	Isolation level: READ_COMMITTED [default READ_COMMITTED]
	JDBC fetch size: 100
	Pool: DataSourceConnectionProvider
	Minimum pool size: undefined/unknown
	Maximum pool size: undefined/unknown
2026-09-21 02:35:04 INFO  [restartedMain] - HHH000489: No JTA platform available (set 'hibernate.transaction.jta.platform' to enable JTA platform integration)
2026-09-21 02:35:04 INFO  [restartedMain] - Initialized JPA EntityManagerFactory for persistence unit 'default'
2026-09-21 02:35:04 WARN  [restartedMain] - spring.jpa.open-in-view is enabled by default. Therefore, database queries may be performed during view rendering. Explicitly configure spring.jpa.open-in-view to disable this warning
2026-09-21 02:35:04 INFO  [restartedMain] - H2 console available at '/h2-console'. Database available at 'jdbc:h2:mem:testdb'
2026-09-21 02:35:05 INFO  [restartedMain] - Tomcat started on port 8081 (http) with context path '/'
2026-09-21 02:35:05 INFO  [restartedMain] - Started CategoryApplication in 1.123 seconds (process running for 514.113)
2026-09-21 02:35:05 WARN  [restartedMain] - SpringDoc /v3/api-docs endpoint is enabled by default. To disable it in production, set the property 'springdoc.api-docs.enabled=false'
2026-09-21 02:35:05 WARN  [restartedMain] - SpringDoc /swagger-ui.html endpoint is enabled by default. To disable it in production, set the property 'springdoc.swagger-ui.enabled=false'
2026-09-21 02:35:05 INFO  [restartedMain] - Condition evaluation unchanged
2026-09-21 02:36:05 INFO  [File Watcher] - Restarting due to 1 class path change (0 additions, 1 deletion, 0 modifications)
2026-09-21 02:36:05 INFO  [Thread-26] - Commencing graceful shutdown. Waiting for active requests to complete
2026-09-21 02:36:05 INFO  [tomcat-shutdown] - Graceful shutdown complete
2026-09-21 02:36:05 INFO  [Thread-26] - Closing JPA EntityManagerFactory for persistence unit 'default'
2026-09-21 02:36:05 WARN  [Thread-26] - Invocation of destroy method failed on bean with name 'inMemoryDatabaseShutdownExecutor': org.h2.jdbc.JdbcSQLNonTransientConnectionException: Database is already closed (to disable automatic closing at VM shutdown, add ";DB_CLOSE_ON_EXIT=FALSE" to the db URL) [90121-240]
2026-09-21 02:36:05 INFO  [Thread-26] - HikariPool-7 - Shutdown initiated...
2026-09-21 02:36:05 INFO  [Thread-26] - HikariPool-7 - Shutdown completed.
2026-09-21 02:36:05 INFO  [restartedMain] - Starting CategoryApplication using Java 21.0.11 with PID 7132 (C:\Users\vamsh\Desktop\MasterClass\MicroMini2\Category\target\classes started by vamsh in C:\Users\vamsh\Desktop\MasterClass\MicroMini2\Category)
2026-09-21 02:36:05 INFO  [restartedMain] - No active profile set, falling back to 1 default profile: "default"
2026-09-21 02:36:06 INFO  [restartedMain] - Bootstrapping Spring Data JPA repositories in DEFAULT mode.
2026-09-21 02:36:06 INFO  [restartedMain] - Finished Spring Data repository scanning in 9 ms. Found 2 JPA repository interfaces.
2026-09-21 02:36:06 INFO  [restartedMain] - Tomcat initialized with port 8081 (http)
2026-09-21 02:36:06 INFO  [restartedMain] - Starting service [Tomcat]
2026-09-21 02:36:06 INFO  [restartedMain] - Starting Servlet engine: [Apache Tomcat/11.0.24]
2026-09-21 02:36:06 INFO  [restartedMain] - Root WebApplicationContext: initialization completed in 242 ms
2026-09-21 02:36:06 INFO  [restartedMain] - HHH008540: Processing PersistenceUnitInfo [name: default]
2026-09-21 02:36:06 INFO  [restartedMain] - No LoadTimeWeaver setup: ignoring JPA class transformer
2026-09-21 02:36:06 INFO  [restartedMain] - HikariPool-8 - Starting...
2026-09-21 02:36:06 INFO  [restartedMain] - HikariPool-8 - Added connection conn70: url=jdbc:h2:mem:testdb user=SA
2026-09-21 02:36:06 INFO  [restartedMain] - HikariPool-8 - Start completed.
2026-09-21 02:36:06 INFO  [restartedMain] - HHH10001005: Database info:
	Database JDBC URL [jdbc:h2:mem:testdb]
	Database driver: H2 JDBC Driver
	Database dialect: H2Dialect
	Database version: 2.4.240
	Default catalog/schema: TESTDB/PUBLIC
	Autocommit mode: undefined/unknown
	Isolation level: READ_COMMITTED [default READ_COMMITTED]
	JDBC fetch size: 100
	Pool: DataSourceConnectionProvider
	Minimum pool size: undefined/unknown
	Maximum pool size: undefined/unknown
2026-09-21 02:36:06 INFO  [restartedMain] - HHH000489: No JTA platform available (set 'hibernate.transaction.jta.platform' to enable JTA platform integration)
2026-09-21 02:36:06 INFO  [restartedMain] - Initialized JPA EntityManagerFactory for persistence unit 'default'
2026-09-21 02:36:06 WARN  [restartedMain] - spring.jpa.open-in-view is enabled by default. Therefore, database queries may be performed during view rendering. Explicitly configure spring.jpa.open-in-view to disable this warning
2026-09-21 02:36:06 INFO  [restartedMain] - H2 console available at '/h2-console'. Database available at 'jdbc:h2:mem:testdb'
2026-09-21 02:36:06 INFO  [restartedMain] - Tomcat started on port 8081 (http) with context path '/'
2026-09-21 02:36:06 INFO  [restartedMain] - Started CategoryApplication in 0.556 seconds (process running for 575.493)
2026-09-21 02:36:06 WARN  [restartedMain] - SpringDoc /v3/api-docs endpoint is enabled by default. To disable it in production, set the property 'springdoc.api-docs.enabled=false'
2026-09-21 02:36:06 WARN  [restartedMain] - SpringDoc /swagger-ui.html endpoint is enabled by default. To disable it in production, set the property 'springdoc.swagger-ui.enabled=false'
2026-09-21 02:36:06 INFO  [restartedMain] - Condition evaluation unchanged
2026-09-21 02:38:34 INFO  [File Watcher] - Restarting due to 1 class path change (1 addition, 0 deletions, 0 modifications)
2026-09-21 02:38:34 INFO  [Thread-30] - Commencing graceful shutdown. Waiting for active requests to complete
2026-09-21 02:38:34 INFO  [tomcat-shutdown] - Graceful shutdown complete
2026-09-21 02:38:34 INFO  [Thread-30] - Closing JPA EntityManagerFactory for persistence unit 'default'
2026-09-21 02:38:34 WARN  [Thread-30] - Invocation of destroy method failed on bean with name 'inMemoryDatabaseShutdownExecutor': org.h2.jdbc.JdbcSQLNonTransientConnectionException: Database is already closed (to disable automatic closing at VM shutdown, add ";DB_CLOSE_ON_EXIT=FALSE" to the db URL) [90121-240]
2026-09-21 02:38:34 INFO  [Thread-30] - HikariPool-8 - Shutdown initiated...
2026-09-21 02:38:34 INFO  [Thread-30] - HikariPool-8 - Shutdown completed.
2026-09-21 02:38:34 INFO  [restartedMain] - Starting CategoryApplication using Java 21.0.11 with PID 7132 (C:\Users\vamsh\Desktop\MasterClass\MicroMini2\Category\target\classes started by vamsh in C:\Users\vamsh\Desktop\MasterClass\MicroMini2\Category)
2026-09-21 02:38:34 INFO  [restartedMain] - No active profile set, falling back to 1 default profile: "default"
2026-09-21 02:38:34 INFO  [restartedMain] - Bootstrapping Spring Data JPA repositories in DEFAULT mode.
2026-09-21 02:38:34 INFO  [restartedMain] - Finished Spring Data repository scanning in 8 ms. Found 2 JPA repository interfaces.
2026-09-21 02:38:34 INFO  [restartedMain] - Tomcat initialized with port 8081 (http)
2026-09-21 02:38:34 INFO  [restartedMain] - Starting service [Tomcat]
2026-09-21 02:38:34 INFO  [restartedMain] - Starting Servlet engine: [Apache Tomcat/11.0.24]
2026-09-21 02:38:34 INFO  [restartedMain] - Root WebApplicationContext: initialization completed in 186 ms
2026-09-21 02:38:34 INFO  [restartedMain] - HHH008540: Processing PersistenceUnitInfo [name: default]
2026-09-21 02:38:34 INFO  [restartedMain] - No LoadTimeWeaver setup: ignoring JPA class transformer
2026-09-21 02:38:34 INFO  [restartedMain] - HikariPool-9 - Starting...
2026-09-21 02:38:34 INFO  [restartedMain] - HikariPool-9 - Added connection conn80: url=jdbc:h2:mem:testdb user=SA
2026-09-21 02:38:34 INFO  [restartedMain] - HikariPool-9 - Start completed.
2026-09-21 02:38:34 INFO  [restartedMain] - HHH10001005: Database info:
	Database JDBC URL [jdbc:h2:mem:testdb]
	Database driver: H2 JDBC Driver
	Database dialect: H2Dialect
	Database version: 2.4.240
	Default catalog/schema: TESTDB/PUBLIC
	Autocommit mode: undefined/unknown
	Isolation level: READ_COMMITTED [default READ_COMMITTED]
	JDBC fetch size: 100
	Pool: DataSourceConnectionProvider
	Minimum pool size: undefined/unknown
	Maximum pool size: undefined/unknown
2026-09-21 02:38:34 INFO  [restartedMain] - HHH000489: No JTA platform available (set 'hibernate.transaction.jta.platform' to enable JTA platform integration)
2026-09-21 02:38:34 INFO  [restartedMain] - Initialized JPA EntityManagerFactory for persistence unit 'default'
2026-09-21 02:38:34 WARN  [restartedMain] - spring.jpa.open-in-view is enabled by default. Therefore, database queries may be performed during view rendering. Explicitly configure spring.jpa.open-in-view to disable this warning
2026-09-21 02:38:34 INFO  [restartedMain] - H2 console available at '/h2-console'. Database available at 'jdbc:h2:mem:testdb'
2026-09-21 02:38:34 INFO  [restartedMain] - Tomcat started on port 8081 (http) with context path '/'
2026-09-21 02:38:34 INFO  [restartedMain] - Started CategoryApplication in 0.413 seconds (process running for 723.909)
2026-09-21 02:38:34 WARN  [restartedMain] - SpringDoc /v3/api-docs endpoint is enabled by default. To disable it in production, set the property 'springdoc.api-docs.enabled=false'
2026-09-21 02:38:34 WARN  [restartedMain] - SpringDoc /swagger-ui.html endpoint is enabled by default. To disable it in production, set the property 'springdoc.swagger-ui.enabled=false'
2026-09-21 02:38:34 INFO  [restartedMain] - Condition evaluation unchanged
2026-09-21 02:39:57 INFO  [File Watcher] - Restarting due to 1 class path change (0 additions, 1 deletion, 0 modifications)
2026-09-21 02:39:57 INFO  [Thread-34] - Commencing graceful shutdown. Waiting for active requests to complete
2026-09-21 02:39:57 INFO  [tomcat-shutdown] - Graceful shutdown complete
2026-09-21 02:39:57 INFO  [Thread-34] - Closing JPA EntityManagerFactory for persistence unit 'default'
2026-09-21 02:39:57 WARN  [Thread-34] - Invocation of destroy method failed on bean with name 'inMemoryDatabaseShutdownExecutor': org.h2.jdbc.JdbcSQLNonTransientConnectionException: Database is already closed (to disable automatic closing at VM shutdown, add ";DB_CLOSE_ON_EXIT=FALSE" to the db URL) [90121-240]
2026-09-21 02:39:57 INFO  [Thread-34] - HikariPool-9 - Shutdown initiated...
2026-09-21 02:39:57 INFO  [Thread-34] - HikariPool-9 - Shutdown completed.
2026-09-21 02:39:57 INFO  [restartedMain] - Starting CategoryApplication using Java 21.0.11 with PID 7132 (C:\Users\vamsh\Desktop\MasterClass\MicroMini2\Category\target\classes started by vamsh in C:\Users\vamsh\Desktop\MasterClass\MicroMini2\Category)
2026-09-21 02:39:57 INFO  [restartedMain] - No active profile set, falling back to 1 default profile: "default"
2026-09-21 02:39:57 INFO  [restartedMain] - Bootstrapping Spring Data JPA repositories in DEFAULT mode.
2026-09-21 02:39:57 INFO  [restartedMain] - Finished Spring Data repository scanning in 37 ms. Found 2 JPA repository interfaces.
2026-09-21 02:39:58 INFO  [restartedMain] - Tomcat initialized with port 8081 (http)
2026-09-21 02:39:58 INFO  [restartedMain] - Starting service [Tomcat]
2026-09-21 02:39:58 INFO  [restartedMain] - Starting Servlet engine: [Apache Tomcat/11.0.24]
2026-09-21 02:39:58 INFO  [restartedMain] - Root WebApplicationContext: initialization completed in 856 ms
2026-09-21 02:39:58 INFO  [restartedMain] - HHH008540: Processing PersistenceUnitInfo [name: default]
2026-09-21 02:39:58 INFO  [restartedMain] - No LoadTimeWeaver setup: ignoring JPA class transformer
2026-09-21 02:39:58 INFO  [restartedMain] - HikariPool-10 - Starting...
2026-09-21 02:39:58 INFO  [restartedMain] - HikariPool-10 - Added connection conn90: url=jdbc:h2:mem:testdb user=SA
2026-09-21 02:39:58 INFO  [restartedMain] - HikariPool-10 - Start completed.
2026-09-21 02:39:58 INFO  [restartedMain] - HHH10001005: Database info:
	Database JDBC URL [jdbc:h2:mem:testdb]
	Database driver: H2 JDBC Driver
	Database dialect: H2Dialect
	Database version: 2.4.240
	Default catalog/schema: TESTDB/PUBLIC
	Autocommit mode: undefined/unknown
	Isolation level: READ_COMMITTED [default READ_COMMITTED]
	JDBC fetch size: 100
	Pool: DataSourceConnectionProvider
	Minimum pool size: undefined/unknown
	Maximum pool size: undefined/unknown
2026-09-21 02:39:58 INFO  [restartedMain] - HHH000489: No JTA platform available (set 'hibernate.transaction.jta.platform' to enable JTA platform integration)
2026-09-21 02:39:58 INFO  [restartedMain] - Initialized JPA EntityManagerFactory for persistence unit 'default'
2026-09-21 02:39:58 WARN  [restartedMain] - Exception encountered during context initialization - cancelling refresh attempt: org.springframework.beans.factory.UnsatisfiedDependencyException: Error creating bean with name 'travelController' defined in file [C:\Users\vamsh\Desktop\MasterClass\MicroMini2\Category\target\classes\com\miniproject\category\controller\TravelController.class]: Unsatisfied dependency expressed through constructor parameter 0: No qualifying bean of type 'com.miniproject.category.service.TravelPlanService' available: expected at least 1 bean which qualifies as autowire candidate. Dependency annotations: {}
2026-09-21 02:39:58 INFO  [restartedMain] - Closing JPA EntityManagerFactory for persistence unit 'default'
2026-09-21 02:39:58 WARN  [restartedMain] - Invocation of destroy method failed on bean with name 'inMemoryDatabaseShutdownExecutor': org.h2.jdbc.JdbcSQLNonTransientConnectionException: Database is already closed (to disable automatic closing at VM shutdown, add ";DB_CLOSE_ON_EXIT=FALSE" to the db URL) [90121-240]
2026-09-21 02:39:58 INFO  [restartedMain] - HikariPool-10 - Shutdown initiated...
2026-09-21 02:39:58 INFO  [restartedMain] - HikariPool-10 - Shutdown completed.
2026-09-21 02:39:58 INFO  [restartedMain] - Stopping service [Tomcat]
2026-09-21 02:39:58 INFO  [restartedMain] - 

Error starting ApplicationContext. To display the condition evaluation report re-run your application with 'debug' enabled.
2026-09-21 02:39:58 ERROR [restartedMain] - 

***************************
APPLICATION FAILED TO START
***************************

Description:

Parameter 0 of constructor in com.miniproject.category.controller.TravelController required a bean of type 'com.miniproject.category.service.TravelPlanService' that could not be found.


Action:

Consider defining a bean of type 'com.miniproject.category.service.TravelPlanService' in your configuration.

2026-09-21 02:40:03 INFO  [restartedMain] - Starting CategoryApplication using Java 21.0.11 with PID 7132 (C:\Users\vamsh\Desktop\MasterClass\MicroMini2\Category\target\classes started by vamsh in C:\Users\vamsh\Desktop\MasterClass\MicroMini2\Category)
2026-09-21 02:40:03 INFO  [restartedMain] - No active profile set, falling back to 1 default profile: "default"
2026-09-21 02:40:03 INFO  [restartedMain] - Bootstrapping Spring Data JPA repositories in DEFAULT mode.
2026-09-21 02:40:03 INFO  [restartedMain] - Finished Spring Data repository scanning in 11 ms. Found 2 JPA repository interfaces.
2026-09-21 02:40:03 INFO  [restartedMain] - Tomcat initialized with port 8081 (http)
2026-09-21 02:40:03 INFO  [restartedMain] - Starting service [Tomcat]
2026-09-21 02:40:03 INFO  [restartedMain] - Starting Servlet engine: [Apache Tomcat/11.0.24]
2026-09-21 02:40:04 INFO  [restartedMain] - Root WebApplicationContext: initialization completed in 513 ms
2026-09-21 02:40:04 INFO  [restartedMain] - HHH008540: Processing PersistenceUnitInfo [name: default]
2026-09-21 02:40:04 INFO  [restartedMain] - No LoadTimeWeaver setup: ignoring JPA class transformer
2026-09-21 02:40:04 INFO  [restartedMain] - HikariPool-11 - Starting...
2026-09-21 02:40:04 INFO  [restartedMain] - HikariPool-11 - Added connection conn98: url=jdbc:h2:mem:testdb user=SA
2026-09-21 02:40:04 INFO  [restartedMain] - HikariPool-11 - Start completed.
2026-09-21 02:40:04 INFO  [restartedMain] - HHH10001005: Database info:
	Database JDBC URL [jdbc:h2:mem:testdb]
	Database driver: H2 JDBC Driver
	Database dialect: H2Dialect
	Database version: 2.4.240
	Default catalog/schema: TESTDB/PUBLIC
	Autocommit mode: undefined/unknown
	Isolation level: READ_COMMITTED [default READ_COMMITTED]
	JDBC fetch size: 100
	Pool: DataSourceConnectionProvider
	Minimum pool size: undefined/unknown
	Maximum pool size: undefined/unknown
2026-09-21 02:40:04 INFO  [restartedMain] - HHH000489: No JTA platform available (set 'hibernate.transaction.jta.platform' to enable JTA platform integration)
2026-09-21 02:40:04 INFO  [restartedMain] - Initialized JPA EntityManagerFactory for persistence unit 'default'
2026-09-21 02:40:04 WARN  [restartedMain] - spring.jpa.open-in-view is enabled by default. Therefore, database queries may be performed during view rendering. Explicitly configure spring.jpa.open-in-view to disable this warning
2026-09-21 02:40:04 INFO  [restartedMain] - H2 console available at '/h2-console'. Database available at 'jdbc:h2:mem:testdb'
2026-09-21 02:40:04 INFO  [restartedMain] - Tomcat started on port 8081 (http) with context path '/'
2026-09-21 02:40:04 INFO  [restartedMain] - Started CategoryApplication in 1.45 seconds (process running for 814.033)
2026-09-21 02:40:04 WARN  [restartedMain] - SpringDoc /v3/api-docs endpoint is enabled by default. To disable it in production, set the property 'springdoc.api-docs.enabled=false'
2026-09-21 02:40:04 WARN  [restartedMain] - SpringDoc /swagger-ui.html endpoint is enabled by default. To disable it in production, set the property 'springdoc.swagger-ui.enabled=false'
2026-09-21 02:40:04 INFO  [restartedMain] - Condition evaluation unchanged
2026-09-21 02:42:54 INFO  [SpringApplicationShutdownHook] - Commencing graceful shutdown. Waiting for active requests to complete
2026-09-21 02:42:54 INFO  [tomcat-shutdown] - Graceful shutdown complete
2026-09-21 02:42:54 INFO  [SpringApplicationShutdownHook] - Closing JPA EntityManagerFactory for persistence unit 'default'
2026-09-21 02:42:54 WARN  [SpringApplicationShutdownHook] - Invocation of destroy method failed on bean with name 'inMemoryDatabaseShutdownExecutor': org.h2.jdbc.JdbcSQLNonTransientConnectionException: Database is already closed (to disable automatic closing at VM shutdown, add ";DB_CLOSE_ON_EXIT=FALSE" to the db URL) [90121-240]
2026-09-21 02:42:54 INFO  [SpringApplicationShutdownHook] - HikariPool-11 - Shutdown initiated...
2026-09-21 02:42:54 INFO  [SpringApplicationShutdownHook] - HikariPool-11 - Shutdown completed.
2026-09-21 02:42:58 INFO  [restartedMain] - Starting CategoryApplication using Java 21.0.11 with PID 1392 (C:\Users\vamsh\Desktop\MasterClass\MicroMini2\Category\target\classes started by vamsh in C:\Users\vamsh\Desktop\MasterClass\MicroMini2\Category)
2026-09-21 02:42:58 INFO  [restartedMain] - No active profile set, falling back to 1 default profile: "default"
2026-09-21 02:42:58 INFO  [restartedMain] - Devtools property defaults active! Set 'spring.devtools.add-properties' to 'false' to disable
2026-09-21 02:42:58 INFO  [restartedMain] - For additional web related logging consider setting the 'logging.level.web' property to 'DEBUG'
2026-09-21 02:42:58 INFO  [restartedMain] - Bootstrapping Spring Data JPA repositories in DEFAULT mode.
2026-09-21 02:42:58 INFO  [restartedMain] - Finished Spring Data repository scanning in 68 ms. Found 2 JPA repository interfaces.
2026-09-21 02:42:59 INFO  [restartedMain] - Tomcat initialized with port 8081 (http)
2026-09-21 02:42:59 INFO  [restartedMain] - Starting service [Tomcat]
2026-09-21 02:42:59 INFO  [restartedMain] - Starting Servlet engine: [Apache Tomcat/11.0.24]
2026-09-21 02:42:59 INFO  [restartedMain] - Root WebApplicationContext: initialization completed in 1563 ms
2026-09-21 02:42:59 INFO  [restartedMain] - HHH008540: Processing PersistenceUnitInfo [name: default]
2026-09-21 02:43:00 INFO  [restartedMain] - HHH000001: Hibernate ORM core version 7.2.24.Final
2026-09-21 02:43:00 INFO  [restartedMain] - No LoadTimeWeaver setup: ignoring JPA class transformer
2026-09-21 02:43:00 INFO  [restartedMain] - HikariPool-1 - Starting...
2026-09-21 02:43:00 INFO  [restartedMain] - HikariPool-1 - Added connection conn0: url=jdbc:h2:mem:testdb user=SA
2026-09-21 02:43:00 INFO  [restartedMain] - HikariPool-1 - Start completed.
2026-09-21 02:43:00 INFO  [restartedMain] - HHH10001005: Database info:
	Database JDBC URL [jdbc:h2:mem:testdb]
	Database driver: H2 JDBC Driver
	Database dialect: H2Dialect
	Database version: 2.4.240
	Default catalog/schema: TESTDB/PUBLIC
	Autocommit mode: undefined/unknown
	Isolation level: READ_COMMITTED [default READ_COMMITTED]
	JDBC fetch size: 100
	Pool: DataSourceConnectionProvider
	Minimum pool size: undefined/unknown
	Maximum pool size: undefined/unknown
2026-09-21 02:43:02 INFO  [restartedMain] - HHH000489: No JTA platform available (set 'hibernate.transaction.jta.platform' to enable JTA platform integration)
2026-09-21 02:43:02 INFO  [restartedMain] - Initialized JPA EntityManagerFactory for persistence unit 'default'
2026-09-21 02:43:02 INFO  [restartedMain] - Hibernate is in classpath; If applicable, HQL parser will be used.
2026-09-21 02:43:02 WARN  [restartedMain] - spring.jpa.open-in-view is enabled by default. Therefore, database queries may be performed during view rendering. Explicitly configure spring.jpa.open-in-view to disable this warning
2026-09-21 02:43:03 INFO  [restartedMain] - H2 console available at '/h2-console'. Database available at 'jdbc:h2:mem:testdb'
2026-09-21 02:43:03 INFO  [restartedMain] - Tomcat started on port 8081 (http) with context path '/'
2026-09-21 02:43:03 INFO  [restartedMain] - Started CategoryApplication in 5.359 seconds (process running for 5.94)
2026-09-21 02:43:03 WARN  [restartedMain] - SpringDoc /v3/api-docs endpoint is enabled by default. To disable it in production, set the property 'springdoc.api-docs.enabled=false'
2026-09-21 02:43:03 WARN  [restartedMain] - SpringDoc /swagger-ui.html endpoint is enabled by default. To disable it in production, set the property 'springdoc.swagger-ui.enabled=false'
2026-09-21 02:43:28 INFO  [SpringApplicationShutdownHook] - Commencing graceful shutdown. Waiting for active requests to complete
2026-09-21 02:43:29 INFO  [tomcat-shutdown] - Graceful shutdown complete
2026-09-21 02:43:29 INFO  [SpringApplicationShutdownHook] - Closing JPA EntityManagerFactory for persistence unit 'default'
2026-09-21 02:43:29 WARN  [SpringApplicationShutdownHook] - Invocation of destroy method failed on bean with name 'inMemoryDatabaseShutdownExecutor': org.h2.jdbc.JdbcSQLNonTransientConnectionException: Database is already closed (to disable automatic closing at VM shutdown, add ";DB_CLOSE_ON_EXIT=FALSE" to the db URL) [90121-240]
2026-09-21 02:43:29 INFO  [SpringApplicationShutdownHook] - HikariPool-1 - Shutdown initiated...
2026-09-21 02:43:29 INFO  [SpringApplicationShutdownHook] - HikariPool-1 - Shutdown completed.
2026-09-21 02:43:33 INFO  [restartedMain] - Starting CategoryApplication using Java 21.0.11 with PID 10976 (C:\Users\vamsh\Desktop\MasterClass\MicroMini2\Category\target\classes started by vamsh in C:\Users\vamsh\Desktop\MasterClass\MicroMini2\Category)
2026-09-21 02:43:33 INFO  [restartedMain] - No active profile set, falling back to 1 default profile: "default"
2026-09-21 02:43:33 INFO  [restartedMain] - Devtools property defaults active! Set 'spring.devtools.add-properties' to 'false' to disable
2026-09-21 02:43:33 INFO  [restartedMain] - For additional web related logging consider setting the 'logging.level.web' property to 'DEBUG'
2026-09-21 02:43:33 INFO  [restartedMain] - Bootstrapping Spring Data JPA repositories in DEFAULT mode.
2026-09-21 02:43:33 INFO  [restartedMain] - Finished Spring Data repository scanning in 35 ms. Found 2 JPA repository interfaces.
2026-09-21 02:43:34 INFO  [restartedMain] - Tomcat initialized with port 8081 (http)
2026-09-21 02:43:34 INFO  [restartedMain] - Starting service [Tomcat]
2026-09-21 02:43:34 INFO  [restartedMain] - Starting Servlet engine: [Apache Tomcat/11.0.24]
2026-09-21 02:43:34 INFO  [restartedMain] - Root WebApplicationContext: initialization completed in 1524 ms
2026-09-21 02:43:34 INFO  [restartedMain] - HHH008540: Processing PersistenceUnitInfo [name: default]
2026-09-21 02:43:34 INFO  [restartedMain] - HHH000001: Hibernate ORM core version 7.2.24.Final
2026-09-21 02:43:35 INFO  [restartedMain] - No LoadTimeWeaver setup: ignoring JPA class transformer
2026-09-21 02:43:35 INFO  [restartedMain] - HikariPool-1 - Starting...
2026-09-21 02:43:35 INFO  [restartedMain] - HikariPool-1 - Added connection conn0: url=jdbc:h2:mem:testdb user=SA
2026-09-21 02:43:35 INFO  [restartedMain] - HikariPool-1 - Start completed.
2026-09-21 02:43:35 INFO  [restartedMain] - HHH10001005: Database info:
	Database JDBC URL [jdbc:h2:mem:testdb]
	Database driver: H2 JDBC Driver
	Database dialect: H2Dialect
	Database version: 2.4.240
	Default catalog/schema: TESTDB/PUBLIC
	Autocommit mode: undefined/unknown
	Isolation level: READ_COMMITTED [default READ_COMMITTED]
	JDBC fetch size: 100
	Pool: DataSourceConnectionProvider
	Minimum pool size: undefined/unknown
	Maximum pool size: undefined/unknown
2026-09-21 02:43:36 INFO  [restartedMain] - HHH000489: No JTA platform available (set 'hibernate.transaction.jta.platform' to enable JTA platform integration)
2026-09-21 02:43:36 INFO  [restartedMain] - Initialized JPA EntityManagerFactory for persistence unit 'default'
2026-09-21 02:43:36 INFO  [restartedMain] - Hibernate is in classpath; If applicable, HQL parser will be used.
2026-09-21 02:43:37 WARN  [restartedMain] - spring.jpa.open-in-view is enabled by default. Therefore, database queries may be performed during view rendering. Explicitly configure spring.jpa.open-in-view to disable this warning
2026-09-21 02:43:37 INFO  [restartedMain] - H2 console available at '/h2-console'. Database available at 'jdbc:h2:mem:testdb'
2026-09-21 02:43:37 INFO  [restartedMain] - Tomcat started on port 8081 (http) with context path '/'
2026-09-21 02:43:37 INFO  [restartedMain] - Started CategoryApplication in 5.095 seconds (process running for 5.825)
2026-09-21 02:43:37 WARN  [restartedMain] - SpringDoc /v3/api-docs endpoint is enabled by default. To disable it in production, set the property 'springdoc.api-docs.enabled=false'
2026-09-21 02:43:37 WARN  [restartedMain] - SpringDoc /swagger-ui.html endpoint is enabled by default. To disable it in production, set the property 'springdoc.swagger-ui.enabled=false'
2026-09-21 02:45:03 INFO  [SpringApplicationShutdownHook] - Commencing graceful shutdown. Waiting for active requests to complete
2026-09-21 02:45:03 INFO  [tomcat-shutdown] - Graceful shutdown complete
2026-09-21 02:45:03 INFO  [SpringApplicationShutdownHook] - Closing JPA EntityManagerFactory for persistence unit 'default'
2026-09-21 02:45:03 WARN  [SpringApplicationShutdownHook] - Invocation of destroy method failed on bean with name 'inMemoryDatabaseShutdownExecutor': org.h2.jdbc.JdbcSQLNonTransientConnectionException: Database is already closed (to disable automatic closing at VM shutdown, add ";DB_CLOSE_ON_EXIT=FALSE" to the db URL) [90121-240]
2026-09-21 02:45:03 INFO  [SpringApplicationShutdownHook] - HikariPool-1 - Shutdown initiated...
2026-09-21 02:45:03 INFO  [SpringApplicationShutdownHook] - HikariPool-1 - Shutdown completed.
2026-09-21 02:45:05 INFO  [restartedMain] - Starting CategoryApplication using Java 21.0.11 with PID 16344 (C:\Users\vamsh\Desktop\MasterClass\MicroMini2\Category\target\classes started by vamsh in C:\Users\vamsh\Desktop\MasterClass\MicroMini2\Category)
2026-09-21 02:45:05 INFO  [restartedMain] - No active profile set, falling back to 1 default profile: "default"
2026-09-21 02:45:05 INFO  [restartedMain] - Devtools property defaults active! Set 'spring.devtools.add-properties' to 'false' to disable
2026-09-21 02:45:05 INFO  [restartedMain] - For additional web related logging consider setting the 'logging.level.web' property to 'DEBUG'
2026-09-21 02:45:06 INFO  [restartedMain] - Bootstrapping Spring Data JPA repositories in DEFAULT mode.
2026-09-21 02:45:06 INFO  [restartedMain] - Finished Spring Data repository scanning in 45 ms. Found 2 JPA repository interfaces.
2026-09-21 02:45:07 INFO  [restartedMain] - Tomcat initialized with port 8081 (http)
2026-09-21 02:45:07 INFO  [restartedMain] - Starting service [Tomcat]
2026-09-21 02:45:07 INFO  [restartedMain] - Starting Servlet engine: [Apache Tomcat/11.0.24]
2026-09-21 02:45:07 INFO  [restartedMain] - Root WebApplicationContext: initialization completed in 1667 ms
2026-09-21 02:45:07 INFO  [restartedMain] - HHH008540: Processing PersistenceUnitInfo [name: default]
2026-09-21 02:45:07 INFO  [restartedMain] - HHH000001: Hibernate ORM core version 7.2.24.Final
2026-09-21 02:45:08 INFO  [restartedMain] - No LoadTimeWeaver setup: ignoring JPA class transformer
2026-09-21 02:45:08 INFO  [restartedMain] - HikariPool-1 - Starting...
2026-09-21 02:45:08 INFO  [restartedMain] - HikariPool-1 - Added connection conn0: url=jdbc:h2:mem:testdb user=SA
2026-09-21 02:45:08 INFO  [restartedMain] - HikariPool-1 - Start completed.
2026-09-21 02:45:08 INFO  [restartedMain] - HHH10001005: Database info:
	Database JDBC URL [jdbc:h2:mem:testdb]
	Database driver: H2 JDBC Driver
	Database dialect: H2Dialect
	Database version: 2.4.240
	Default catalog/schema: TESTDB/PUBLIC
	Autocommit mode: undefined/unknown
	Isolation level: READ_COMMITTED [default READ_COMMITTED]
	JDBC fetch size: 100
	Pool: DataSourceConnectionProvider
	Minimum pool size: undefined/unknown
	Maximum pool size: undefined/unknown
2026-09-21 02:45:10 INFO  [restartedMain] - HHH000489: No JTA platform available (set 'hibernate.transaction.jta.platform' to enable JTA platform integration)
2026-09-21 02:45:10 INFO  [restartedMain] - Initialized JPA EntityManagerFactory for persistence unit 'default'
2026-09-21 02:45:10 INFO  [restartedMain] - Hibernate is in classpath; If applicable, HQL parser will be used.
2026-09-21 02:45:10 WARN  [restartedMain] - spring.jpa.open-in-view is enabled by default. Therefore, database queries may be performed during view rendering. Explicitly configure spring.jpa.open-in-view to disable this warning
2026-09-21 02:45:11 INFO  [restartedMain] - H2 console available at '/h2-console'. Database available at 'jdbc:h2:mem:testdb'
2026-09-21 02:45:11 INFO  [restartedMain] - Tomcat started on port 8081 (http) with context path '/'
2026-09-21 02:45:11 INFO  [restartedMain] - Started CategoryApplication in 5.601 seconds (process running for 6.251)
2026-09-21 02:45:11 WARN  [restartedMain] - SpringDoc /v3/api-docs endpoint is enabled by default. To disable it in production, set the property 'springdoc.api-docs.enabled=false'
2026-09-21 02:45:11 WARN  [restartedMain] - SpringDoc /swagger-ui.html endpoint is enabled by default. To disable it in production, set the property 'springdoc.swagger-ui.enabled=false'
2026-09-21 02:45:40 INFO  [http-nio-8081-exec-1] - Initializing Spring DispatcherServlet 'dispatcherServlet'
2026-09-21 02:45:40 INFO  [http-nio-8081-exec-1] - Initializing Servlet 'dispatcherServlet'
2026-09-21 02:45:40 INFO  [http-nio-8081-exec-1] - Completed initialization in 0 ms
2026-09-21 02:45:42 WARN  [http-nio-8081-exec-5] - Json Processing Exception occurred: Cannot construct instance of `java.util.HashSet` (although at least one Creator exists): no String-argument constructor/factory method to deserialize from String value ('string')
 at [Source: REDACTED (`StreamReadFeature.INCLUDE_SOURCE_IN_LOCATION` disabled); line: 1, column: 9] (through reference chain: io.swagger.v3.oas.models.media.JsonSchema["type"])
2026-09-21 02:45:42 INFO  [http-nio-8081-exec-5] - Init duration for springdoc-openapi is: 922 ms
2026-09-21 02:45:53 INFO  [http-nio-8081-exec-10] - Category created successfully categoryId=1
2026-09-21 02:46:42 INFO  [http-nio-8081-exec-9] - com.miniproject.category.Config.AppConfigProperties$$SpringCGLIB$$0@58e7927a
2026-09-21 02:48:12 INFO  [File Watcher] - Restarting due to 1 class path change (0 additions, 1 deletion, 0 modifications)
2026-09-21 02:48:12 INFO  [Thread-1] - Commencing graceful shutdown. Waiting for active requests to complete
2026-09-21 02:48:12 INFO  [tomcat-shutdown] - Graceful shutdown complete
2026-09-21 02:48:12 INFO  [Thread-1] - Closing JPA EntityManagerFactory for persistence unit 'default'
2026-09-21 02:48:12 WARN  [Thread-1] - Invocation of destroy method failed on bean with name 'inMemoryDatabaseShutdownExecutor': org.h2.jdbc.JdbcSQLNonTransientConnectionException: Database is already closed (to disable automatic closing at VM shutdown, add ";DB_CLOSE_ON_EXIT=FALSE" to the db URL) [90121-240]
2026-09-21 02:48:12 INFO  [Thread-1] - HikariPool-1 - Shutdown initiated...
2026-09-21 02:48:12 INFO  [Thread-1] - HikariPool-1 - Shutdown completed.
2026-09-21 02:48:12 INFO  [restartedMain] - Starting CategoryApplication using Java 21.0.11 with PID 16344 (C:\Users\vamsh\Desktop\MasterClass\MicroMini2\Category\target\classes started by vamsh in C:\Users\vamsh\Desktop\MasterClass\MicroMini2\Category)
2026-09-21 02:48:12 INFO  [restartedMain] - No active profile set, falling back to 1 default profile: "default"
2026-09-21 02:48:12 INFO  [restartedMain] - Bootstrapping Spring Data JPA repositories in DEFAULT mode.
2026-09-21 02:48:12 INFO  [restartedMain] - Finished Spring Data repository scanning in 22 ms. Found 2 JPA repository interfaces.
2026-09-21 02:48:13 INFO  [restartedMain] - Tomcat initialized with port 8081 (http)
2026-09-21 02:48:13 INFO  [restartedMain] - Starting service [Tomcat]
2026-09-21 02:48:13 INFO  [restartedMain] - Starting Servlet engine: [Apache Tomcat/11.0.24]
2026-09-21 02:48:13 INFO  [restartedMain] - Root WebApplicationContext: initialization completed in 785 ms
2026-09-21 02:48:13 INFO  [restartedMain] - HHH008540: Processing PersistenceUnitInfo [name: default]
2026-09-21 02:48:13 INFO  [restartedMain] - No LoadTimeWeaver setup: ignoring JPA class transformer
2026-09-21 02:48:13 INFO  [restartedMain] - HikariPool-2 - Starting...
2026-09-21 02:48:13 INFO  [restartedMain] - HikariPool-2 - Added connection conn10: url=jdbc:h2:mem:testdb user=SA
2026-09-21 02:48:13 INFO  [restartedMain] - HikariPool-2 - Start completed.
2026-09-21 02:48:13 INFO  [restartedMain] - HHH10001005: Database info:
	Database JDBC URL [jdbc:h2:mem:testdb]
	Database driver: H2 JDBC Driver
	Database dialect: H2Dialect
	Database version: 2.4.240
	Default catalog/schema: TESTDB/PUBLIC
	Autocommit mode: undefined/unknown
	Isolation level: READ_COMMITTED [default READ_COMMITTED]
	JDBC fetch size: 100
	Pool: DataSourceConnectionProvider
	Minimum pool size: undefined/unknown
	Maximum pool size: undefined/unknown
2026-09-21 02:48:13 INFO  [restartedMain] - HHH000489: No JTA platform available (set 'hibernate.transaction.jta.platform' to enable JTA platform integration)
2026-09-21 02:48:13 INFO  [restartedMain] - Initialized JPA EntityManagerFactory for persistence unit 'default'
2026-09-21 02:48:13 WARN  [restartedMain] - Exception encountered during context initialization - cancelling refresh attempt: org.springframework.beans.factory.UnsatisfiedDependencyException: Error creating bean with name 'travelController' defined in file [C:\Users\vamsh\Desktop\MasterClass\MicroMini2\Category\target\classes\com\miniproject\category\controller\TravelController.class]: Unsatisfied dependency expressed through constructor parameter 0: No qualifying bean of type 'com.miniproject.category.service.TravelPlanService' available: expected at least 1 bean which qualifies as autowire candidate. Dependency annotations: {}
2026-09-21 02:48:13 INFO  [restartedMain] - Closing JPA EntityManagerFactory for persistence unit 'default'
2026-09-21 02:48:13 WARN  [restartedMain] - Invocation of destroy method failed on bean with name 'inMemoryDatabaseShutdownExecutor': org.h2.jdbc.JdbcSQLNonTransientConnectionException: Database is already closed (to disable automatic closing at VM shutdown, add ";DB_CLOSE_ON_EXIT=FALSE" to the db URL) [90121-240]
2026-09-21 02:48:13 INFO  [restartedMain] - HikariPool-2 - Shutdown initiated...
2026-09-21 02:48:13 INFO  [restartedMain] - HikariPool-2 - Shutdown completed.
2026-09-21 02:48:13 INFO  [restartedMain] - Stopping service [Tomcat]
2026-09-21 02:48:13 INFO  [restartedMain] - 

Error starting ApplicationContext. To display the condition evaluation report re-run your application with 'debug' enabled.
2026-09-21 02:48:13 ERROR [restartedMain] - 

***************************
APPLICATION FAILED TO START
***************************

Description:

Parameter 0 of constructor in com.miniproject.category.controller.TravelController required a bean of type 'com.miniproject.category.service.TravelPlanService' that could not be found.


Action:

Consider defining a bean of type 'com.miniproject.category.service.TravelPlanService' in your configuration.

2026-09-21 02:48:16 INFO  [restartedMain] - Starting CategoryApplication using Java 21.0.11 with PID 16344 (C:\Users\vamsh\Desktop\MasterClass\MicroMini2\Category\target\classes started by vamsh in C:\Users\vamsh\Desktop\MasterClass\MicroMini2\Category)
2026-09-21 02:48:16 INFO  [restartedMain] - No active profile set, falling back to 1 default profile: "default"
2026-09-21 02:48:16 INFO  [restartedMain] - Bootstrapping Spring Data JPA repositories in DEFAULT mode.
2026-09-21 02:48:16 INFO  [restartedMain] - Finished Spring Data repository scanning in 33 ms. Found 2 JPA repository interfaces.
2026-09-21 02:48:16 INFO  [restartedMain] - Tomcat initialized with port 8081 (http)
2026-09-21 02:48:16 INFO  [restartedMain] - Starting service [Tomcat]
2026-09-21 02:48:16 INFO  [restartedMain] - Starting Servlet engine: [Apache Tomcat/11.0.24]
2026-09-21 02:48:16 INFO  [restartedMain] - Root WebApplicationContext: initialization completed in 569 ms
2026-09-21 02:48:16 INFO  [restartedMain] - HHH008540: Processing PersistenceUnitInfo [name: default]
2026-09-21 02:48:16 INFO  [restartedMain] - No LoadTimeWeaver setup: ignoring JPA class transformer
2026-09-21 02:48:16 INFO  [restartedMain] - HikariPool-3 - Starting...
2026-09-21 02:48:16 INFO  [restartedMain] - HikariPool-3 - Added connection conn17: url=jdbc:h2:mem:testdb user=SA
2026-09-21 02:48:16 INFO  [restartedMain] - HikariPool-3 - Start completed.
2026-09-21 02:48:16 INFO  [restartedMain] - HHH10001005: Database info:
	Database JDBC URL [jdbc:h2:mem:testdb]
	Database driver: H2 JDBC Driver
	Database dialect: H2Dialect
	Database version: 2.4.240
	Default catalog/schema: TESTDB/PUBLIC
	Autocommit mode: undefined/unknown
	Isolation level: READ_COMMITTED [default READ_COMMITTED]
	JDBC fetch size: 100
	Pool: DataSourceConnectionProvider
	Minimum pool size: undefined/unknown
	Maximum pool size: undefined/unknown
2026-09-21 02:48:17 INFO  [restartedMain] - HHH000489: No JTA platform available (set 'hibernate.transaction.jta.platform' to enable JTA platform integration)
2026-09-21 02:48:17 INFO  [restartedMain] - Initialized JPA EntityManagerFactory for persistence unit 'default'
2026-09-21 02:48:17 WARN  [restartedMain] - spring.jpa.open-in-view is enabled by default. Therefore, database queries may be performed during view rendering. Explicitly configure spring.jpa.open-in-view to disable this warning
2026-09-21 02:48:17 INFO  [restartedMain] - H2 console available at '/h2-console'. Database available at 'jdbc:h2:mem:testdb'
2026-09-21 02:48:17 INFO  [restartedMain] - Tomcat started on port 8081 (http) with context path '/'
2026-09-21 02:48:17 INFO  [restartedMain] - Started CategoryApplication in 1.563 seconds (process running for 192.919)
2026-09-21 02:48:17 WARN  [restartedMain] - SpringDoc /v3/api-docs endpoint is enabled by default. To disable it in production, set the property 'springdoc.api-docs.enabled=false'
2026-09-21 02:48:17 WARN  [restartedMain] - SpringDoc /swagger-ui.html endpoint is enabled by default. To disable it in production, set the property 'springdoc.swagger-ui.enabled=false'
2026-09-21 02:48:17 INFO  [restartedMain] - Condition evaluation unchanged
2026-09-21 02:48:25 INFO  [http-nio-8081-exec-1] - Initializing Spring DispatcherServlet 'dispatcherServlet'
2026-09-21 02:48:25 INFO  [http-nio-8081-exec-1] - Initializing Servlet 'dispatcherServlet'
2026-09-21 02:48:25 INFO  [http-nio-8081-exec-1] - Completed initialization in 11 ms
2026-09-21 02:48:25 WARN  [http-nio-8081-exec-1] - Resolved [com.miniproject.category.exception.NoResourceFoundException: No Category exists with id :1]
2026-09-21 02:48:27 WARN  [http-nio-8081-exec-3] - Resolved [com.miniproject.category.exception.NoResourceFoundException: No Category exists with id :1]
2026-09-21 02:48:28 WARN  [http-nio-8081-exec-2] - Resolved [com.miniproject.category.exception.NoResourceFoundException: No Category exists with id :1]
2026-09-21 02:48:44 INFO  [http-nio-8081-exec-4] - Category created successfully categoryId=1
2026-09-21 02:49:00 ERROR [http-nio-8081-exec-5] - Unexpected application error
java.lang.NullPointerException: Cannot invoke "java.util.Map.get(Object)" because the return value of "com.miniproject.category.Config.AppConfigProperties.getProperties()" is null
	at com.miniproject.category.serviceImpl.TravelPlanImplementation.create(TravelPlanImplementation.java:57) ~[classes/:na]
	at java.base/jdk.internal.reflect.DirectMethodHandleAccessor.invoke(DirectMethodHandleAccessor.java:103) ~[na:na]
	at java.base/java.lang.reflect.Method.invoke(Method.java:580) ~[na:na]
	at org.springframework.aop.support.AopUtils.invokeJoinpointUsingReflection(AopUtils.java:359) ~[spring-aop-7.0.9.jar:7.0.9]
	at org.springframework.aop.framework.ReflectiveMethodInvocation.invokeJoinpoint(ReflectiveMethodInvocation.java:190) ~[spring-aop-7.0.9.jar:7.0.9]
	at org.springframework.aop.framework.ReflectiveMethodInvocation.proceed(ReflectiveMethodInvocation.java:158) ~[spring-aop-7.0.9.jar:7.0.9]
	at org.springframework.transaction.interceptor.TransactionInterceptor$1.proceedWithInvocation(TransactionInterceptor.java:133) ~[spring-tx-7.0.9.jar:7.0.9]
	at org.springframework.transaction.interceptor.TransactionAspectSupport.invokeWithinTransaction(TransactionAspectSupport.java:371) ~[spring-tx-7.0.9.jar:7.0.9]
	at org.springframework.transaction.interceptor.TransactionInterceptor.invoke(TransactionInterceptor.java:130) ~[spring-tx-7.0.9.jar:7.0.9]
	at org.springframework.aop.framework.ReflectiveMethodInvocation.proceed(ReflectiveMethodInvocation.java:179) ~[spring-aop-7.0.9.jar:7.0.9]
	at org.springframework.aop.framework.CglibAopProxy$DynamicAdvisedInterceptor.intercept(CglibAopProxy.java:719) ~[spring-aop-7.0.9.jar:7.0.9]
	at com.miniproject.category.serviceImpl.TravelPlanImplementation$$SpringCGLIB$$0.create(<generated>) ~[classes/:na]
	at com.miniproject.category.controller.TravelController.create(TravelController.java:31) ~[classes/:na]
	at java.base/jdk.internal.reflect.DirectMethodHandleAccessor.invoke(DirectMethodHandleAccessor.java:103) ~[na:na]
	at java.base/java.lang.reflect.Method.invoke(Method.java:580) ~[na:na]
	at org.springframework.web.method.support.InvocableHandlerMethod.doInvoke(InvocableHandlerMethod.java:252) ~[spring-web-7.0.9.jar:7.0.9]
	at org.springframework.web.method.support.InvocableHandlerMethod.invokeForRequest(InvocableHandlerMethod.java:184) ~[spring-web-7.0.9.jar:7.0.9]
	at org.springframework.web.servlet.mvc.method.annotation.ServletInvocableHandlerMethod.invokeAndHandle(ServletInvocableHandlerMethod.java:117) ~[spring-webmvc-7.0.9.jar:7.0.9]
	at org.springframework.web.servlet.mvc.method.annotation.RequestMappingHandlerAdapter.invokeHandlerMethod(RequestMappingHandlerAdapter.java:934) ~[spring-webmvc-7.0.9.jar:7.0.9]
	at org.springframework.web.servlet.mvc.method.annotation.RequestMappingHandlerAdapter.handleInternal(RequestMappingHandlerAdapter.java:853) ~[spring-webmvc-7.0.9.jar:7.0.9]
	at org.springframework.web.servlet.mvc.method.AbstractHandlerMethodAdapter.handle(AbstractHandlerMethodAdapter.java:86) ~[spring-webmvc-7.0.9.jar:7.0.9]
	at org.springframework.web.servlet.DispatcherServlet.doDispatch(DispatcherServlet.java:963) ~[spring-webmvc-7.0.9.jar:7.0.9]
	at org.springframework.web.servlet.DispatcherServlet.doService(DispatcherServlet.java:866) ~[spring-webmvc-7.0.9.jar:7.0.9]
	at org.springframework.web.servlet.FrameworkServlet.processRequest(FrameworkServlet.java:1000) ~[spring-webmvc-7.0.9.jar:7.0.9]
	at org.springframework.web.servlet.FrameworkServlet.doPost(FrameworkServlet.java:903) ~[spring-webmvc-7.0.9.jar:7.0.9]
	at jakarta.servlet.http.HttpServlet.service(HttpServlet.java:649) ~[tomcat-embed-core-11.0.24.jar:6.1]
	at org.springframework.web.servlet.FrameworkServlet.service(FrameworkServlet.java:874) ~[spring-webmvc-7.0.9.jar:7.0.9]
	at jakarta.servlet.http.HttpServlet.service(HttpServlet.java:710) ~[tomcat-embed-core-11.0.24.jar:6.1]
	at org.apache.catalina.core.ApplicationFilterChain.doFilter(ApplicationFilterChain.java:132) ~[tomcat-embed-core-11.0.24.jar:11.0.24]
	at org.apache.tomcat.websocket.server.WsFilter.doFilter(WsFilter.java:59) ~[tomcat-embed-websocket-11.0.24.jar:11.0.24]
	at org.apache.catalina.core.ApplicationFilterChain.doFilter(ApplicationFilterChain.java:111) ~[tomcat-embed-core-11.0.24.jar:11.0.24]
	at org.springframework.web.filter.RequestContextFilter.doFilterInternal(RequestContextFilter.java:100) ~[spring-web-7.0.9.jar:7.0.9]
	at org.springframework.web.filter.OncePerRequestFilter.doFilter(OncePerRequestFilter.java:116) ~[spring-web-7.0.9.jar:7.0.9]
	at org.apache.catalina.core.ApplicationFilterChain.doFilter(ApplicationFilterChain.java:111) ~[tomcat-embed-core-11.0.24.jar:11.0.24]
	at org.springframework.web.filter.FormContentFilter.doFilterInternal(FormContentFilter.java:93) ~[spring-web-7.0.9.jar:7.0.9]
	at org.springframework.web.filter.OncePerRequestFilter.doFilter(OncePerRequestFilter.java:116) ~[spring-web-7.0.9.jar:7.0.9]
	at org.apache.catalina.core.ApplicationFilterChain.doFilter(ApplicationFilterChain.java:111) ~[tomcat-embed-core-11.0.24.jar:11.0.24]
	at org.springframework.web.filter.CharacterEncodingFilter.doFilterInternal(CharacterEncodingFilter.java:199) ~[spring-web-7.0.9.jar:7.0.9]
	at org.springframework.web.filter.OncePerRequestFilter.doFilter(OncePerRequestFilter.java:116) ~[spring-web-7.0.9.jar:7.0.9]
	at org.apache.catalina.core.ApplicationFilterChain.doFilter(ApplicationFilterChain.java:111) ~[tomcat-embed-core-11.0.24.jar:11.0.24]
	at org.apache.catalina.core.StandardWrapperValve.invoke(StandardWrapperValve.java:165) ~[tomcat-embed-core-11.0.24.jar:11.0.24]
	at org.apache.catalina.core.StandardContextValve.invoke(StandardContextValve.java:77) ~[tomcat-embed-core-11.0.24.jar:11.0.24]
	at org.apache.catalina.authenticator.AuthenticatorBase.invoke(AuthenticatorBase.java:535) ~[tomcat-embed-core-11.0.24.jar:11.0.24]
	at org.apache.catalina.core.StandardHostValve.invoke(StandardHostValve.java:115) ~[tomcat-embed-core-11.0.24.jar:11.0.24]
	at org.apache.catalina.valves.ErrorReportValve.invoke(ErrorReportValve.java:86) ~[tomcat-embed-core-11.0.24.jar:11.0.24]
	at org.apache.catalina.core.StandardEngineValve.invoke(StandardEngineValve.java:71) ~[tomcat-embed-core-11.0.24.jar:11.0.24]
	at org.apache.catalina.connector.CoyoteAdapter.service(CoyoteAdapter.java:347) ~[tomcat-embed-core-11.0.24.jar:11.0.24]
	at org.apache.coyote.http11.Http11Processor.service(Http11Processor.java:406) ~[tomcat-embed-core-11.0.24.jar:11.0.24]
	at org.apache.coyote.AbstractProcessorLight.process(AbstractProcessorLight.java:71) ~[tomcat-embed-core-11.0.24.jar:11.0.24]
	at org.apache.coyote.AbstractProtocol$ConnectionHandler.process(AbstractProtocol.java:1307) ~[tomcat-embed-core-11.0.24.jar:11.0.24]
	at org.apache.tomcat.util.net.NioEndpoint$SocketProcessor.doRun(NioEndpoint.java:2036) ~[tomcat-embed-core-11.0.24.jar:11.0.24]
	at org.apache.tomcat.util.net.SocketProcessorBase.run(SocketProcessorBase.java:74) ~[tomcat-embed-core-11.0.24.jar:11.0.24]
	at org.apache.tomcat.util.threads.ThreadPoolExecutor.runWorker(ThreadPoolExecutor.java:949) ~[tomcat-embed-core-11.0.24.jar:11.0.24]
	at org.apache.tomcat.util.threads.ThreadPoolExecutor$Worker.run(ThreadPoolExecutor.java:483) ~[tomcat-embed-core-11.0.24.jar:11.0.24]
	at org.apache.tomcat.util.threads.TaskThread$WrappingRunnable.run(TaskThread.java:74) ~[tomcat-embed-core-11.0.24.jar:11.0.24]
	at java.base/java.lang.Thread.run(Thread.java:1583) ~[na:na]
2026-09-21 02:49:00 WARN  [http-nio-8081-exec-5] - Resolved [java.lang.NullPointerException: Cannot invoke "java.util.Map.get(Object)" because the return value of "com.miniproject.category.Config.AppConfigProperties.getProperties()" is null]
2026-09-21 02:49:04 ERROR [http-nio-8081-exec-6] - Unexpected application error
java.lang.NullPointerException: Cannot invoke "java.util.Map.get(Object)" because the return value of "com.miniproject.category.Config.AppConfigProperties.getProperties()" is null
	at com.miniproject.category.serviceImpl.TravelPlanImplementation.create(TravelPlanImplementation.java:57) ~[classes/:na]
	at java.base/jdk.internal.reflect.DirectMethodHandleAccessor.invoke(DirectMethodHandleAccessor.java:103) ~[na:na]
	at java.base/java.lang.reflect.Method.invoke(Method.java:580) ~[na:na]
	at org.springframework.aop.support.AopUtils.invokeJoinpointUsingReflection(AopUtils.java:359) ~[spring-aop-7.0.9.jar:7.0.9]
	at org.springframework.aop.framework.ReflectiveMethodInvocation.invokeJoinpoint(ReflectiveMethodInvocation.java:190) ~[spring-aop-7.0.9.jar:7.0.9]
	at org.springframework.aop.framework.ReflectiveMethodInvocation.proceed(ReflectiveMethodInvocation.java:158) ~[spring-aop-7.0.9.jar:7.0.9]
	at org.springframework.transaction.interceptor.TransactionInterceptor$1.proceedWithInvocation(TransactionInterceptor.java:133) ~[spring-tx-7.0.9.jar:7.0.9]
	at org.springframework.transaction.interceptor.TransactionAspectSupport.invokeWithinTransaction(TransactionAspectSupport.java:371) ~[spring-tx-7.0.9.jar:7.0.9]
	at org.springframework.transaction.interceptor.TransactionInterceptor.invoke(TransactionInterceptor.java:130) ~[spring-tx-7.0.9.jar:7.0.9]
	at org.springframework.aop.framework.ReflectiveMethodInvocation.proceed(ReflectiveMethodInvocation.java:179) ~[spring-aop-7.0.9.jar:7.0.9]
	at org.springframework.aop.framework.CglibAopProxy$DynamicAdvisedInterceptor.intercept(CglibAopProxy.java:719) ~[spring-aop-7.0.9.jar:7.0.9]
	at com.miniproject.category.serviceImpl.TravelPlanImplementation$$SpringCGLIB$$0.create(<generated>) ~[classes/:na]
	at com.miniproject.category.controller.TravelController.create(TravelController.java:31) ~[classes/:na]
	at java.base/jdk.internal.reflect.DirectMethodHandleAccessor.invoke(DirectMethodHandleAccessor.java:103) ~[na:na]
	at java.base/java.lang.reflect.Method.invoke(Method.java:580) ~[na:na]
	at org.springframework.web.method.support.InvocableHandlerMethod.doInvoke(InvocableHandlerMethod.java:252) ~[spring-web-7.0.9.jar:7.0.9]
	at org.springframework.web.method.support.InvocableHandlerMethod.invokeForRequest(InvocableHandlerMethod.java:184) ~[spring-web-7.0.9.jar:7.0.9]
	at org.springframework.web.servlet.mvc.method.annotation.ServletInvocableHandlerMethod.invokeAndHandle(ServletInvocableHandlerMethod.java:117) ~[spring-webmvc-7.0.9.jar:7.0.9]
	at org.springframework.web.servlet.mvc.method.annotation.RequestMappingHandlerAdapter.invokeHandlerMethod(RequestMappingHandlerAdapter.java:934) ~[spring-webmvc-7.0.9.jar:7.0.9]
	at org.springframework.web.servlet.mvc.method.annotation.RequestMappingHandlerAdapter.handleInternal(RequestMappingHandlerAdapter.java:853) ~[spring-webmvc-7.0.9.jar:7.0.9]
	at org.springframework.web.servlet.mvc.method.AbstractHandlerMethodAdapter.handle(AbstractHandlerMethodAdapter.java:86) ~[spring-webmvc-7.0.9.jar:7.0.9]
	at org.springframework.web.servlet.DispatcherServlet.doDispatch(DispatcherServlet.java:963) ~[spring-webmvc-7.0.9.jar:7.0.9]
	at org.springframework.web.servlet.DispatcherServlet.doService(DispatcherServlet.java:866) ~[spring-webmvc-7.0.9.jar:7.0.9]
	at org.springframework.web.servlet.FrameworkServlet.processRequest(FrameworkServlet.java:1000) ~[spring-webmvc-7.0.9.jar:7.0.9]
	at org.springframework.web.servlet.FrameworkServlet.doPost(FrameworkServlet.java:903) ~[spring-webmvc-7.0.9.jar:7.0.9]
	at jakarta.servlet.http.HttpServlet.service(HttpServlet.java:649) ~[tomcat-embed-core-11.0.24.jar:6.1]
	at org.springframework.web.servlet.FrameworkServlet.service(FrameworkServlet.java:874) ~[spring-webmvc-7.0.9.jar:7.0.9]
	at jakarta.servlet.http.HttpServlet.service(HttpServlet.java:710) ~[tomcat-embed-core-11.0.24.jar:6.1]
	at org.apache.catalina.core.ApplicationFilterChain.doFilter(ApplicationFilterChain.java:132) ~[tomcat-embed-core-11.0.24.jar:11.0.24]
	at org.apache.tomcat.websocket.server.WsFilter.doFilter(WsFilter.java:59) ~[tomcat-embed-websocket-11.0.24.jar:11.0.24]
	at org.apache.catalina.core.ApplicationFilterChain.doFilter(ApplicationFilterChain.java:111) ~[tomcat-embed-core-11.0.24.jar:11.0.24]
	at org.springframework.web.filter.RequestContextFilter.doFilterInternal(RequestContextFilter.java:100) ~[spring-web-7.0.9.jar:7.0.9]
	at org.springframework.web.filter.OncePerRequestFilter.doFilter(OncePerRequestFilter.java:116) ~[spring-web-7.0.9.jar:7.0.9]
	at org.apache.catalina.core.ApplicationFilterChain.doFilter(ApplicationFilterChain.java:111) ~[tomcat-embed-core-11.0.24.jar:11.0.24]
	at org.springframework.web.filter.FormContentFilter.doFilterInternal(FormContentFilter.java:93) ~[spring-web-7.0.9.jar:7.0.9]
	at org.springframework.web.filter.OncePerRequestFilter.doFilter(OncePerRequestFilter.java:116) ~[spring-web-7.0.9.jar:7.0.9]
	at org.apache.catalina.core.ApplicationFilterChain.doFilter(ApplicationFilterChain.java:111) ~[tomcat-embed-core-11.0.24.jar:11.0.24]
	at org.springframework.web.filter.CharacterEncodingFilter.doFilterInternal(CharacterEncodingFilter.java:199) ~[spring-web-7.0.9.jar:7.0.9]
	at org.springframework.web.filter.OncePerRequestFilter.doFilter(OncePerRequestFilter.java:116) ~[spring-web-7.0.9.jar:7.0.9]
	at org.apache.catalina.core.ApplicationFilterChain.doFilter(ApplicationFilterChain.java:111) ~[tomcat-embed-core-11.0.24.jar:11.0.24]
	at org.apache.catalina.core.StandardWrapperValve.invoke(StandardWrapperValve.java:165) ~[tomcat-embed-core-11.0.24.jar:11.0.24]
	at org.apache.catalina.core.StandardContextValve.invoke(StandardContextValve.java:77) ~[tomcat-embed-core-11.0.24.jar:11.0.24]
	at org.apache.catalina.authenticator.AuthenticatorBase.invoke(AuthenticatorBase.java:535) ~[tomcat-embed-core-11.0.24.jar:11.0.24]
	at org.apache.catalina.core.StandardHostValve.invoke(StandardHostValve.java:115) ~[tomcat-embed-core-11.0.24.jar:11.0.24]
	at org.apache.catalina.valves.ErrorReportValve.invoke(ErrorReportValve.java:86) ~[tomcat-embed-core-11.0.24.jar:11.0.24]
	at org.apache.catalina.core.StandardEngineValve.invoke(StandardEngineValve.java:71) ~[tomcat-embed-core-11.0.24.jar:11.0.24]
	at org.apache.catalina.connector.CoyoteAdapter.service(CoyoteAdapter.java:347) ~[tomcat-embed-core-11.0.24.jar:11.0.24]
	at org.apache.coyote.http11.Http11Processor.service(Http11Processor.java:406) ~[tomcat-embed-core-11.0.24.jar:11.0.24]
	at org.apache.coyote.AbstractProcessorLight.process(AbstractProcessorLight.java:71) ~[tomcat-embed-core-11.0.24.jar:11.0.24]
	at org.apache.coyote.AbstractProtocol$ConnectionHandler.process(AbstractProtocol.java:1307) ~[tomcat-embed-core-11.0.24.jar:11.0.24]
	at org.apache.tomcat.util.net.NioEndpoint$SocketProcessor.doRun(NioEndpoint.java:2036) ~[tomcat-embed-core-11.0.24.jar:11.0.24]
	at org.apache.tomcat.util.net.SocketProcessorBase.run(SocketProcessorBase.java:74) ~[tomcat-embed-core-11.0.24.jar:11.0.24]
	at org.apache.tomcat.util.threads.ThreadPoolExecutor.runWorker(ThreadPoolExecutor.java:949) ~[tomcat-embed-core-11.0.24.jar:11.0.24]
	at org.apache.tomcat.util.threads.ThreadPoolExecutor$Worker.run(ThreadPoolExecutor.java:483) ~[tomcat-embed-core-11.0.24.jar:11.0.24]
	at org.apache.tomcat.util.threads.TaskThread$WrappingRunnable.run(TaskThread.java:74) ~[tomcat-embed-core-11.0.24.jar:11.0.24]
	at java.base/java.lang.Thread.run(Thread.java:1583) ~[na:na]
2026-09-21 02:49:04 WARN  [http-nio-8081-exec-6] - Resolved [java.lang.NullPointerException: Cannot invoke "java.util.Map.get(Object)" because the return value of "com.miniproject.category.Config.AppConfigProperties.getProperties()" is null]
2026-09-21 02:49:05 ERROR [http-nio-8081-exec-8] - Unexpected application error
java.lang.NullPointerException: Cannot invoke "java.util.Map.get(Object)" because the return value of "com.miniproject.category.Config.AppConfigProperties.getProperties()" is null
	at com.miniproject.category.serviceImpl.TravelPlanImplementation.create(TravelPlanImplementation.java:57) ~[classes/:na]
	at java.base/jdk.internal.reflect.DirectMethodHandleAccessor.invoke(DirectMethodHandleAccessor.java:103) ~[na:na]
	at java.base/java.lang.reflect.Method.invoke(Method.java:580) ~[na:na]
	at org.springframework.aop.support.AopUtils.invokeJoinpointUsingReflection(AopUtils.java:359) ~[spring-aop-7.0.9.jar:7.0.9]
	at org.springframework.aop.framework.ReflectiveMethodInvocation.invokeJoinpoint(ReflectiveMethodInvocation.java:190) ~[spring-aop-7.0.9.jar:7.0.9]
	at org.springframework.aop.framework.ReflectiveMethodInvocation.proceed(ReflectiveMethodInvocation.java:158) ~[spring-aop-7.0.9.jar:7.0.9]
	at org.springframework.transaction.interceptor.TransactionInterceptor$1.proceedWithInvocation(TransactionInterceptor.java:133) ~[spring-tx-7.0.9.jar:7.0.9]
	at org.springframework.transaction.interceptor.TransactionAspectSupport.invokeWithinTransaction(TransactionAspectSupport.java:371) ~[spring-tx-7.0.9.jar:7.0.9]
	at org.springframework.transaction.interceptor.TransactionInterceptor.invoke(TransactionInterceptor.java:130) ~[spring-tx-7.0.9.jar:7.0.9]
	at org.springframework.aop.framework.ReflectiveMethodInvocation.proceed(ReflectiveMethodInvocation.java:179) ~[spring-aop-7.0.9.jar:7.0.9]
	at org.springframework.aop.framework.CglibAopProxy$DynamicAdvisedInterceptor.intercept(CglibAopProxy.java:719) ~[spring-aop-7.0.9.jar:7.0.9]
	at com.miniproject.category.serviceImpl.TravelPlanImplementation$$SpringCGLIB$$0.create(<generated>) ~[classes/:na]
	at com.miniproject.category.controller.TravelController.create(TravelController.java:31) ~[classes/:na]
	at java.base/jdk.internal.reflect.DirectMethodHandleAccessor.invoke(DirectMethodHandleAccessor.java:103) ~[na:na]
	at java.base/java.lang.reflect.Method.invoke(Method.java:580) ~[na:na]
	at org.springframework.web.method.support.InvocableHandlerMethod.doInvoke(InvocableHandlerMethod.java:252) ~[spring-web-7.0.9.jar:7.0.9]
	at org.springframework.web.method.support.InvocableHandlerMethod.invokeForRequest(InvocableHandlerMethod.java:184) ~[spring-web-7.0.9.jar:7.0.9]
	at org.springframework.web.servlet.mvc.method.annotation.ServletInvocableHandlerMethod.invokeAndHandle(ServletInvocableHandlerMethod.java:117) ~[spring-webmvc-7.0.9.jar:7.0.9]
	at org.springframework.web.servlet.mvc.method.annotation.RequestMappingHandlerAdapter.invokeHandlerMethod(RequestMappingHandlerAdapter.java:934) ~[spring-webmvc-7.0.9.jar:7.0.9]
	at org.springframework.web.servlet.mvc.method.annotation.RequestMappingHandlerAdapter.handleInternal(RequestMappingHandlerAdapter.java:853) ~[spring-webmvc-7.0.9.jar:7.0.9]
	at org.springframework.web.servlet.mvc.method.AbstractHandlerMethodAdapter.handle(AbstractHandlerMethodAdapter.java:86) ~[spring-webmvc-7.0.9.jar:7.0.9]
	at org.springframework.web.servlet.DispatcherServlet.doDispatch(DispatcherServlet.java:963) ~[spring-webmvc-7.0.9.jar:7.0.9]
	at org.springframework.web.servlet.DispatcherServlet.doService(DispatcherServlet.java:866) ~[spring-webmvc-7.0.9.jar:7.0.9]
	at org.springframework.web.servlet.FrameworkServlet.processRequest(FrameworkServlet.java:1000) ~[spring-webmvc-7.0.9.jar:7.0.9]
	at org.springframework.web.servlet.FrameworkServlet.doPost(FrameworkServlet.java:903) ~[spring-webmvc-7.0.9.jar:7.0.9]
	at jakarta.servlet.http.HttpServlet.service(HttpServlet.java:649) ~[tomcat-embed-core-11.0.24.jar:6.1]
	at org.springframework.web.servlet.FrameworkServlet.service(FrameworkServlet.java:874) ~[spring-webmvc-7.0.9.jar:7.0.9]
	at jakarta.servlet.http.HttpServlet.service(HttpServlet.java:710) ~[tomcat-embed-core-11.0.24.jar:6.1]
	at org.apache.catalina.core.ApplicationFilterChain.doFilter(ApplicationFilterChain.java:132) ~[tomcat-embed-core-11.0.24.jar:11.0.24]
	at org.apache.tomcat.websocket.server.WsFilter.doFilter(WsFilter.java:59) ~[tomcat-embed-websocket-11.0.24.jar:11.0.24]
	at org.apache.catalina.core.ApplicationFilterChain.doFilter(ApplicationFilterChain.java:111) ~[tomcat-embed-core-11.0.24.jar:11.0.24]
	at org.springframework.web.filter.RequestContextFilter.doFilterInternal(RequestContextFilter.java:100) ~[spring-web-7.0.9.jar:7.0.9]
	at org.springframework.web.filter.OncePerRequestFilter.doFilter(OncePerRequestFilter.java:116) ~[spring-web-7.0.9.jar:7.0.9]
	at org.apache.catalina.core.ApplicationFilterChain.doFilter(ApplicationFilterChain.java:111) ~[tomcat-embed-core-11.0.24.jar:11.0.24]
	at org.springframework.web.filter.FormContentFilter.doFilterInternal(FormContentFilter.java:93) ~[spring-web-7.0.9.jar:7.0.9]
	at org.springframework.web.filter.OncePerRequestFilter.doFilter(OncePerRequestFilter.java:116) ~[spring-web-7.0.9.jar:7.0.9]
	at org.apache.catalina.core.ApplicationFilterChain.doFilter(ApplicationFilterChain.java:111) ~[tomcat-embed-core-11.0.24.jar:11.0.24]
	at org.springframework.web.filter.CharacterEncodingFilter.doFilterInternal(CharacterEncodingFilter.java:199) ~[spring-web-7.0.9.jar:7.0.9]
	at org.springframework.web.filter.OncePerRequestFilter.doFilter(OncePerRequestFilter.java:116) ~[spring-web-7.0.9.jar:7.0.9]
	at org.apache.catalina.core.ApplicationFilterChain.doFilter(ApplicationFilterChain.java:111) ~[tomcat-embed-core-11.0.24.jar:11.0.24]
	at org.apache.catalina.core.StandardWrapperValve.invoke(StandardWrapperValve.java:165) ~[tomcat-embed-core-11.0.24.jar:11.0.24]
	at org.apache.catalina.core.StandardContextValve.invoke(StandardContextValve.java:77) ~[tomcat-embed-core-11.0.24.jar:11.0.24]
	at org.apache.catalina.authenticator.AuthenticatorBase.invoke(AuthenticatorBase.java:535) ~[tomcat-embed-core-11.0.24.jar:11.0.24]
	at org.apache.catalina.core.StandardHostValve.invoke(StandardHostValve.java:115) ~[tomcat-embed-core-11.0.24.jar:11.0.24]
	at org.apache.catalina.valves.ErrorReportValve.invoke(ErrorReportValve.java:86) ~[tomcat-embed-core-11.0.24.jar:11.0.24]
	at org.apache.catalina.core.StandardEngineValve.invoke(StandardEngineValve.java:71) ~[tomcat-embed-core-11.0.24.jar:11.0.24]
	at org.apache.catalina.connector.CoyoteAdapter.service(CoyoteAdapter.java:347) ~[tomcat-embed-core-11.0.24.jar:11.0.24]
	at org.apache.coyote.http11.Http11Processor.service(Http11Processor.java:406) ~[tomcat-embed-core-11.0.24.jar:11.0.24]
	at org.apache.coyote.AbstractProcessorLight.process(AbstractProcessorLight.java:71) ~[tomcat-embed-core-11.0.24.jar:11.0.24]
	at org.apache.coyote.AbstractProtocol$ConnectionHandler.process(AbstractProtocol.java:1307) ~[tomcat-embed-core-11.0.24.jar:11.0.24]
	at org.apache.tomcat.util.net.NioEndpoint$SocketProcessor.doRun(NioEndpoint.java:2036) ~[tomcat-embed-core-11.0.24.jar:11.0.24]
	at org.apache.tomcat.util.net.SocketProcessorBase.run(SocketProcessorBase.java:74) ~[tomcat-embed-core-11.0.24.jar:11.0.24]
	at org.apache.tomcat.util.threads.ThreadPoolExecutor.runWorker(ThreadPoolExecutor.java:949) ~[tomcat-embed-core-11.0.24.jar:11.0.24]
	at org.apache.tomcat.util.threads.ThreadPoolExecutor$Worker.run(ThreadPoolExecutor.java:483) ~[tomcat-embed-core-11.0.24.jar:11.0.24]
	at org.apache.tomcat.util.threads.TaskThread$WrappingRunnable.run(TaskThread.java:74) ~[tomcat-embed-core-11.0.24.jar:11.0.24]
	at java.base/java.lang.Thread.run(Thread.java:1583) ~[na:na]
2026-09-21 02:49:05 WARN  [http-nio-8081-exec-8] - Resolved [java.lang.NullPointerException: Cannot invoke "java.util.Map.get(Object)" because the return value of "com.miniproject.category.Config.AppConfigProperties.getProperties()" is null]
2026-09-21 02:49:05 ERROR [http-nio-8081-exec-9] - Unexpected application error
java.lang.NullPointerException: Cannot invoke "java.util.Map.get(Object)" because the return value of "com.miniproject.category.Config.AppConfigProperties.getProperties()" is null
	at com.miniproject.category.serviceImpl.TravelPlanImplementation.create(TravelPlanImplementation.java:57) ~[classes/:na]
	at java.base/jdk.internal.reflect.DirectMethodHandleAccessor.invoke(DirectMethodHandleAccessor.java:103) ~[na:na]
	at java.base/java.lang.reflect.Method.invoke(Method.java:580) ~[na:na]
	at org.springframework.aop.support.AopUtils.invokeJoinpointUsingReflection(AopUtils.java:359) ~[spring-aop-7.0.9.jar:7.0.9]
	at org.springframework.aop.framework.ReflectiveMethodInvocation.invokeJoinpoint(ReflectiveMethodInvocation.java:190) ~[spring-aop-7.0.9.jar:7.0.9]
	at org.springframework.aop.framework.ReflectiveMethodInvocation.proceed(ReflectiveMethodInvocation.java:158) ~[spring-aop-7.0.9.jar:7.0.9]
	at org.springframework.transaction.interceptor.TransactionInterceptor$1.proceedWithInvocation(TransactionInterceptor.java:133) ~[spring-tx-7.0.9.jar:7.0.9]
	at org.springframework.transaction.interceptor.TransactionAspectSupport.invokeWithinTransaction(TransactionAspectSupport.java:371) ~[spring-tx-7.0.9.jar:7.0.9]
	at org.springframework.transaction.interceptor.TransactionInterceptor.invoke(TransactionInterceptor.java:130) ~[spring-tx-7.0.9.jar:7.0.9]
	at org.springframework.aop.framework.ReflectiveMethodInvocation.proceed(ReflectiveMethodInvocation.java:179) ~[spring-aop-7.0.9.jar:7.0.9]
	at org.springframework.aop.framework.CglibAopProxy$DynamicAdvisedInterceptor.intercept(CglibAopProxy.java:719) ~[spring-aop-7.0.9.jar:7.0.9]
	at com.miniproject.category.serviceImpl.TravelPlanImplementation$$SpringCGLIB$$0.create(<generated>) ~[classes/:na]
	at com.miniproject.category.controller.TravelController.create(TravelController.java:31) ~[classes/:na]
	at java.base/jdk.internal.reflect.DirectMethodHandleAccessor.invoke(DirectMethodHandleAccessor.java:103) ~[na:na]
	at java.base/java.lang.reflect.Method.invoke(Method.java:580) ~[na:na]
	at org.springframework.web.method.support.InvocableHandlerMethod.doInvoke(InvocableHandlerMethod.java:252) ~[spring-web-7.0.9.jar:7.0.9]
	at org.springframework.web.method.support.InvocableHandlerMethod.invokeForRequest(InvocableHandlerMethod.java:184) ~[spring-web-7.0.9.jar:7.0.9]
	at org.springframework.web.servlet.mvc.method.annotation.ServletInvocableHandlerMethod.invokeAndHandle(ServletInvocableHandlerMethod.java:117) ~[spring-webmvc-7.0.9.jar:7.0.9]
	at org.springframework.web.servlet.mvc.method.annotation.RequestMappingHandlerAdapter.invokeHandlerMethod(RequestMappingHandlerAdapter.java:934) ~[spring-webmvc-7.0.9.jar:7.0.9]
	at org.springframework.web.servlet.mvc.method.annotation.RequestMappingHandlerAdapter.handleInternal(RequestMappingHandlerAdapter.java:853) ~[spring-webmvc-7.0.9.jar:7.0.9]
	at org.springframework.web.servlet.mvc.method.AbstractHandlerMethodAdapter.handle(AbstractHandlerMethodAdapter.java:86) ~[spring-webmvc-7.0.9.jar:7.0.9]
	at org.springframework.web.servlet.DispatcherServlet.doDispatch(DispatcherServlet.java:963) ~[spring-webmvc-7.0.9.jar:7.0.9]
	at org.springframework.web.servlet.DispatcherServlet.doService(DispatcherServlet.java:866) ~[spring-webmvc-7.0.9.jar:7.0.9]
	at org.springframework.web.servlet.FrameworkServlet.processRequest(FrameworkServlet.java:1000) ~[spring-webmvc-7.0.9.jar:7.0.9]
	at org.springframework.web.servlet.FrameworkServlet.doPost(FrameworkServlet.java:903) ~[spring-webmvc-7.0.9.jar:7.0.9]
	at jakarta.servlet.http.HttpServlet.service(HttpServlet.java:649) ~[tomcat-embed-core-11.0.24.jar:6.1]
	at org.springframework.web.servlet.FrameworkServlet.service(FrameworkServlet.java:874) ~[spring-webmvc-7.0.9.jar:7.0.9]
	at jakarta.servlet.http.HttpServlet.service(HttpServlet.java:710) ~[tomcat-embed-core-11.0.24.jar:6.1]
	at org.apache.catalina.core.ApplicationFilterChain.doFilter(ApplicationFilterChain.java:132) ~[tomcat-embed-core-11.0.24.jar:11.0.24]
	at org.apache.tomcat.websocket.server.WsFilter.doFilter(WsFilter.java:59) ~[tomcat-embed-websocket-11.0.24.jar:11.0.24]
	at org.apache.catalina.core.ApplicationFilterChain.doFilter(ApplicationFilterChain.java:111) ~[tomcat-embed-core-11.0.24.jar:11.0.24]
	at org.springframework.web.filter.RequestContextFilter.doFilterInternal(RequestContextFilter.java:100) ~[spring-web-7.0.9.jar:7.0.9]
	at org.springframework.web.filter.OncePerRequestFilter.doFilter(OncePerRequestFilter.java:116) ~[spring-web-7.0.9.jar:7.0.9]
	at org.apache.catalina.core.ApplicationFilterChain.doFilter(ApplicationFilterChain.java:111) ~[tomcat-embed-core-11.0.24.jar:11.0.24]
	at org.springframework.web.filter.FormContentFilter.doFilterInternal(FormContentFilter.java:93) ~[spring-web-7.0.9.jar:7.0.9]
	at org.springframework.web.filter.OncePerRequestFilter.doFilter(OncePerRequestFilter.java:116) ~[spring-web-7.0.9.jar:7.0.9]
	at org.apache.catalina.core.ApplicationFilterChain.doFilter(ApplicationFilterChain.java:111) ~[tomcat-embed-core-11.0.24.jar:11.0.24]
	at org.springframework.web.filter.CharacterEncodingFilter.doFilterInternal(CharacterEncodingFilter.java:199) ~[spring-web-7.0.9.jar:7.0.9]
	at org.springframework.web.filter.OncePerRequestFilter.doFilter(OncePerRequestFilter.java:116) ~[spring-web-7.0.9.jar:7.0.9]
	at org.apache.catalina.core.ApplicationFilterChain.doFilter(ApplicationFilterChain.java:111) ~[tomcat-embed-core-11.0.24.jar:11.0.24]
	at org.apache.catalina.core.StandardWrapperValve.invoke(StandardWrapperValve.java:165) ~[tomcat-embed-core-11.0.24.jar:11.0.24]
	at org.apache.catalina.core.StandardContextValve.invoke(StandardContextValve.java:77) ~[tomcat-embed-core-11.0.24.jar:11.0.24]
	at org.apache.catalina.authenticator.AuthenticatorBase.invoke(AuthenticatorBase.java:535) ~[tomcat-embed-core-11.0.24.jar:11.0.24]
	at org.apache.catalina.core.StandardHostValve.invoke(StandardHostValve.java:115) ~[tomcat-embed-core-11.0.24.jar:11.0.24]
	at org.apache.catalina.valves.ErrorReportValve.invoke(ErrorReportValve.java:86) ~[tomcat-embed-core-11.0.24.jar:11.0.24]
	at org.apache.catalina.core.StandardEngineValve.invoke(StandardEngineValve.java:71) ~[tomcat-embed-core-11.0.24.jar:11.0.24]
	at org.apache.catalina.connector.CoyoteAdapter.service(CoyoteAdapter.java:347) ~[tomcat-embed-core-11.0.24.jar:11.0.24]
	at org.apache.coyote.http11.Http11Processor.service(Http11Processor.java:406) ~[tomcat-embed-core-11.0.24.jar:11.0.24]
	at org.apache.coyote.AbstractProcessorLight.process(AbstractProcessorLight.java:71) ~[tomcat-embed-core-11.0.24.jar:11.0.24]
	at org.apache.coyote.AbstractProtocol$ConnectionHandler.process(AbstractProtocol.java:1307) ~[tomcat-embed-core-11.0.24.jar:11.0.24]
	at org.apache.tomcat.util.net.NioEndpoint$SocketProcessor.doRun(NioEndpoint.java:2036) ~[tomcat-embed-core-11.0.24.jar:11.0.24]
	at org.apache.tomcat.util.net.SocketProcessorBase.run(SocketProcessorBase.java:74) ~[tomcat-embed-core-11.0.24.jar:11.0.24]
	at org.apache.tomcat.util.threads.ThreadPoolExecutor.runWorker(ThreadPoolExecutor.java:949) ~[tomcat-embed-core-11.0.24.jar:11.0.24]
	at org.apache.tomcat.util.threads.ThreadPoolExecutor$Worker.run(ThreadPoolExecutor.java:483) ~[tomcat-embed-core-11.0.24.jar:11.0.24]
	at org.apache.tomcat.util.threads.TaskThread$WrappingRunnable.run(TaskThread.java:74) ~[tomcat-embed-core-11.0.24.jar:11.0.24]
	at java.base/java.lang.Thread.run(Thread.java:1583) ~[na:na]
2026-09-21 02:49:05 WARN  [http-nio-8081-exec-9] - Resolved [java.lang.NullPointerException: Cannot invoke "java.util.Map.get(Object)" because the return value of "com.miniproject.category.Config.AppConfigProperties.getProperties()" is null]
2026-09-21 02:49:15 ERROR [http-nio-8081-exec-2] - Unexpected application error
org.springframework.web.servlet.resource.NoResourceFoundException: No static resource favicon.ico for request '/favicon.ico'.
	at org.springframework.web.servlet.resource.ResourceHttpRequestHandler.handleRequest(ResourceHttpRequestHandler.java:527) ~[spring-webmvc-7.0.9.jar:7.0.9]
	at org.springframework.web.servlet.mvc.HttpRequestHandlerAdapter.handle(HttpRequestHandlerAdapter.java:50) ~[spring-webmvc-7.0.9.jar:7.0.9]
	at org.springframework.web.servlet.DispatcherServlet.doDispatch(DispatcherServlet.java:963) ~[spring-webmvc-7.0.9.jar:7.0.9]
	at org.springframework.web.servlet.DispatcherServlet.doService(DispatcherServlet.java:866) ~[spring-webmvc-7.0.9.jar:7.0.9]
	at org.springframework.web.servlet.FrameworkServlet.processRequest(FrameworkServlet.java:1000) ~[spring-webmvc-7.0.9.jar:7.0.9]
	at org.springframework.web.servlet.FrameworkServlet.doGet(FrameworkServlet.java:892) ~[spring-webmvc-7.0.9.jar:7.0.9]
	at jakarta.servlet.http.HttpServlet.service(HttpServlet.java:622) ~[tomcat-embed-core-11.0.24.jar:6.1]
	at org.springframework.web.servlet.FrameworkServlet.service(FrameworkServlet.java:874) ~[spring-webmvc-7.0.9.jar:7.0.9]
	at jakarta.servlet.http.HttpServlet.service(HttpServlet.java:710) ~[tomcat-embed-core-11.0.24.jar:6.1]
	at org.apache.catalina.core.ApplicationFilterChain.doFilter(ApplicationFilterChain.java:132) ~[tomcat-embed-core-11.0.24.jar:11.0.24]
	at org.apache.tomcat.websocket.server.WsFilter.doFilter(WsFilter.java:59) ~[tomcat-embed-websocket-11.0.24.jar:11.0.24]
	at org.apache.catalina.core.ApplicationFilterChain.doFilter(ApplicationFilterChain.java:111) ~[tomcat-embed-core-11.0.24.jar:11.0.24]
	at org.springframework.web.filter.RequestContextFilter.doFilterInternal(RequestContextFilter.java:100) ~[spring-web-7.0.9.jar:7.0.9]
	at org.springframework.web.filter.OncePerRequestFilter.doFilter(OncePerRequestFilter.java:116) ~[spring-web-7.0.9.jar:7.0.9]
	at org.apache.catalina.core.ApplicationFilterChain.doFilter(ApplicationFilterChain.java:111) ~[tomcat-embed-core-11.0.24.jar:11.0.24]
	at org.springframework.web.filter.FormContentFilter.doFilterInternal(FormContentFilter.java:93) ~[spring-web-7.0.9.jar:7.0.9]
	at org.springframework.web.filter.OncePerRequestFilter.doFilter(OncePerRequestFilter.java:116) ~[spring-web-7.0.9.jar:7.0.9]
	at org.apache.catalina.core.ApplicationFilterChain.doFilter(ApplicationFilterChain.java:111) ~[tomcat-embed-core-11.0.24.jar:11.0.24]
	at org.springframework.web.filter.CharacterEncodingFilter.doFilterInternal(CharacterEncodingFilter.java:199) ~[spring-web-7.0.9.jar:7.0.9]
	at org.springframework.web.filter.OncePerRequestFilter.doFilter(OncePerRequestFilter.java:116) ~[spring-web-7.0.9.jar:7.0.9]
	at org.apache.catalina.core.ApplicationFilterChain.doFilter(ApplicationFilterChain.java:111) ~[tomcat-embed-core-11.0.24.jar:11.0.24]
	at org.apache.catalina.core.StandardWrapperValve.invoke(StandardWrapperValve.java:165) ~[tomcat-embed-core-11.0.24.jar:11.0.24]
	at org.apache.catalina.core.StandardContextValve.invoke(StandardContextValve.java:77) ~[tomcat-embed-core-11.0.24.jar:11.0.24]
	at org.apache.catalina.authenticator.AuthenticatorBase.invoke(AuthenticatorBase.java:535) ~[tomcat-embed-core-11.0.24.jar:11.0.24]
	at org.apache.catalina.core.StandardHostValve.invoke(StandardHostValve.java:115) ~[tomcat-embed-core-11.0.24.jar:11.0.24]
	at org.apache.catalina.valves.ErrorReportValve.invoke(ErrorReportValve.java:86) ~[tomcat-embed-core-11.0.24.jar:11.0.24]
	at org.apache.catalina.core.StandardEngineValve.invoke(StandardEngineValve.java:71) ~[tomcat-embed-core-11.0.24.jar:11.0.24]
	at org.apache.catalina.connector.CoyoteAdapter.service(CoyoteAdapter.java:347) ~[tomcat-embed-core-11.0.24.jar:11.0.24]
	at org.apache.coyote.http11.Http11Processor.service(Http11Processor.java:406) ~[tomcat-embed-core-11.0.24.jar:11.0.24]
	at org.apache.coyote.AbstractProcessorLight.process(AbstractProcessorLight.java:71) ~[tomcat-embed-core-11.0.24.jar:11.0.24]
	at org.apache.coyote.AbstractProtocol$ConnectionHandler.process(AbstractProtocol.java:1307) ~[tomcat-embed-core-11.0.24.jar:11.0.24]
	at org.apache.tomcat.util.net.NioEndpoint$SocketProcessor.doRun(NioEndpoint.java:2036) ~[tomcat-embed-core-11.0.24.jar:11.0.24]
	at org.apache.tomcat.util.net.SocketProcessorBase.run(SocketProcessorBase.java:74) ~[tomcat-embed-core-11.0.24.jar:11.0.24]
	at org.apache.tomcat.util.threads.ThreadPoolExecutor.runWorker(ThreadPoolExecutor.java:949) ~[tomcat-embed-core-11.0.24.jar:11.0.24]
	at org.apache.tomcat.util.threads.ThreadPoolExecutor$Worker.run(ThreadPoolExecutor.java:483) ~[tomcat-embed-core-11.0.24.jar:11.0.24]
	at org.apache.tomcat.util.threads.TaskThread$WrappingRunnable.run(TaskThread.java:74) ~[tomcat-embed-core-11.0.24.jar:11.0.24]
	at java.base/java.lang.Thread.run(Thread.java:1583) ~[na:na]
2026-09-21 02:49:15 WARN  [http-nio-8081-exec-2] - Resolved [org.springframework.web.servlet.resource.NoResourceFoundException: No static resource favicon.ico for request '/favicon.ico'.]
2026-09-21 02:49:28 ERROR [http-nio-8081-exec-4] - Unexpected application error
java.lang.NullPointerException: Cannot invoke "java.util.Map.get(Object)" because the return value of "com.miniproject.category.Config.AppConfigProperties.getProperties()" is null
	at com.miniproject.category.serviceImpl.TravelPlanImplementation.create(TravelPlanImplementation.java:57) ~[classes/:na]
	at java.base/jdk.internal.reflect.DirectMethodHandleAccessor.invoke(DirectMethodHandleAccessor.java:103) ~[na:na]
	at java.base/java.lang.reflect.Method.invoke(Method.java:580) ~[na:na]
	at org.springframework.aop.support.AopUtils.invokeJoinpointUsingReflection(AopUtils.java:359) ~[spring-aop-7.0.9.jar:7.0.9]
	at org.springframework.aop.framework.ReflectiveMethodInvocation.invokeJoinpoint(ReflectiveMethodInvocation.java:190) ~[spring-aop-7.0.9.jar:7.0.9]
	at org.springframework.aop.framework.ReflectiveMethodInvocation.proceed(ReflectiveMethodInvocation.java:158) ~[spring-aop-7.0.9.jar:7.0.9]
	at org.springframework.transaction.interceptor.TransactionInterceptor$1.proceedWithInvocation(TransactionInterceptor.java:133) ~[spring-tx-7.0.9.jar:7.0.9]
	at org.springframework.transaction.interceptor.TransactionAspectSupport.invokeWithinTransaction(TransactionAspectSupport.java:371) ~[spring-tx-7.0.9.jar:7.0.9]
	at org.springframework.transaction.interceptor.TransactionInterceptor.invoke(TransactionInterceptor.java:130) ~[spring-tx-7.0.9.jar:7.0.9]
	at org.springframework.aop.framework.ReflectiveMethodInvocation.proceed(ReflectiveMethodInvocation.java:179) ~[spring-aop-7.0.9.jar:7.0.9]
	at org.springframework.aop.framework.CglibAopProxy$DynamicAdvisedInterceptor.intercept(CglibAopProxy.java:719) ~[spring-aop-7.0.9.jar:7.0.9]
	at com.miniproject.category.serviceImpl.TravelPlanImplementation$$SpringCGLIB$$0.create(<generated>) ~[classes/:na]
	at com.miniproject.category.controller.TravelController.create(TravelController.java:31) ~[classes/:na]
	at java.base/jdk.internal.reflect.DirectMethodHandleAccessor.invoke(DirectMethodHandleAccessor.java:103) ~[na:na]
	at java.base/java.lang.reflect.Method.invoke(Method.java:580) ~[na:na]
	at org.springframework.web.method.support.InvocableHandlerMethod.doInvoke(InvocableHandlerMethod.java:252) ~[spring-web-7.0.9.jar:7.0.9]
	at org.springframework.web.method.support.InvocableHandlerMethod.invokeForRequest(InvocableHandlerMethod.java:184) ~[spring-web-7.0.9.jar:7.0.9]
	at org.springframework.web.servlet.mvc.method.annotation.ServletInvocableHandlerMethod.invokeAndHandle(ServletInvocableHandlerMethod.java:117) ~[spring-webmvc-7.0.9.jar:7.0.9]
	at org.springframework.web.servlet.mvc.method.annotation.RequestMappingHandlerAdapter.invokeHandlerMethod(RequestMappingHandlerAdapter.java:934) ~[spring-webmvc-7.0.9.jar:7.0.9]
	at org.springframework.web.servlet.mvc.method.annotation.RequestMappingHandlerAdapter.handleInternal(RequestMappingHandlerAdapter.java:853) ~[spring-webmvc-7.0.9.jar:7.0.9]
	at org.springframework.web.servlet.mvc.method.AbstractHandlerMethodAdapter.handle(AbstractHandlerMethodAdapter.java:86) ~[spring-webmvc-7.0.9.jar:7.0.9]
	at org.springframework.web.servlet.DispatcherServlet.doDispatch(DispatcherServlet.java:963) ~[spring-webmvc-7.0.9.jar:7.0.9]
	at org.springframework.web.servlet.DispatcherServlet.doService(DispatcherServlet.java:866) ~[spring-webmvc-7.0.9.jar:7.0.9]
	at org.springframework.web.servlet.FrameworkServlet.processRequest(FrameworkServlet.java:1000) ~[spring-webmvc-7.0.9.jar:7.0.9]
	at org.springframework.web.servlet.FrameworkServlet.doPost(FrameworkServlet.java:903) ~[spring-webmvc-7.0.9.jar:7.0.9]
	at jakarta.servlet.http.HttpServlet.service(HttpServlet.java:649) ~[tomcat-embed-core-11.0.24.jar:6.1]
	at org.springframework.web.servlet.FrameworkServlet.service(FrameworkServlet.java:874) ~[spring-webmvc-7.0.9.jar:7.0.9]
	at jakarta.servlet.http.HttpServlet.service(HttpServlet.java:710) ~[tomcat-embed-core-11.0.24.jar:6.1]
	at org.apache.catalina.core.ApplicationFilterChain.doFilter(ApplicationFilterChain.java:132) ~[tomcat-embed-core-11.0.24.jar:11.0.24]
	at org.apache.tomcat.websocket.server.WsFilter.doFilter(WsFilter.java:59) ~[tomcat-embed-websocket-11.0.24.jar:11.0.24]
	at org.apache.catalina.core.ApplicationFilterChain.doFilter(ApplicationFilterChain.java:111) ~[tomcat-embed-core-11.0.24.jar:11.0.24]
	at org.springframework.web.filter.RequestContextFilter.doFilterInternal(RequestContextFilter.java:100) ~[spring-web-7.0.9.jar:7.0.9]
	at org.springframework.web.filter.OncePerRequestFilter.doFilter(OncePerRequestFilter.java:116) ~[spring-web-7.0.9.jar:7.0.9]
	at org.apache.catalina.core.ApplicationFilterChain.doFilter(ApplicationFilterChain.java:111) ~[tomcat-embed-core-11.0.24.jar:11.0.24]
	at org.springframework.web.filter.FormContentFilter.doFilterInternal(FormContentFilter.java:93) ~[spring-web-7.0.9.jar:7.0.9]
	at org.springframework.web.filter.OncePerRequestFilter.doFilter(OncePerRequestFilter.java:116) ~[spring-web-7.0.9.jar:7.0.9]
	at org.apache.catalina.core.ApplicationFilterChain.doFilter(ApplicationFilterChain.java:111) ~[tomcat-embed-core-11.0.24.jar:11.0.24]
	at org.springframework.web.filter.CharacterEncodingFilter.doFilterInternal(CharacterEncodingFilter.java:199) ~[spring-web-7.0.9.jar:7.0.9]
	at org.springframework.web.filter.OncePerRequestFilter.doFilter(OncePerRequestFilter.java:116) ~[spring-web-7.0.9.jar:7.0.9]
	at org.apache.catalina.core.ApplicationFilterChain.doFilter(ApplicationFilterChain.java:111) ~[tomcat-embed-core-11.0.24.jar:11.0.24]
	at org.apache.catalina.core.StandardWrapperValve.invoke(StandardWrapperValve.java:165) ~[tomcat-embed-core-11.0.24.jar:11.0.24]
	at org.apache.catalina.core.StandardContextValve.invoke(StandardContextValve.java:77) ~[tomcat-embed-core-11.0.24.jar:11.0.24]
	at org.apache.catalina.authenticator.AuthenticatorBase.invoke(AuthenticatorBase.java:535) ~[tomcat-embed-core-11.0.24.jar:11.0.24]
	at org.apache.catalina.core.StandardHostValve.invoke(StandardHostValve.java:115) ~[tomcat-embed-core-11.0.24.jar:11.0.24]
	at org.apache.catalina.valves.ErrorReportValve.invoke(ErrorReportValve.java:86) ~[tomcat-embed-core-11.0.24.jar:11.0.24]
	at org.apache.catalina.core.StandardEngineValve.invoke(StandardEngineValve.java:71) ~[tomcat-embed-core-11.0.24.jar:11.0.24]
	at org.apache.catalina.connector.CoyoteAdapter.service(CoyoteAdapter.java:347) ~[tomcat-embed-core-11.0.24.jar:11.0.24]
	at org.apache.coyote.http11.Http11Processor.service(Http11Processor.java:406) ~[tomcat-embed-core-11.0.24.jar:11.0.24]
	at org.apache.coyote.AbstractProcessorLight.process(AbstractProcessorLight.java:71) ~[tomcat-embed-core-11.0.24.jar:11.0.24]
	at org.apache.coyote.AbstractProtocol$ConnectionHandler.process(AbstractProtocol.java:1307) ~[tomcat-embed-core-11.0.24.jar:11.0.24]
	at org.apache.tomcat.util.net.NioEndpoint$SocketProcessor.doRun(NioEndpoint.java:2036) ~[tomcat-embed-core-11.0.24.jar:11.0.24]
	at org.apache.tomcat.util.net.SocketProcessorBase.run(SocketProcessorBase.java:74) ~[tomcat-embed-core-11.0.24.jar:11.0.24]
	at org.apache.tomcat.util.threads.ThreadPoolExecutor.runWorker(ThreadPoolExecutor.java:949) ~[tomcat-embed-core-11.0.24.jar:11.0.24]
	at org.apache.tomcat.util.threads.ThreadPoolExecutor$Worker.run(ThreadPoolExecutor.java:483) ~[tomcat-embed-core-11.0.24.jar:11.0.24]
	at org.apache.tomcat.util.threads.TaskThread$WrappingRunnable.run(TaskThread.java:74) ~[tomcat-embed-core-11.0.24.jar:11.0.24]
	at java.base/java.lang.Thread.run(Thread.java:1583) ~[na:na]
2026-09-21 02:49:28 WARN  [http-nio-8081-exec-4] - Resolved [java.lang.NullPointerException: Cannot invoke "java.util.Map.get(Object)" because the return value of "com.miniproject.category.Config.AppConfigProperties.getProperties()" is null]
2026-09-21 02:49:49 ERROR [http-nio-8081-exec-4] - Unexpected application error
org.springframework.web.servlet.resource.NoResourceFoundException: No static resource favicon.ico for request '/favicon.ico'.
	at org.springframework.web.servlet.resource.ResourceHttpRequestHandler.handleRequest(ResourceHttpRequestHandler.java:527) ~[spring-webmvc-7.0.9.jar:7.0.9]
	at org.springframework.web.servlet.mvc.HttpRequestHandlerAdapter.handle(HttpRequestHandlerAdapter.java:50) ~[spring-webmvc-7.0.9.jar:7.0.9]
	at org.springframework.web.servlet.DispatcherServlet.doDispatch(DispatcherServlet.java:963) ~[spring-webmvc-7.0.9.jar:7.0.9]
	at org.springframework.web.servlet.DispatcherServlet.doService(DispatcherServlet.java:866) ~[spring-webmvc-7.0.9.jar:7.0.9]
	at org.springframework.web.servlet.FrameworkServlet.processRequest(FrameworkServlet.java:1000) ~[spring-webmvc-7.0.9.jar:7.0.9]
	at org.springframework.web.servlet.FrameworkServlet.doGet(FrameworkServlet.java:892) ~[spring-webmvc-7.0.9.jar:7.0.9]
	at jakarta.servlet.http.HttpServlet.service(HttpServlet.java:622) ~[tomcat-embed-core-11.0.24.jar:6.1]
	at org.springframework.web.servlet.FrameworkServlet.service(FrameworkServlet.java:874) ~[spring-webmvc-7.0.9.jar:7.0.9]
	at jakarta.servlet.http.HttpServlet.service(HttpServlet.java:710) ~[tomcat-embed-core-11.0.24.jar:6.1]
	at org.apache.catalina.core.ApplicationFilterChain.doFilter(ApplicationFilterChain.java:132) ~[tomcat-embed-core-11.0.24.jar:11.0.24]
	at org.apache.tomcat.websocket.server.WsFilter.doFilter(WsFilter.java:59) ~[tomcat-embed-websocket-11.0.24.jar:11.0.24]
	at org.apache.catalina.core.ApplicationFilterChain.doFilter(ApplicationFilterChain.java:111) ~[tomcat-embed-core-11.0.24.jar:11.0.24]
	at org.springframework.web.filter.RequestContextFilter.doFilterInternal(RequestContextFilter.java:100) ~[spring-web-7.0.9.jar:7.0.9]
	at org.springframework.web.filter.OncePerRequestFilter.doFilter(OncePerRequestFilter.java:116) ~[spring-web-7.0.9.jar:7.0.9]
	at org.apache.catalina.core.ApplicationFilterChain.doFilter(ApplicationFilterChain.java:111) ~[tomcat-embed-core-11.0.24.jar:11.0.24]
	at org.springframework.web.filter.FormContentFilter.doFilterInternal(FormContentFilter.java:93) ~[spring-web-7.0.9.jar:7.0.9]
	at org.springframework.web.filter.OncePerRequestFilter.doFilter(OncePerRequestFilter.java:116) ~[spring-web-7.0.9.jar:7.0.9]
	at org.apache.catalina.core.ApplicationFilterChain.doFilter(ApplicationFilterChain.java:111) ~[tomcat-embed-core-11.0.24.jar:11.0.24]
	at org.springframework.web.filter.CharacterEncodingFilter.doFilterInternal(CharacterEncodingFilter.java:199) ~[spring-web-7.0.9.jar:7.0.9]
	at org.springframework.web.filter.OncePerRequestFilter.doFilter(OncePerRequestFilter.java:116) ~[spring-web-7.0.9.jar:7.0.9]
	at org.apache.catalina.core.ApplicationFilterChain.doFilter(ApplicationFilterChain.java:111) ~[tomcat-embed-core-11.0.24.jar:11.0.24]
	at org.apache.catalina.core.StandardWrapperValve.invoke(StandardWrapperValve.java:165) ~[tomcat-embed-core-11.0.24.jar:11.0.24]
	at org.apache.catalina.core.StandardContextValve.invoke(StandardContextValve.java:77) ~[tomcat-embed-core-11.0.24.jar:11.0.24]
	at org.apache.catalina.authenticator.AuthenticatorBase.invoke(AuthenticatorBase.java:535) ~[tomcat-embed-core-11.0.24.jar:11.0.24]
	at org.apache.catalina.core.StandardHostValve.invoke(StandardHostValve.java:115) ~[tomcat-embed-core-11.0.24.jar:11.0.24]
	at org.apache.catalina.valves.ErrorReportValve.invoke(ErrorReportValve.java:86) ~[tomcat-embed-core-11.0.24.jar:11.0.24]
	at org.apache.catalina.core.StandardEngineValve.invoke(StandardEngineValve.java:71) ~[tomcat-embed-core-11.0.24.jar:11.0.24]
	at org.apache.catalina.connector.CoyoteAdapter.service(CoyoteAdapter.java:347) ~[tomcat-embed-core-11.0.24.jar:11.0.24]
	at org.apache.coyote.http11.Http11Processor.service(Http11Processor.java:406) ~[tomcat-embed-core-11.0.24.jar:11.0.24]
	at org.apache.coyote.AbstractProcessorLight.process(AbstractProcessorLight.java:71) ~[tomcat-embed-core-11.0.24.jar:11.0.24]
	at org.apache.coyote.AbstractProtocol$ConnectionHandler.process(AbstractProtocol.java:1307) ~[tomcat-embed-core-11.0.24.jar:11.0.24]
	at org.apache.tomcat.util.net.NioEndpoint$SocketProcessor.doRun(NioEndpoint.java:2036) ~[tomcat-embed-core-11.0.24.jar:11.0.24]
	at org.apache.tomcat.util.net.SocketProcessorBase.run(SocketProcessorBase.java:74) ~[tomcat-embed-core-11.0.24.jar:11.0.24]
	at org.apache.tomcat.util.threads.ThreadPoolExecutor.runWorker(ThreadPoolExecutor.java:949) ~[tomcat-embed-core-11.0.24.jar:11.0.24]
	at org.apache.tomcat.util.threads.ThreadPoolExecutor$Worker.run(ThreadPoolExecutor.java:483) ~[tomcat-embed-core-11.0.24.jar:11.0.24]
	at org.apache.tomcat.util.threads.TaskThread$WrappingRunnable.run(TaskThread.java:74) ~[tomcat-embed-core-11.0.24.jar:11.0.24]
	at java.base/java.lang.Thread.run(Thread.java:1583) ~[na:na]
2026-09-21 02:49:49 WARN  [http-nio-8081-exec-4] - Resolved [org.springframework.web.servlet.resource.NoResourceFoundException: No static resource favicon.ico for request '/favicon.ico'.]
2026-09-21 02:50:23 ERROR [http-nio-8081-exec-10] - Unexpected application error
java.lang.NullPointerException: Cannot invoke "java.util.Map.get(Object)" because the return value of "com.miniproject.category.Config.AppConfigProperties.getProperties()" is null
	at com.miniproject.category.serviceImpl.TravelPlanImplementation.create(TravelPlanImplementation.java:57) ~[classes/:na]
	at java.base/jdk.internal.reflect.DirectMethodHandleAccessor.invoke(DirectMethodHandleAccessor.java:103) ~[na:na]
	at java.base/java.lang.reflect.Method.invoke(Method.java:580) ~[na:na]
	at org.springframework.aop.support.AopUtils.invokeJoinpointUsingReflection(AopUtils.java:359) ~[spring-aop-7.0.9.jar:7.0.9]
	at org.springframework.aop.framework.ReflectiveMethodInvocation.invokeJoinpoint(ReflectiveMethodInvocation.java:190) ~[spring-aop-7.0.9.jar:7.0.9]
	at org.springframework.aop.framework.ReflectiveMethodInvocation.proceed(ReflectiveMethodInvocation.java:158) ~[spring-aop-7.0.9.jar:7.0.9]
	at org.springframework.transaction.interceptor.TransactionInterceptor$1.proceedWithInvocation(TransactionInterceptor.java:133) ~[spring-tx-7.0.9.jar:7.0.9]
	at org.springframework.transaction.interceptor.TransactionAspectSupport.invokeWithinTransaction(TransactionAspectSupport.java:371) ~[spring-tx-7.0.9.jar:7.0.9]
	at org.springframework.transaction.interceptor.TransactionInterceptor.invoke(TransactionInterceptor.java:130) ~[spring-tx-7.0.9.jar:7.0.9]
	at org.springframework.aop.framework.ReflectiveMethodInvocation.proceed(ReflectiveMethodInvocation.java:179) ~[spring-aop-7.0.9.jar:7.0.9]
	at org.springframework.aop.framework.CglibAopProxy$DynamicAdvisedInterceptor.intercept(CglibAopProxy.java:719) ~[spring-aop-7.0.9.jar:7.0.9]
	at com.miniproject.category.serviceImpl.TravelPlanImplementation$$SpringCGLIB$$0.create(<generated>) ~[classes/:na]
	at com.miniproject.category.controller.TravelController.create(TravelController.java:31) ~[classes/:na]
	at java.base/jdk.internal.reflect.DirectMethodHandleAccessor.invoke(DirectMethodHandleAccessor.java:103) ~[na:na]
	at java.base/java.lang.reflect.Method.invoke(Method.java:580) ~[na:na]
	at org.springframework.web.method.support.InvocableHandlerMethod.doInvoke(InvocableHandlerMethod.java:252) ~[spring-web-7.0.9.jar:7.0.9]
	at org.springframework.web.method.support.InvocableHandlerMethod.invokeForRequest(InvocableHandlerMethod.java:184) ~[spring-web-7.0.9.jar:7.0.9]
	at org.springframework.web.servlet.mvc.method.annotation.ServletInvocableHandlerMethod.invokeAndHandle(ServletInvocableHandlerMethod.java:117) ~[spring-webmvc-7.0.9.jar:7.0.9]
	at org.springframework.web.servlet.mvc.method.annotation.RequestMappingHandlerAdapter.invokeHandlerMethod(RequestMappingHandlerAdapter.java:934) ~[spring-webmvc-7.0.9.jar:7.0.9]
	at org.springframework.web.servlet.mvc.method.annotation.RequestMappingHandlerAdapter.handleInternal(RequestMappingHandlerAdapter.java:853) ~[spring-webmvc-7.0.9.jar:7.0.9]
	at org.springframework.web.servlet.mvc.method.AbstractHandlerMethodAdapter.handle(AbstractHandlerMethodAdapter.java:86) ~[spring-webmvc-7.0.9.jar:7.0.9]
	at org.springframework.web.servlet.DispatcherServlet.doDispatch(DispatcherServlet.java:963) ~[spring-webmvc-7.0.9.jar:7.0.9]
	at org.springframework.web.servlet.DispatcherServlet.doService(DispatcherServlet.java:866) ~[spring-webmvc-7.0.9.jar:7.0.9]
	at org.springframework.web.servlet.FrameworkServlet.processRequest(FrameworkServlet.java:1000) ~[spring-webmvc-7.0.9.jar:7.0.9]
	at org.springframework.web.servlet.FrameworkServlet.doPost(FrameworkServlet.java:903) ~[spring-webmvc-7.0.9.jar:7.0.9]
	at jakarta.servlet.http.HttpServlet.service(HttpServlet.java:649) ~[tomcat-embed-core-11.0.24.jar:6.1]
	at org.springframework.web.servlet.FrameworkServlet.service(FrameworkServlet.java:874) ~[spring-webmvc-7.0.9.jar:7.0.9]
	at jakarta.servlet.http.HttpServlet.service(HttpServlet.java:710) ~[tomcat-embed-core-11.0.24.jar:6.1]
	at org.apache.catalina.core.ApplicationFilterChain.doFilter(ApplicationFilterChain.java:132) ~[tomcat-embed-core-11.0.24.jar:11.0.24]
	at org.apache.tomcat.websocket.server.WsFilter.doFilter(WsFilter.java:59) ~[tomcat-embed-websocket-11.0.24.jar:11.0.24]
	at org.apache.catalina.core.ApplicationFilterChain.doFilter(ApplicationFilterChain.java:111) ~[tomcat-embed-core-11.0.24.jar:11.0.24]
	at org.springframework.web.filter.RequestContextFilter.doFilterInternal(RequestContextFilter.java:100) ~[spring-web-7.0.9.jar:7.0.9]
	at org.springframework.web.filter.OncePerRequestFilter.doFilter(OncePerRequestFilter.java:116) ~[spring-web-7.0.9.jar:7.0.9]
	at org.apache.catalina.core.ApplicationFilterChain.doFilter(ApplicationFilterChain.java:111) ~[tomcat-embed-core-11.0.24.jar:11.0.24]
	at org.springframework.web.filter.FormContentFilter.doFilterInternal(FormContentFilter.java:93) ~[spring-web-7.0.9.jar:7.0.9]
	at org.springframework.web.filter.OncePerRequestFilter.doFilter(OncePerRequestFilter.java:116) ~[spring-web-7.0.9.jar:7.0.9]
	at org.apache.catalina.core.ApplicationFilterChain.doFilter(ApplicationFilterChain.java:111) ~[tomcat-embed-core-11.0.24.jar:11.0.24]
	at org.springframework.web.filter.CharacterEncodingFilter.doFilterInternal(CharacterEncodingFilter.java:199) ~[spring-web-7.0.9.jar:7.0.9]
	at org.springframework.web.filter.OncePerRequestFilter.doFilter(OncePerRequestFilter.java:116) ~[spring-web-7.0.9.jar:7.0.9]
	at org.apache.catalina.core.ApplicationFilterChain.doFilter(ApplicationFilterChain.java:111) ~[tomcat-embed-core-11.0.24.jar:11.0.24]
	at org.apache.catalina.core.StandardWrapperValve.invoke(StandardWrapperValve.java:165) ~[tomcat-embed-core-11.0.24.jar:11.0.24]
	at org.apache.catalina.core.StandardContextValve.invoke(StandardContextValve.java:77) ~[tomcat-embed-core-11.0.24.jar:11.0.24]
	at org.apache.catalina.authenticator.AuthenticatorBase.invoke(AuthenticatorBase.java:535) ~[tomcat-embed-core-11.0.24.jar:11.0.24]
	at org.apache.catalina.core.StandardHostValve.invoke(StandardHostValve.java:115) ~[tomcat-embed-core-11.0.24.jar:11.0.24]
	at org.apache.catalina.valves.ErrorReportValve.invoke(ErrorReportValve.java:86) ~[tomcat-embed-core-11.0.24.jar:11.0.24]
	at org.apache.catalina.core.StandardEngineValve.invoke(StandardEngineValve.java:71) ~[tomcat-embed-core-11.0.24.jar:11.0.24]
	at org.apache.catalina.connector.CoyoteAdapter.service(CoyoteAdapter.java:347) ~[tomcat-embed-core-11.0.24.jar:11.0.24]
	at org.apache.coyote.http11.Http11Processor.service(Http11Processor.java:406) ~[tomcat-embed-core-11.0.24.jar:11.0.24]
	at org.apache.coyote.AbstractProcessorLight.process(AbstractProcessorLight.java:71) ~[tomcat-embed-core-11.0.24.jar:11.0.24]
	at org.apache.coyote.AbstractProtocol$ConnectionHandler.process(AbstractProtocol.java:1307) ~[tomcat-embed-core-11.0.24.jar:11.0.24]
	at org.apache.tomcat.util.net.NioEndpoint$SocketProcessor.doRun(NioEndpoint.java:2036) ~[tomcat-embed-core-11.0.24.jar:11.0.24]
	at org.apache.tomcat.util.net.SocketProcessorBase.run(SocketProcessorBase.java:74) ~[tomcat-embed-core-11.0.24.jar:11.0.24]
	at org.apache.tomcat.util.threads.ThreadPoolExecutor.runWorker(ThreadPoolExecutor.java:949) ~[tomcat-embed-core-11.0.24.jar:11.0.24]
	at org.apache.tomcat.util.threads.ThreadPoolExecutor$Worker.run(ThreadPoolExecutor.java:483) ~[tomcat-embed-core-11.0.24.jar:11.0.24]
	at org.apache.tomcat.util.threads.TaskThread$WrappingRunnable.run(TaskThread.java:74) ~[tomcat-embed-core-11.0.24.jar:11.0.24]
	at java.base/java.lang.Thread.run(Thread.java:1583) ~[na:na]
2026-09-21 02:50:23 WARN  [http-nio-8081-exec-10] - Resolved [java.lang.NullPointerException: Cannot invoke "java.util.Map.get(Object)" because the return value of "com.miniproject.category.Config.AppConfigProperties.getProperties()" is null]
2026-09-21 02:50:42 INFO  [SpringApplicationShutdownHook] - Commencing graceful shutdown. Waiting for active requests to complete
2026-09-21 02:50:42 INFO  [tomcat-shutdown] - Graceful shutdown complete
2026-09-21 02:50:42 INFO  [SpringApplicationShutdownHook] - Closing JPA EntityManagerFactory for persistence unit 'default'
2026-09-21 02:50:42 WARN  [SpringApplicationShutdownHook] - Invocation of destroy method failed on bean with name 'inMemoryDatabaseShutdownExecutor': org.h2.jdbc.JdbcSQLNonTransientConnectionException: Database is already closed (to disable automatic closing at VM shutdown, add ";DB_CLOSE_ON_EXIT=FALSE" to the db URL) [90121-240]
2026-09-21 02:50:42 INFO  [SpringApplicationShutdownHook] - HikariPool-3 - Shutdown initiated...
2026-09-21 02:50:42 INFO  [SpringApplicationShutdownHook] - HikariPool-3 - Shutdown completed.
2026-09-21 02:50:46 INFO  [restartedMain] - Starting CategoryApplication using Java 21.0.11 with PID 11544 (C:\Users\vamsh\Desktop\MasterClass\MicroMini2\Category\target\classes started by vamsh in C:\Users\vamsh\Desktop\MasterClass\MicroMini2\Category)
2026-09-21 02:50:46 INFO  [restartedMain] - No active profile set, falling back to 1 default profile: "default"
2026-09-21 02:50:46 INFO  [restartedMain] - Devtools property defaults active! Set 'spring.devtools.add-properties' to 'false' to disable
2026-09-21 02:50:46 INFO  [restartedMain] - For additional web related logging consider setting the 'logging.level.web' property to 'DEBUG'
2026-09-21 02:50:47 INFO  [restartedMain] - Bootstrapping Spring Data JPA repositories in DEFAULT mode.
2026-09-21 02:50:48 INFO  [restartedMain] - Finished Spring Data repository scanning in 119 ms. Found 2 JPA repository interfaces.
2026-09-21 02:50:48 INFO  [restartedMain] - Tomcat initialized with port 8081 (http)
2026-09-21 02:50:48 INFO  [restartedMain] - Starting service [Tomcat]
2026-09-21 02:50:48 INFO  [restartedMain] - Starting Servlet engine: [Apache Tomcat/11.0.24]
2026-09-21 02:50:48 INFO  [restartedMain] - Root WebApplicationContext: initialization completed in 1881 ms
2026-09-21 02:50:49 INFO  [restartedMain] - HHH008540: Processing PersistenceUnitInfo [name: default]
2026-09-21 02:50:49 INFO  [restartedMain] - HHH000001: Hibernate ORM core version 7.2.24.Final
2026-09-21 02:50:49 INFO  [restartedMain] - No LoadTimeWeaver setup: ignoring JPA class transformer
2026-09-21 02:50:49 INFO  [restartedMain] - HikariPool-1 - Starting...
2026-09-21 02:50:49 INFO  [restartedMain] - HikariPool-1 - Added connection conn0: url=jdbc:h2:mem:testdb user=SA
2026-09-21 02:50:49 INFO  [restartedMain] - HikariPool-1 - Start completed.
2026-09-21 02:50:50 INFO  [restartedMain] - HHH10001005: Database info:
	Database JDBC URL [jdbc:h2:mem:testdb]
	Database driver: H2 JDBC Driver
	Database dialect: H2Dialect
	Database version: 2.4.240
	Default catalog/schema: TESTDB/PUBLIC
	Autocommit mode: undefined/unknown
	Isolation level: READ_COMMITTED [default READ_COMMITTED]
	JDBC fetch size: 100
	Pool: DataSourceConnectionProvider
	Minimum pool size: undefined/unknown
	Maximum pool size: undefined/unknown
2026-09-21 02:50:51 INFO  [restartedMain] - HHH000489: No JTA platform available (set 'hibernate.transaction.jta.platform' to enable JTA platform integration)
2026-09-21 02:50:51 INFO  [restartedMain] - Initialized JPA EntityManagerFactory for persistence unit 'default'
2026-09-21 02:50:51 INFO  [restartedMain] - Hibernate is in classpath; If applicable, HQL parser will be used.
2026-09-21 02:50:52 WARN  [restartedMain] - spring.jpa.open-in-view is enabled by default. Therefore, database queries may be performed during view rendering. Explicitly configure spring.jpa.open-in-view to disable this warning
2026-09-21 02:50:52 INFO  [restartedMain] - H2 console available at '/h2-console'. Database available at 'jdbc:h2:mem:testdb'
2026-09-21 02:50:52 INFO  [restartedMain] - Tomcat started on port 8081 (http) with context path '/'
2026-09-21 02:50:53 INFO  [restartedMain] - Started CategoryApplication in 7.461 seconds (process running for 9.108)
2026-09-21 02:50:53 WARN  [restartedMain] - SpringDoc /v3/api-docs endpoint is enabled by default. To disable it in production, set the property 'springdoc.api-docs.enabled=false'
2026-09-21 02:50:53 WARN  [restartedMain] - SpringDoc /swagger-ui.html endpoint is enabled by default. To disable it in production, set the property 'springdoc.swagger-ui.enabled=false'
2026-09-21 02:51:07 INFO  [SpringApplicationShutdownHook] - Commencing graceful shutdown. Waiting for active requests to complete
2026-09-21 02:51:07 INFO  [tomcat-shutdown] - Graceful shutdown complete
2026-09-21 02:51:07 INFO  [SpringApplicationShutdownHook] - Closing JPA EntityManagerFactory for persistence unit 'default'
2026-09-21 02:51:07 WARN  [SpringApplicationShutdownHook] - Invocation of destroy method failed on bean with name 'inMemoryDatabaseShutdownExecutor': org.h2.jdbc.JdbcSQLNonTransientConnectionException: Database is already closed (to disable automatic closing at VM shutdown, add ";DB_CLOSE_ON_EXIT=FALSE" to the db URL) [90121-240]
2026-09-21 02:51:07 INFO  [SpringApplicationShutdownHook] - HikariPool-1 - Shutdown initiated...
2026-09-21 02:51:07 INFO  [SpringApplicationShutdownHook] - HikariPool-1 - Shutdown completed.
2026-09-21 02:51:10 INFO  [restartedMain] - Starting CategoryApplication using Java 21.0.11 with PID 11040 (C:\Users\vamsh\Desktop\MasterClass\MicroMini2\Category\target\classes started by vamsh in C:\Users\vamsh\Desktop\MasterClass\MicroMini2\Category)
2026-09-21 02:51:10 INFO  [restartedMain] - No active profile set, falling back to 1 default profile: "default"
2026-09-21 02:51:10 INFO  [restartedMain] - Devtools property defaults active! Set 'spring.devtools.add-properties' to 'false' to disable
2026-09-21 02:51:10 INFO  [restartedMain] - For additional web related logging consider setting the 'logging.level.web' property to 'DEBUG'
2026-09-21 02:51:11 INFO  [restartedMain] - Bootstrapping Spring Data JPA repositories in DEFAULT mode.
2026-09-21 02:51:11 INFO  [restartedMain] - Finished Spring Data repository scanning in 128 ms. Found 2 JPA repository interfaces.
2026-09-21 02:51:11 INFO  [restartedMain] - Tomcat initialized with port 8081 (http)
2026-09-21 02:51:11 INFO  [restartedMain] - Starting service [Tomcat]
2026-09-21 02:51:11 INFO  [restartedMain] - Starting Servlet engine: [Apache Tomcat/11.0.24]
2026-09-21 02:51:11 INFO  [restartedMain] - Root WebApplicationContext: initialization completed in 1842 ms
2026-09-21 02:51:12 INFO  [restartedMain] - HHH008540: Processing PersistenceUnitInfo [name: default]
2026-09-21 02:51:12 INFO  [restartedMain] - HHH000001: Hibernate ORM core version 7.2.24.Final
2026-09-21 02:51:12 INFO  [restartedMain] - No LoadTimeWeaver setup: ignoring JPA class transformer
2026-09-21 02:51:12 INFO  [restartedMain] - HikariPool-1 - Starting...
2026-09-21 02:51:13 INFO  [restartedMain] - HikariPool-1 - Added connection conn0: url=jdbc:h2:mem:testdb user=SA
2026-09-21 02:51:13 INFO  [restartedMain] - HikariPool-1 - Start completed.
2026-09-21 02:51:13 INFO  [restartedMain] - HHH10001005: Database info:
	Database JDBC URL [jdbc:h2:mem:testdb]
	Database driver: H2 JDBC Driver
	Database dialect: H2Dialect
	Database version: 2.4.240
	Default catalog/schema: TESTDB/PUBLIC
	Autocommit mode: undefined/unknown
	Isolation level: READ_COMMITTED [default READ_COMMITTED]
	JDBC fetch size: 100
	Pool: DataSourceConnectionProvider
	Minimum pool size: undefined/unknown
	Maximum pool size: undefined/unknown
2026-09-21 02:51:14 INFO  [restartedMain] - HHH000489: No JTA platform available (set 'hibernate.transaction.jta.platform' to enable JTA platform integration)
2026-09-21 02:51:14 INFO  [restartedMain] - Initialized JPA EntityManagerFactory for persistence unit 'default'
2026-09-21 02:51:14 INFO  [restartedMain] - Hibernate is in classpath; If applicable, HQL parser will be used.
2026-09-21 02:51:15 WARN  [restartedMain] - spring.jpa.open-in-view is enabled by default. Therefore, database queries may be performed during view rendering. Explicitly configure spring.jpa.open-in-view to disable this warning
2026-09-21 02:51:15 INFO  [restartedMain] - H2 console available at '/h2-console'. Database available at 'jdbc:h2:mem:testdb'
2026-09-21 02:51:16 INFO  [restartedMain] - Tomcat started on port 8081 (http) with context path '/'
2026-09-21 02:51:16 INFO  [restartedMain] - Started CategoryApplication in 6.949 seconds (process running for 8.282)
2026-09-21 02:51:16 WARN  [restartedMain] - SpringDoc /v3/api-docs endpoint is enabled by default. To disable it in production, set the property 'springdoc.api-docs.enabled=false'
2026-09-21 02:51:16 WARN  [restartedMain] - SpringDoc /swagger-ui.html endpoint is enabled by default. To disable it in production, set the property 'springdoc.swagger-ui.enabled=false'
2026-09-21 02:51:26 INFO  [http-nio-8081-exec-1] - Initializing Spring DispatcherServlet 'dispatcherServlet'
2026-09-21 02:51:26 INFO  [http-nio-8081-exec-1] - Initializing Servlet 'dispatcherServlet'
2026-09-21 02:51:26 INFO  [http-nio-8081-exec-1] - Completed initialization in 0 ms
2026-09-21 02:51:27 INFO  [http-nio-8081-exec-1] - Category created successfully categoryId=1
2026-09-21 02:51:39 ERROR [http-nio-8081-exec-2] - Unexpected application error
java.lang.NullPointerException: Cannot invoke "java.util.Map.get(Object)" because the return value of "com.miniproject.category.Config.AppConfigProperties.getProperties()" is null
	at com.miniproject.category.serviceImpl.TravelPlanImplementation.create(TravelPlanImplementation.java:57)
	at java.base/jdk.internal.reflect.DirectMethodHandleAccessor.invoke(DirectMethodHandleAccessor.java:103)
	at java.base/java.lang.reflect.Method.invoke(Method.java:580)
	at org.springframework.aop.support.AopUtils.invokeJoinpointUsingReflection(AopUtils.java:359)
	at org.springframework.aop.framework.ReflectiveMethodInvocation.invokeJoinpoint(ReflectiveMethodInvocation.java:190)
	at org.springframework.aop.framework.ReflectiveMethodInvocation.proceed(ReflectiveMethodInvocation.java:158)
	at org.springframework.transaction.interceptor.TransactionInterceptor$1.proceedWithInvocation(TransactionInterceptor.java:133)
	at org.springframework.transaction.interceptor.TransactionAspectSupport.invokeWithinTransaction(TransactionAspectSupport.java:371)
	at org.springframework.transaction.interceptor.TransactionInterceptor.invoke(TransactionInterceptor.java:130)
	at org.springframework.aop.framework.ReflectiveMethodInvocation.proceed(ReflectiveMethodInvocation.java:179)
	at org.springframework.aop.framework.CglibAopProxy$DynamicAdvisedInterceptor.intercept(CglibAopProxy.java:719)
	at com.miniproject.category.serviceImpl.TravelPlanImplementation$$SpringCGLIB$$0.create(<generated>)
	at com.miniproject.category.controller.TravelController.create(TravelController.java:31)
	at java.base/jdk.internal.reflect.DirectMethodHandleAccessor.invoke(DirectMethodHandleAccessor.java:103)
	at java.base/java.lang.reflect.Method.invoke(Method.java:580)
	at org.springframework.web.method.support.InvocableHandlerMethod.doInvoke(InvocableHandlerMethod.java:252)
	at org.springframework.web.method.support.InvocableHandlerMethod.invokeForRequest(InvocableHandlerMethod.java:184)
	at org.springframework.web.servlet.mvc.method.annotation.ServletInvocableHandlerMethod.invokeAndHandle(ServletInvocableHandlerMethod.java:117)
	at org.springframework.web.servlet.mvc.method.annotation.RequestMappingHandlerAdapter.invokeHandlerMethod(RequestMappingHandlerAdapter.java:934)
	at org.springframework.web.servlet.mvc.method.annotation.RequestMappingHandlerAdapter.handleInternal(RequestMappingHandlerAdapter.java:853)
	at org.springframework.web.servlet.mvc.method.AbstractHandlerMethodAdapter.handle(AbstractHandlerMethodAdapter.java:86)
	at org.springframework.web.servlet.DispatcherServlet.doDispatch(DispatcherServlet.java:963)
	at org.springframework.web.servlet.DispatcherServlet.doService(DispatcherServlet.java:866)
	at org.springframework.web.servlet.FrameworkServlet.processRequest(FrameworkServlet.java:1000)
	at org.springframework.web.servlet.FrameworkServlet.doPost(FrameworkServlet.java:903)
	at jakarta.servlet.http.HttpServlet.service(HttpServlet.java:649)
	at org.springframework.web.servlet.FrameworkServlet.service(FrameworkServlet.java:874)
	at jakarta.servlet.http.HttpServlet.service(HttpServlet.java:710)
	at org.apache.catalina.core.ApplicationFilterChain.doFilter(ApplicationFilterChain.java:132)
	at org.apache.tomcat.websocket.server.WsFilter.doFilter(WsFilter.java:59)
	at org.apache.catalina.core.ApplicationFilterChain.doFilter(ApplicationFilterChain.java:111)
	at org.springframework.web.filter.RequestContextFilter.doFilterInternal(RequestContextFilter.java:100)
	at org.springframework.web.filter.OncePerRequestFilter.doFilter(OncePerRequestFilter.java:116)
	at org.apache.catalina.core.ApplicationFilterChain.doFilter(ApplicationFilterChain.java:111)
	at org.springframework.web.filter.FormContentFilter.doFilterInternal(FormContentFilter.java:93)
	at org.springframework.web.filter.OncePerRequestFilter.doFilter(OncePerRequestFilter.java:116)
	at org.apache.catalina.core.ApplicationFilterChain.doFilter(ApplicationFilterChain.java:111)
	at org.springframework.web.filter.CharacterEncodingFilter.doFilterInternal(CharacterEncodingFilter.java:199)
	at org.springframework.web.filter.OncePerRequestFilter.doFilter(OncePerRequestFilter.java:116)
	at org.apache.catalina.core.ApplicationFilterChain.doFilter(ApplicationFilterChain.java:111)
	at org.apache.catalina.core.StandardWrapperValve.invoke(StandardWrapperValve.java:165)
	at org.apache.catalina.core.StandardContextValve.invoke(StandardContextValve.java:77)
	at org.apache.catalina.authenticator.AuthenticatorBase.invoke(AuthenticatorBase.java:535)
	at org.apache.catalina.core.StandardHostValve.invoke(StandardHostValve.java:115)
	at org.apache.catalina.valves.ErrorReportValve.invoke(ErrorReportValve.java:86)
	at org.apache.catalina.core.StandardEngineValve.invoke(StandardEngineValve.java:71)
	at org.apache.catalina.connector.CoyoteAdapter.service(CoyoteAdapter.java:347)
	at org.apache.coyote.http11.Http11Processor.service(Http11Processor.java:406)
	at org.apache.coyote.AbstractProcessorLight.process(AbstractProcessorLight.java:71)
	at org.apache.coyote.AbstractProtocol$ConnectionHandler.process(AbstractProtocol.java:1307)
	at org.apache.tomcat.util.net.NioEndpoint$SocketProcessor.doRun(NioEndpoint.java:2036)
	at org.apache.tomcat.util.net.SocketProcessorBase.run(SocketProcessorBase.java:74)
	at org.apache.tomcat.util.threads.ThreadPoolExecutor.runWorker(ThreadPoolExecutor.java:949)
	at org.apache.tomcat.util.threads.ThreadPoolExecutor$Worker.run(ThreadPoolExecutor.java:483)
	at org.apache.tomcat.util.threads.TaskThread$WrappingRunnable.run(TaskThread.java:74)
	at java.base/java.lang.Thread.run(Thread.java:1583)
2026-09-21 02:51:39 WARN  [http-nio-8081-exec-2] - Resolved [java.lang.NullPointerException: Cannot invoke "java.util.Map.get(Object)" because the return value of "com.miniproject.category.Config.AppConfigProperties.getProperties()" is null]
2026-09-21 02:51:45 ERROR [http-nio-8081-exec-7] - Unexpected application error
java.lang.NullPointerException: Cannot invoke "java.util.Map.get(Object)" because the return value of "com.miniproject.category.Config.AppConfigProperties.getProperties()" is null
	at com.miniproject.category.serviceImpl.TravelPlanImplementation.create(TravelPlanImplementation.java:57)
	at java.base/jdk.internal.reflect.DirectMethodHandleAccessor.invoke(DirectMethodHandleAccessor.java:103)
	at java.base/java.lang.reflect.Method.invoke(Method.java:580)
	at org.springframework.aop.support.AopUtils.invokeJoinpointUsingReflection(AopUtils.java:359)
	at org.springframework.aop.framework.ReflectiveMethodInvocation.invokeJoinpoint(ReflectiveMethodInvocation.java:190)
	at org.springframework.aop.framework.ReflectiveMethodInvocation.proceed(ReflectiveMethodInvocation.java:158)
	at org.springframework.transaction.interceptor.TransactionInterceptor$1.proceedWithInvocation(TransactionInterceptor.java:133)
	at org.springframework.transaction.interceptor.TransactionAspectSupport.invokeWithinTransaction(TransactionAspectSupport.java:371)
	at org.springframework.transaction.interceptor.TransactionInterceptor.invoke(TransactionInterceptor.java:130)
	at org.springframework.aop.framework.ReflectiveMethodInvocation.proceed(ReflectiveMethodInvocation.java:179)
	at org.springframework.aop.framework.CglibAopProxy$DynamicAdvisedInterceptor.intercept(CglibAopProxy.java:719)
	at com.miniproject.category.serviceImpl.TravelPlanImplementation$$SpringCGLIB$$0.create(<generated>)
	at com.miniproject.category.controller.TravelController.create(TravelController.java:31)
	at java.base/jdk.internal.reflect.DirectMethodHandleAccessor.invoke(DirectMethodHandleAccessor.java:103)
	at java.base/java.lang.reflect.Method.invoke(Method.java:580)
	at org.springframework.web.method.support.InvocableHandlerMethod.doInvoke(InvocableHandlerMethod.java:252)
	at org.springframework.web.method.support.InvocableHandlerMethod.invokeForRequest(InvocableHandlerMethod.java:184)
	at org.springframework.web.servlet.mvc.method.annotation.ServletInvocableHandlerMethod.invokeAndHandle(ServletInvocableHandlerMethod.java:117)
	at org.springframework.web.servlet.mvc.method.annotation.RequestMappingHandlerAdapter.invokeHandlerMethod(RequestMappingHandlerAdapter.java:934)
	at org.springframework.web.servlet.mvc.method.annotation.RequestMappingHandlerAdapter.handleInternal(RequestMappingHandlerAdapter.java:853)
	at org.springframework.web.servlet.mvc.method.AbstractHandlerMethodAdapter.handle(AbstractHandlerMethodAdapter.java:86)
	at org.springframework.web.servlet.DispatcherServlet.doDispatch(DispatcherServlet.java:963)
	at org.springframework.web.servlet.DispatcherServlet.doService(DispatcherServlet.java:866)
	at org.springframework.web.servlet.FrameworkServlet.processRequest(FrameworkServlet.java:1000)
	at org.springframework.web.servlet.FrameworkServlet.doPost(FrameworkServlet.java:903)
	at jakarta.servlet.http.HttpServlet.service(HttpServlet.java:649)
	at org.springframework.web.servlet.FrameworkServlet.service(FrameworkServlet.java:874)
	at jakarta.servlet.http.HttpServlet.service(HttpServlet.java:710)
	at org.apache.catalina.core.ApplicationFilterChain.doFilter(ApplicationFilterChain.java:132)
	at org.apache.tomcat.websocket.server.WsFilter.doFilter(WsFilter.java:59)
	at org.apache.catalina.core.ApplicationFilterChain.doFilter(ApplicationFilterChain.java:111)
	at org.springframework.web.filter.RequestContextFilter.doFilterInternal(RequestContextFilter.java:100)
	at org.springframework.web.filter.OncePerRequestFilter.doFilter(OncePerRequestFilter.java:116)
	at org.apache.catalina.core.ApplicationFilterChain.doFilter(ApplicationFilterChain.java:111)
	at org.springframework.web.filter.FormContentFilter.doFilterInternal(FormContentFilter.java:93)
	at org.springframework.web.filter.OncePerRequestFilter.doFilter(OncePerRequestFilter.java:116)
	at org.apache.catalina.core.ApplicationFilterChain.doFilter(ApplicationFilterChain.java:111)
	at org.springframework.web.filter.CharacterEncodingFilter.doFilterInternal(CharacterEncodingFilter.java:199)
	at org.springframework.web.filter.OncePerRequestFilter.doFilter(OncePerRequestFilter.java:116)
	at org.apache.catalina.core.ApplicationFilterChain.doFilter(ApplicationFilterChain.java:111)
	at org.apache.catalina.core.StandardWrapperValve.invoke(StandardWrapperValve.java:165)
	at org.apache.catalina.core.StandardContextValve.invoke(StandardContextValve.java:77)
	at org.apache.catalina.authenticator.AuthenticatorBase.invoke(AuthenticatorBase.java:535)
	at org.apache.catalina.core.StandardHostValve.invoke(StandardHostValve.java:115)
	at org.apache.catalina.valves.ErrorReportValve.invoke(ErrorReportValve.java:86)
	at org.apache.catalina.core.StandardEngineValve.invoke(StandardEngineValve.java:71)
	at org.apache.catalina.connector.CoyoteAdapter.service(CoyoteAdapter.java:347)
	at org.apache.coyote.http11.Http11Processor.service(Http11Processor.java:406)
	at org.apache.coyote.AbstractProcessorLight.process(AbstractProcessorLight.java:71)
	at org.apache.coyote.AbstractProtocol$ConnectionHandler.process(AbstractProtocol.java:1307)
	at org.apache.tomcat.util.net.NioEndpoint$SocketProcessor.doRun(NioEndpoint.java:2036)
	at org.apache.tomcat.util.net.SocketProcessorBase.run(SocketProcessorBase.java:74)
	at org.apache.tomcat.util.threads.ThreadPoolExecutor.runWorker(ThreadPoolExecutor.java:949)
	at org.apache.tomcat.util.threads.ThreadPoolExecutor$Worker.run(ThreadPoolExecutor.java:483)
	at org.apache.tomcat.util.threads.TaskThread$WrappingRunnable.run(TaskThread.java:74)
	at java.base/java.lang.Thread.run(Thread.java:1583)
2026-09-21 02:51:45 WARN  [http-nio-8081-exec-7] - Resolved [java.lang.NullPointerException: Cannot invoke "java.util.Map.get(Object)" because the return value of "com.miniproject.category.Config.AppConfigProperties.getProperties()" is null]
2026-09-21 02:52:00 INFO  [SpringApplicationShutdownHook] - Commencing graceful shutdown. Waiting for active requests to complete
2026-09-21 02:52:00 INFO  [tomcat-shutdown] - Graceful shutdown complete
2026-09-21 02:52:00 INFO  [SpringApplicationShutdownHook] - Closing JPA EntityManagerFactory for persistence unit 'default'
2026-09-21 02:52:00 WARN  [SpringApplicationShutdownHook] - Invocation of destroy method failed on bean with name 'inMemoryDatabaseShutdownExecutor': org.h2.jdbc.JdbcSQLNonTransientConnectionException: Database is already closed (to disable automatic closing at VM shutdown, add ";DB_CLOSE_ON_EXIT=FALSE" to the db URL) [90121-240]
2026-09-21 02:52:00 INFO  [SpringApplicationShutdownHook] - HikariPool-1 - Shutdown initiated...
2026-09-21 02:52:00 INFO  [SpringApplicationShutdownHook] - HikariPool-1 - Shutdown completed.
2026-09-21 02:52:11 INFO  [restartedMain] - Starting CategoryApplication using Java 21.0.11 with PID 17972 (C:\Users\vamsh\Desktop\MasterClass\MicroMini2\Category\target\classes started by vamsh in C:\Users\vamsh\Desktop\MasterClass\MicroMini2\Category)
2026-09-21 02:52:11 INFO  [restartedMain] - No active profile set, falling back to 1 default profile: "default"
2026-09-21 02:52:11 INFO  [restartedMain] - Devtools property defaults active! Set 'spring.devtools.add-properties' to 'false' to disable
2026-09-21 02:52:11 INFO  [restartedMain] - For additional web related logging consider setting the 'logging.level.web' property to 'DEBUG'
2026-09-21 02:52:12 INFO  [restartedMain] - Bootstrapping Spring Data JPA repositories in DEFAULT mode.
2026-09-21 02:52:12 INFO  [restartedMain] - Finished Spring Data repository scanning in 129 ms. Found 2 JPA repository interfaces.
2026-09-21 02:52:13 INFO  [restartedMain] - Tomcat initialized with port 8081 (http)
2026-09-21 02:52:13 INFO  [restartedMain] - Starting service [Tomcat]
2026-09-21 02:52:13 INFO  [restartedMain] - Starting Servlet engine: [Apache Tomcat/11.0.24]
2026-09-21 02:52:13 INFO  [restartedMain] - Root WebApplicationContext: initialization completed in 2017 ms
2026-09-21 02:52:13 INFO  [restartedMain] - HHH008540: Processing PersistenceUnitInfo [name: default]
2026-09-21 02:52:13 INFO  [restartedMain] - HHH000001: Hibernate ORM core version 7.2.24.Final
2026-09-21 02:52:14 INFO  [restartedMain] - No LoadTimeWeaver setup: ignoring JPA class transformer
2026-09-21 02:52:14 INFO  [restartedMain] - HikariPool-1 - Starting...
2026-09-21 02:52:14 INFO  [restartedMain] - HikariPool-1 - Added connection conn0: url=jdbc:h2:mem:testdb user=SA
2026-09-21 02:52:14 INFO  [restartedMain] - HikariPool-1 - Start completed.
2026-09-21 02:52:14 INFO  [restartedMain] - HHH10001005: Database info:
	Database JDBC URL [jdbc:h2:mem:testdb]
	Database driver: H2 JDBC Driver
	Database dialect: H2Dialect
	Database version: 2.4.240
	Default catalog/schema: TESTDB/PUBLIC
	Autocommit mode: undefined/unknown
	Isolation level: READ_COMMITTED [default READ_COMMITTED]
	JDBC fetch size: 100
	Pool: DataSourceConnectionProvider
	Minimum pool size: undefined/unknown
	Maximum pool size: undefined/unknown
2026-09-21 02:52:16 INFO  [restartedMain] - HHH000489: No JTA platform available (set 'hibernate.transaction.jta.platform' to enable JTA platform integration)
2026-09-21 02:52:16 INFO  [restartedMain] - Initialized JPA EntityManagerFactory for persistence unit 'default'
2026-09-21 02:52:16 INFO  [restartedMain] - Hibernate is in classpath; If applicable, HQL parser will be used.
2026-09-21 02:52:16 WARN  [restartedMain] - spring.jpa.open-in-view is enabled by default. Therefore, database queries may be performed during view rendering. Explicitly configure spring.jpa.open-in-view to disable this warning
2026-09-21 02:52:17 INFO  [restartedMain] - H2 console available at '/h2-console'. Database available at 'jdbc:h2:mem:testdb'
2026-09-21 02:52:17 INFO  [restartedMain] - Tomcat started on port 8081 (http) with context path '/'
2026-09-21 02:52:17 INFO  [restartedMain] - Started CategoryApplication in 7.477 seconds (process running for 8.465)
2026-09-21 02:52:17 WARN  [restartedMain] - SpringDoc /v3/api-docs endpoint is enabled by default. To disable it in production, set the property 'springdoc.api-docs.enabled=false'
2026-09-21 02:52:17 WARN  [restartedMain] - SpringDoc /swagger-ui.html endpoint is enabled by default. To disable it in production, set the property 'springdoc.swagger-ui.enabled=false'
2026-09-21 02:52:27 INFO  [http-nio-8081-exec-2] - Initializing Spring DispatcherServlet 'dispatcherServlet'
2026-09-21 02:52:27 INFO  [http-nio-8081-exec-2] - Initializing Servlet 'dispatcherServlet'
2026-09-21 02:52:27 INFO  [http-nio-8081-exec-2] - Completed initialization in 0 ms
2026-09-21 02:52:27 INFO  [http-nio-8081-exec-2] - Category created successfully categoryId=1
2026-09-21 02:52:58 ERROR [http-nio-8081-exec-1] - Unexpected application error
java.lang.NullPointerException: Cannot invoke "java.util.Map.get(Object)" because the return value of "com.miniproject.category.Config.AppConfigProperties.getProperties()" is null
	at com.miniproject.category.serviceImpl.TravelPlanImplementation.create(TravelPlanImplementation.java:57)
	at java.base/jdk.internal.reflect.DirectMethodHandleAccessor.invoke(DirectMethodHandleAccessor.java:103)
	at java.base/java.lang.reflect.Method.invoke(Method.java:580)
	at org.springframework.aop.support.AopUtils.invokeJoinpointUsingReflection(AopUtils.java:359)
	at org.springframework.aop.framework.ReflectiveMethodInvocation.invokeJoinpoint(ReflectiveMethodInvocation.java:190)
	at org.springframework.aop.framework.ReflectiveMethodInvocation.proceed(ReflectiveMethodInvocation.java:158)
	at org.springframework.transaction.interceptor.TransactionInterceptor$1.proceedWithInvocation(TransactionInterceptor.java:133)
	at org.springframework.transaction.interceptor.TransactionAspectSupport.invokeWithinTransaction(TransactionAspectSupport.java:371)
	at org.springframework.transaction.interceptor.TransactionInterceptor.invoke(TransactionInterceptor.java:130)
	at org.springframework.aop.framework.ReflectiveMethodInvocation.proceed(ReflectiveMethodInvocation.java:179)
	at org.springframework.aop.framework.CglibAopProxy$DynamicAdvisedInterceptor.intercept(CglibAopProxy.java:719)
	at com.miniproject.category.serviceImpl.TravelPlanImplementation$$SpringCGLIB$$0.create(<generated>)
	at com.miniproject.category.controller.TravelController.create(TravelController.java:31)
	at java.base/jdk.internal.reflect.DirectMethodHandleAccessor.invoke(DirectMethodHandleAccessor.java:103)
	at java.base/java.lang.reflect.Method.invoke(Method.java:580)
	at org.springframework.web.method.support.InvocableHandlerMethod.doInvoke(InvocableHandlerMethod.java:252)
	at org.springframework.web.method.support.InvocableHandlerMethod.invokeForRequest(InvocableHandlerMethod.java:184)
	at org.springframework.web.servlet.mvc.method.annotation.ServletInvocableHandlerMethod.invokeAndHandle(ServletInvocableHandlerMethod.java:117)
	at org.springframework.web.servlet.mvc.method.annotation.RequestMappingHandlerAdapter.invokeHandlerMethod(RequestMappingHandlerAdapter.java:934)
	at org.springframework.web.servlet.mvc.method.annotation.RequestMappingHandlerAdapter.handleInternal(RequestMappingHandlerAdapter.java:853)
	at org.springframework.web.servlet.mvc.method.AbstractHandlerMethodAdapter.handle(AbstractHandlerMethodAdapter.java:86)
	at org.springframework.web.servlet.DispatcherServlet.doDispatch(DispatcherServlet.java:963)
	at org.springframework.web.servlet.DispatcherServlet.doService(DispatcherServlet.java:866)
	at org.springframework.web.servlet.FrameworkServlet.processRequest(FrameworkServlet.java:1000)
	at org.springframework.web.servlet.FrameworkServlet.doPost(FrameworkServlet.java:903)
	at jakarta.servlet.http.HttpServlet.service(HttpServlet.java:649)
	at org.springframework.web.servlet.FrameworkServlet.service(FrameworkServlet.java:874)
	at jakarta.servlet.http.HttpServlet.service(HttpServlet.java:710)
	at org.apache.catalina.core.ApplicationFilterChain.doFilter(ApplicationFilterChain.java:132)
	at org.apache.tomcat.websocket.server.WsFilter.doFilter(WsFilter.java:59)
	at org.apache.catalina.core.ApplicationFilterChain.doFilter(ApplicationFilterChain.java:111)
	at org.springframework.web.filter.RequestContextFilter.doFilterInternal(RequestContextFilter.java:100)
	at org.springframework.web.filter.OncePerRequestFilter.doFilter(OncePerRequestFilter.java:116)
	at org.apache.catalina.core.ApplicationFilterChain.doFilter(ApplicationFilterChain.java:111)
	at org.springframework.web.filter.FormContentFilter.doFilterInternal(FormContentFilter.java:93)
	at org.springframework.web.filter.OncePerRequestFilter.doFilter(OncePerRequestFilter.java:116)
	at org.apache.catalina.core.ApplicationFilterChain.doFilter(ApplicationFilterChain.java:111)
	at org.springframework.web.filter.CharacterEncodingFilter.doFilterInternal(CharacterEncodingFilter.java:199)
	at org.springframework.web.filter.OncePerRequestFilter.doFilter(OncePerRequestFilter.java:116)
	at org.apache.catalina.core.ApplicationFilterChain.doFilter(ApplicationFilterChain.java:111)
	at org.apache.catalina.core.StandardWrapperValve.invoke(StandardWrapperValve.java:165)
	at org.apache.catalina.core.StandardContextValve.invoke(StandardContextValve.java:77)
	at org.apache.catalina.authenticator.AuthenticatorBase.invoke(AuthenticatorBase.java:535)
	at org.apache.catalina.core.StandardHostValve.invoke(StandardHostValve.java:115)
	at org.apache.catalina.valves.ErrorReportValve.invoke(ErrorReportValve.java:86)
	at org.apache.catalina.core.StandardEngineValve.invoke(StandardEngineValve.java:71)
	at org.apache.catalina.connector.CoyoteAdapter.service(CoyoteAdapter.java:347)
	at org.apache.coyote.http11.Http11Processor.service(Http11Processor.java:406)
	at org.apache.coyote.AbstractProcessorLight.process(AbstractProcessorLight.java:71)
	at org.apache.coyote.AbstractProtocol$ConnectionHandler.process(AbstractProtocol.java:1307)
	at org.apache.tomcat.util.net.NioEndpoint$SocketProcessor.doRun(NioEndpoint.java:2036)
	at org.apache.tomcat.util.net.SocketProcessorBase.run(SocketProcessorBase.java:74)
	at org.apache.tomcat.util.threads.ThreadPoolExecutor.runWorker(ThreadPoolExecutor.java:949)
	at org.apache.tomcat.util.threads.ThreadPoolExecutor$Worker.run(ThreadPoolExecutor.java:483)
	at org.apache.tomcat.util.threads.TaskThread$WrappingRunnable.run(TaskThread.java:74)
	at java.base/java.lang.Thread.run(Thread.java:1583)
2026-09-21 02:52:58 WARN  [http-nio-8081-exec-1] - Resolved [java.lang.NullPointerException: Cannot invoke "java.util.Map.get(Object)" because the return value of "com.miniproject.category.Config.AppConfigProperties.getProperties()" is null]
2026-09-21 02:53:17 ERROR [http-nio-8081-exec-3] - Unexpected application error
java.lang.NullPointerException: Cannot invoke "java.util.Map.get(Object)" because the return value of "com.miniproject.category.Config.AppConfigProperties.getProperties()" is null
	at com.miniproject.category.serviceImpl.TravelPlanImplementation.create(TravelPlanImplementation.java:57)
	at java.base/jdk.internal.reflect.DirectMethodHandleAccessor.invoke(DirectMethodHandleAccessor.java:103)
	at java.base/java.lang.reflect.Method.invoke(Method.java:580)
	at org.springframework.aop.support.AopUtils.invokeJoinpointUsingReflection(AopUtils.java:359)
	at org.springframework.aop.framework.ReflectiveMethodInvocation.invokeJoinpoint(ReflectiveMethodInvocation.java:190)
	at org.springframework.aop.framework.ReflectiveMethodInvocation.proceed(ReflectiveMethodInvocation.java:158)
	at org.springframework.transaction.interceptor.TransactionInterceptor$1.proceedWithInvocation(TransactionInterceptor.java:133)
	at org.springframework.transaction.interceptor.TransactionAspectSupport.invokeWithinTransaction(TransactionAspectSupport.java:371)
	at org.springframework.transaction.interceptor.TransactionInterceptor.invoke(TransactionInterceptor.java:130)
	at org.springframework.aop.framework.ReflectiveMethodInvocation.proceed(ReflectiveMethodInvocation.java:179)
	at org.springframework.aop.framework.CglibAopProxy$DynamicAdvisedInterceptor.intercept(CglibAopProxy.java:719)
	at com.miniproject.category.serviceImpl.TravelPlanImplementation$$SpringCGLIB$$0.create(<generated>)
	at com.miniproject.category.controller.TravelController.create(TravelController.java:31)
	at java.base/jdk.internal.reflect.DirectMethodHandleAccessor.invoke(DirectMethodHandleAccessor.java:103)
	at java.base/java.lang.reflect.Method.invoke(Method.java:580)
	at org.springframework.web.method.support.InvocableHandlerMethod.doInvoke(InvocableHandlerMethod.java:252)
	at org.springframework.web.method.support.InvocableHandlerMethod.invokeForRequest(InvocableHandlerMethod.java:184)
	at org.springframework.web.servlet.mvc.method.annotation.ServletInvocableHandlerMethod.invokeAndHandle(ServletInvocableHandlerMethod.java:117)
	at org.springframework.web.servlet.mvc.method.annotation.RequestMappingHandlerAdapter.invokeHandlerMethod(RequestMappingHandlerAdapter.java:934)
	at org.springframework.web.servlet.mvc.method.annotation.RequestMappingHandlerAdapter.handleInternal(RequestMappingHandlerAdapter.java:853)
	at org.springframework.web.servlet.mvc.method.AbstractHandlerMethodAdapter.handle(AbstractHandlerMethodAdapter.java:86)
	at org.springframework.web.servlet.DispatcherServlet.doDispatch(DispatcherServlet.java:963)
	at org.springframework.web.servlet.DispatcherServlet.doService(DispatcherServlet.java:866)
	at org.springframework.web.servlet.FrameworkServlet.processRequest(FrameworkServlet.java:1000)
	at org.springframework.web.servlet.FrameworkServlet.doPost(FrameworkServlet.java:903)
	at jakarta.servlet.http.HttpServlet.service(HttpServlet.java:649)
	at org.springframework.web.servlet.FrameworkServlet.service(FrameworkServlet.java:874)
	at jakarta.servlet.http.HttpServlet.service(HttpServlet.java:710)
	at org.apache.catalina.core.ApplicationFilterChain.doFilter(ApplicationFilterChain.java:132)
	at org.apache.tomcat.websocket.server.WsFilter.doFilter(WsFilter.java:59)
	at org.apache.catalina.core.ApplicationFilterChain.doFilter(ApplicationFilterChain.java:111)
	at org.springframework.web.filter.RequestContextFilter.doFilterInternal(RequestContextFilter.java:100)
	at org.springframework.web.filter.OncePerRequestFilter.doFilter(OncePerRequestFilter.java:116)
	at org.apache.catalina.core.ApplicationFilterChain.doFilter(ApplicationFilterChain.java:111)
	at org.springframework.web.filter.FormContentFilter.doFilterInternal(FormContentFilter.java:93)
	at org.springframework.web.filter.OncePerRequestFilter.doFilter(OncePerRequestFilter.java:116)
	at org.apache.catalina.core.ApplicationFilterChain.doFilter(ApplicationFilterChain.java:111)
	at org.springframework.web.filter.CharacterEncodingFilter.doFilterInternal(CharacterEncodingFilter.java:199)
	at org.springframework.web.filter.OncePerRequestFilter.doFilter(OncePerRequestFilter.java:116)
	at org.apache.catalina.core.ApplicationFilterChain.doFilter(ApplicationFilterChain.java:111)
	at org.apache.catalina.core.StandardWrapperValve.invoke(StandardWrapperValve.java:165)
	at org.apache.catalina.core.StandardContextValve.invoke(StandardContextValve.java:77)
	at org.apache.catalina.authenticator.AuthenticatorBase.invoke(AuthenticatorBase.java:535)
	at org.apache.catalina.core.StandardHostValve.invoke(StandardHostValve.java:115)
	at org.apache.catalina.valves.ErrorReportValve.invoke(ErrorReportValve.java:86)
	at org.apache.catalina.core.StandardEngineValve.invoke(StandardEngineValve.java:71)
	at org.apache.catalina.connector.CoyoteAdapter.service(CoyoteAdapter.java:347)
	at org.apache.coyote.http11.Http11Processor.service(Http11Processor.java:406)
	at org.apache.coyote.AbstractProcessorLight.process(AbstractProcessorLight.java:71)
	at org.apache.coyote.AbstractProtocol$ConnectionHandler.process(AbstractProtocol.java:1307)
	at org.apache.tomcat.util.net.NioEndpoint$SocketProcessor.doRun(NioEndpoint.java:2036)
	at org.apache.tomcat.util.net.SocketProcessorBase.run(SocketProcessorBase.java:74)
	at org.apache.tomcat.util.threads.ThreadPoolExecutor.runWorker(ThreadPoolExecutor.java:949)
	at org.apache.tomcat.util.threads.ThreadPoolExecutor$Worker.run(ThreadPoolExecutor.java:483)
	at org.apache.tomcat.util.threads.TaskThread$WrappingRunnable.run(TaskThread.java:74)
	at java.base/java.lang.Thread.run(Thread.java:1583)
2026-09-21 02:53:17 WARN  [http-nio-8081-exec-3] - Resolved [java.lang.NullPointerException: Cannot invoke "java.util.Map.get(Object)" because the return value of "com.miniproject.category.Config.AppConfigProperties.getProperties()" is null]
2026-09-21 02:54:03 ERROR [http-nio-8081-exec-5] - Unexpected application error
java.lang.NullPointerException: Cannot invoke "java.util.Map.get(Object)" because the return value of "com.miniproject.category.Config.AppConfigProperties.getProperties()" is null
	at com.miniproject.category.serviceImpl.TravelPlanImplementation.create(TravelPlanImplementation.java:57)
	at java.base/jdk.internal.reflect.DirectMethodHandleAccessor.invoke(DirectMethodHandleAccessor.java:103)
	at java.base/java.lang.reflect.Method.invoke(Method.java:580)
	at org.springframework.aop.support.AopUtils.invokeJoinpointUsingReflection(AopUtils.java:359)
	at org.springframework.aop.framework.ReflectiveMethodInvocation.invokeJoinpoint(ReflectiveMethodInvocation.java:190)
	at org.springframework.aop.framework.ReflectiveMethodInvocation.proceed(ReflectiveMethodInvocation.java:158)
	at org.springframework.transaction.interceptor.TransactionInterceptor$1.proceedWithInvocation(TransactionInterceptor.java:133)
	at org.springframework.transaction.interceptor.TransactionAspectSupport.invokeWithinTransaction(TransactionAspectSupport.java:371)
	at org.springframework.transaction.interceptor.TransactionInterceptor.invoke(TransactionInterceptor.java:130)
	at org.springframework.aop.framework.ReflectiveMethodInvocation.proceed(ReflectiveMethodInvocation.java:179)
	at org.springframework.aop.framework.CglibAopProxy$DynamicAdvisedInterceptor.intercept(CglibAopProxy.java:719)
	at com.miniproject.category.serviceImpl.TravelPlanImplementation$$SpringCGLIB$$0.create(<generated>)
	at com.miniproject.category.controller.TravelController.create(TravelController.java:31)
	at java.base/jdk.internal.reflect.DirectMethodHandleAccessor.invoke(DirectMethodHandleAccessor.java:103)
	at java.base/java.lang.reflect.Method.invoke(Method.java:580)
	at org.springframework.web.method.support.InvocableHandlerMethod.doInvoke(InvocableHandlerMethod.java:252)
	at org.springframework.web.method.support.InvocableHandlerMethod.invokeForRequest(InvocableHandlerMethod.java:184)
	at org.springframework.web.servlet.mvc.method.annotation.ServletInvocableHandlerMethod.invokeAndHandle(ServletInvocableHandlerMethod.java:117)
	at org.springframework.web.servlet.mvc.method.annotation.RequestMappingHandlerAdapter.invokeHandlerMethod(RequestMappingHandlerAdapter.java:934)
	at org.springframework.web.servlet.mvc.method.annotation.RequestMappingHandlerAdapter.handleInternal(RequestMappingHandlerAdapter.java:853)
	at org.springframework.web.servlet.mvc.method.AbstractHandlerMethodAdapter.handle(AbstractHandlerMethodAdapter.java:86)
	at org.springframework.web.servlet.DispatcherServlet.doDispatch(DispatcherServlet.java:963)
	at org.springframework.web.servlet.DispatcherServlet.doService(DispatcherServlet.java:866)
	at org.springframework.web.servlet.FrameworkServlet.processRequest(FrameworkServlet.java:1000)
	at org.springframework.web.servlet.FrameworkServlet.doPost(FrameworkServlet.java:903)
	at jakarta.servlet.http.HttpServlet.service(HttpServlet.java:649)
	at org.springframework.web.servlet.FrameworkServlet.service(FrameworkServlet.java:874)
	at jakarta.servlet.http.HttpServlet.service(HttpServlet.java:710)
	at org.apache.catalina.core.ApplicationFilterChain.doFilter(ApplicationFilterChain.java:132)
	at org.apache.tomcat.websocket.server.WsFilter.doFilter(WsFilter.java:59)
	at org.apache.catalina.core.ApplicationFilterChain.doFilter(ApplicationFilterChain.java:111)
	at org.springframework.web.filter.RequestContextFilter.doFilterInternal(RequestContextFilter.java:100)
	at org.springframework.web.filter.OncePerRequestFilter.doFilter(OncePerRequestFilter.java:116)
	at org.apache.catalina.core.ApplicationFilterChain.doFilter(ApplicationFilterChain.java:111)
	at org.springframework.web.filter.FormContentFilter.doFilterInternal(FormContentFilter.java:93)
	at org.springframework.web.filter.OncePerRequestFilter.doFilter(OncePerRequestFilter.java:116)
	at org.apache.catalina.core.ApplicationFilterChain.doFilter(ApplicationFilterChain.java:111)
	at org.springframework.web.filter.CharacterEncodingFilter.doFilterInternal(CharacterEncodingFilter.java:199)
	at org.springframework.web.filter.OncePerRequestFilter.doFilter(OncePerRequestFilter.java:116)
	at org.apache.catalina.core.ApplicationFilterChain.doFilter(ApplicationFilterChain.java:111)
	at org.apache.catalina.core.StandardWrapperValve.invoke(StandardWrapperValve.java:165)
	at org.apache.catalina.core.StandardContextValve.invoke(StandardContextValve.java:77)
	at org.apache.catalina.authenticator.AuthenticatorBase.invoke(AuthenticatorBase.java:535)
	at org.apache.catalina.core.StandardHostValve.invoke(StandardHostValve.java:115)
	at org.apache.catalina.valves.ErrorReportValve.invoke(ErrorReportValve.java:86)
	at org.apache.catalina.core.StandardEngineValve.invoke(StandardEngineValve.java:71)
	at org.apache.catalina.connector.CoyoteAdapter.service(CoyoteAdapter.java:347)
	at org.apache.coyote.http11.Http11Processor.service(Http11Processor.java:406)
	at org.apache.coyote.AbstractProcessorLight.process(AbstractProcessorLight.java:71)
	at org.apache.coyote.AbstractProtocol$ConnectionHandler.process(AbstractProtocol.java:1307)
	at org.apache.tomcat.util.net.NioEndpoint$SocketProcessor.doRun(NioEndpoint.java:2036)
	at org.apache.tomcat.util.net.SocketProcessorBase.run(SocketProcessorBase.java:74)
	at org.apache.tomcat.util.threads.ThreadPoolExecutor.runWorker(ThreadPoolExecutor.java:949)
	at org.apache.tomcat.util.threads.ThreadPoolExecutor$Worker.run(ThreadPoolExecutor.java:483)
	at org.apache.tomcat.util.threads.TaskThread$WrappingRunnable.run(TaskThread.java:74)
	at java.base/java.lang.Thread.run(Thread.java:1583)
2026-09-21 02:54:03 WARN  [http-nio-8081-exec-5] - Resolved [java.lang.NullPointerException: Cannot invoke "java.util.Map.get(Object)" because the return value of "com.miniproject.category.Config.AppConfigProperties.getProperties()" is null]
2026-09-21 02:54:08 INFO  [SpringApplicationShutdownHook] - Commencing graceful shutdown. Waiting for active requests to complete
2026-09-21 02:54:08 INFO  [tomcat-shutdown] - Graceful shutdown complete
2026-09-21 02:54:08 INFO  [SpringApplicationShutdownHook] - Closing JPA EntityManagerFactory for persistence unit 'default'
2026-09-21 02:54:08 WARN  [SpringApplicationShutdownHook] - Invocation of destroy method failed on bean with name 'inMemoryDatabaseShutdownExecutor': org.h2.jdbc.JdbcSQLNonTransientConnectionException: Database is already closed (to disable automatic closing at VM shutdown, add ";DB_CLOSE_ON_EXIT=FALSE" to the db URL) [90121-240]
2026-09-21 02:54:08 INFO  [SpringApplicationShutdownHook] - HikariPool-1 - Shutdown initiated...
2026-09-21 02:54:08 INFO  [SpringApplicationShutdownHook] - HikariPool-1 - Shutdown completed.
2026-09-21 02:54:11 INFO  [restartedMain] - Starting CategoryApplication using Java 21.0.11 with PID 11192 (C:\Users\vamsh\Desktop\MasterClass\MicroMini2\Category\target\classes started by vamsh in C:\Users\vamsh\Desktop\MasterClass\MicroMini2\Category)
2026-09-21 02:54:11 INFO  [restartedMain] - No active profile set, falling back to 1 default profile: "default"
2026-09-21 02:54:11 INFO  [restartedMain] - Devtools property defaults active! Set 'spring.devtools.add-properties' to 'false' to disable
2026-09-21 02:54:11 INFO  [restartedMain] - For additional web related logging consider setting the 'logging.level.web' property to 'DEBUG'
2026-09-21 02:54:12 INFO  [restartedMain] - Bootstrapping Spring Data JPA repositories in DEFAULT mode.
2026-09-21 02:54:13 INFO  [restartedMain] - Finished Spring Data repository scanning in 180 ms. Found 2 JPA repository interfaces.
2026-09-21 02:54:13 INFO  [restartedMain] - Tomcat initialized with port 8081 (http)
2026-09-21 02:54:13 INFO  [restartedMain] - Starting service [Tomcat]
2026-09-21 02:54:13 INFO  [restartedMain] - Starting Servlet engine: [Apache Tomcat/11.0.24]
2026-09-21 02:54:13 INFO  [restartedMain] - Root WebApplicationContext: initialization completed in 2005 ms
2026-09-21 02:54:14 INFO  [restartedMain] - HHH008540: Processing PersistenceUnitInfo [name: default]
2026-09-21 02:54:14 INFO  [restartedMain] - HHH000001: Hibernate ORM core version 7.2.24.Final
2026-09-21 02:54:14 INFO  [restartedMain] - No LoadTimeWeaver setup: ignoring JPA class transformer
2026-09-21 02:54:14 INFO  [restartedMain] - HikariPool-1 - Starting...
2026-09-21 02:54:15 INFO  [restartedMain] - HikariPool-1 - Added connection conn0: url=jdbc:h2:mem:testdb user=SA
2026-09-21 02:54:15 INFO  [restartedMain] - HikariPool-1 - Start completed.
2026-09-21 02:54:15 INFO  [restartedMain] - HHH10001005: Database info:
	Database JDBC URL [jdbc:h2:mem:testdb]
	Database driver: H2 JDBC Driver
	Database dialect: H2Dialect
	Database version: 2.4.240
	Default catalog/schema: TESTDB/PUBLIC
	Autocommit mode: undefined/unknown
	Isolation level: READ_COMMITTED [default READ_COMMITTED]
	JDBC fetch size: 100
	Pool: DataSourceConnectionProvider
	Minimum pool size: undefined/unknown
	Maximum pool size: undefined/unknown
2026-09-21 02:54:16 INFO  [restartedMain] - HHH000489: No JTA platform available (set 'hibernate.transaction.jta.platform' to enable JTA platform integration)
2026-09-21 02:54:16 INFO  [restartedMain] - Initialized JPA EntityManagerFactory for persistence unit 'default'
2026-09-21 02:54:16 INFO  [restartedMain] - Hibernate is in classpath; If applicable, HQL parser will be used.
2026-09-21 02:54:17 WARN  [restartedMain] - spring.jpa.open-in-view is enabled by default. Therefore, database queries may be performed during view rendering. Explicitly configure spring.jpa.open-in-view to disable this warning
2026-09-21 02:54:17 INFO  [restartedMain] - H2 console available at '/h2-console'. Database available at 'jdbc:h2:mem:testdb'
2026-09-21 02:54:17 INFO  [restartedMain] - Tomcat started on port 8081 (http) with context path '/'
2026-09-21 02:54:18 INFO  [restartedMain] - Started CategoryApplication in 7.215 seconds (process running for 8.539)
2026-09-21 02:54:18 WARN  [restartedMain] - SpringDoc /v3/api-docs endpoint is enabled by default. To disable it in production, set the property 'springdoc.api-docs.enabled=false'
2026-09-21 02:54:18 WARN  [restartedMain] - SpringDoc /swagger-ui.html endpoint is enabled by default. To disable it in production, set the property 'springdoc.swagger-ui.enabled=false'
2026-09-21 02:54:33 INFO  [http-nio-8081-exec-1] - Initializing Spring DispatcherServlet 'dispatcherServlet'
2026-09-21 02:54:33 INFO  [http-nio-8081-exec-1] - Initializing Servlet 'dispatcherServlet'
2026-09-21 02:54:33 INFO  [http-nio-8081-exec-1] - Completed initialization in 0 ms
2026-09-21 02:54:34 INFO  [http-nio-8081-exec-1] - Category created successfully categoryId=1
2026-09-21 02:55:09 WARN  [HikariPool-1:housekeeper] - HikariPool-1 - Thread starvation or clock leap detected (housekeeper delta=54s126ms763µs601ns).
2026-09-21 02:55:12 ERROR [http-nio-8081-exec-2] - Unexpected application error
java.lang.NullPointerException: Cannot invoke "java.util.Map.get(Object)" because the return value of "com.miniproject.category.Config.AppConfigProperties.getProperties()" is null
	at com.miniproject.category.serviceImpl.TravelPlanImplementation.create(TravelPlanImplementation.java:57)
	at java.base/jdk.internal.reflect.DirectMethodHandleAccessor.invoke(DirectMethodHandleAccessor.java:103)
	at java.base/java.lang.reflect.Method.invoke(Method.java:580)
	at org.springframework.aop.support.AopUtils.invokeJoinpointUsingReflection(AopUtils.java:359)
	at org.springframework.aop.framework.ReflectiveMethodInvocation.invokeJoinpoint(ReflectiveMethodInvocation.java:190)
	at org.springframework.aop.framework.ReflectiveMethodInvocation.proceed(ReflectiveMethodInvocation.java:158)
	at org.springframework.transaction.interceptor.TransactionInterceptor$1.proceedWithInvocation(TransactionInterceptor.java:133)
	at org.springframework.transaction.interceptor.TransactionAspectSupport.invokeWithinTransaction(TransactionAspectSupport.java:371)
	at org.springframework.transaction.interceptor.TransactionInterceptor.invoke(TransactionInterceptor.java:130)
	at org.springframework.aop.framework.ReflectiveMethodInvocation.proceed(ReflectiveMethodInvocation.java:179)
	at org.springframework.aop.framework.CglibAopProxy$DynamicAdvisedInterceptor.intercept(CglibAopProxy.java:719)
	at com.miniproject.category.serviceImpl.TravelPlanImplementation$$SpringCGLIB$$0.create(<generated>)
	at com.miniproject.category.controller.TravelController.create(TravelController.java:31)
	at java.base/jdk.internal.reflect.DirectMethodHandleAccessor.invoke(DirectMethodHandleAccessor.java:103)
	at java.base/java.lang.reflect.Method.invoke(Method.java:580)
	at org.springframework.web.method.support.InvocableHandlerMethod.doInvoke(InvocableHandlerMethod.java:252)
	at org.springframework.web.method.support.InvocableHandlerMethod.invokeForRequest(InvocableHandlerMethod.java:184)
	at org.springframework.web.servlet.mvc.method.annotation.ServletInvocableHandlerMethod.invokeAndHandle(ServletInvocableHandlerMethod.java:117)
	at org.springframework.web.servlet.mvc.method.annotation.RequestMappingHandlerAdapter.invokeHandlerMethod(RequestMappingHandlerAdapter.java:934)
	at org.springframework.web.servlet.mvc.method.annotation.RequestMappingHandlerAdapter.handleInternal(RequestMappingHandlerAdapter.java:853)
	at org.springframework.web.servlet.mvc.method.AbstractHandlerMethodAdapter.handle(AbstractHandlerMethodAdapter.java:86)
	at org.springframework.web.servlet.DispatcherServlet.doDispatch(DispatcherServlet.java:963)
	at org.springframework.web.servlet.DispatcherServlet.doService(DispatcherServlet.java:866)
	at org.springframework.web.servlet.FrameworkServlet.processRequest(FrameworkServlet.java:1000)
	at org.springframework.web.servlet.FrameworkServlet.doPost(FrameworkServlet.java:903)
	at jakarta.servlet.http.HttpServlet.service(HttpServlet.java:649)
	at org.springframework.web.servlet.FrameworkServlet.service(FrameworkServlet.java:874)
	at jakarta.servlet.http.HttpServlet.service(HttpServlet.java:710)
	at org.apache.catalina.core.ApplicationFilterChain.doFilter(ApplicationFilterChain.java:132)
	at org.apache.tomcat.websocket.server.WsFilter.doFilter(WsFilter.java:59)
	at org.apache.catalina.core.ApplicationFilterChain.doFilter(ApplicationFilterChain.java:111)
	at org.springframework.web.filter.RequestContextFilter.doFilterInternal(RequestContextFilter.java:100)
	at org.springframework.web.filter.OncePerRequestFilter.doFilter(OncePerRequestFilter.java:116)
	at org.apache.catalina.core.ApplicationFilterChain.doFilter(ApplicationFilterChain.java:111)
	at org.springframework.web.filter.FormContentFilter.doFilterInternal(FormContentFilter.java:93)
	at org.springframework.web.filter.OncePerRequestFilter.doFilter(OncePerRequestFilter.java:116)
	at org.apache.catalina.core.ApplicationFilterChain.doFilter(ApplicationFilterChain.java:111)
	at org.springframework.web.filter.CharacterEncodingFilter.doFilterInternal(CharacterEncodingFilter.java:199)
	at org.springframework.web.filter.OncePerRequestFilter.doFilter(OncePerRequestFilter.java:116)
	at org.apache.catalina.core.ApplicationFilterChain.doFilter(ApplicationFilterChain.java:111)
	at org.apache.catalina.core.StandardWrapperValve.invoke(StandardWrapperValve.java:165)
	at org.apache.catalina.core.StandardContextValve.invoke(StandardContextValve.java:77)
	at org.apache.catalina.authenticator.AuthenticatorBase.invoke(AuthenticatorBase.java:535)
	at org.apache.catalina.core.StandardHostValve.invoke(StandardHostValve.java:115)
	at org.apache.catalina.valves.ErrorReportValve.invoke(ErrorReportValve.java:86)
	at org.apache.catalina.core.StandardEngineValve.invoke(StandardEngineValve.java:71)
	at org.apache.catalina.connector.CoyoteAdapter.service(CoyoteAdapter.java:347)
	at org.apache.coyote.http11.Http11Processor.service(Http11Processor.java:406)
	at org.apache.coyote.AbstractProcessorLight.process(AbstractProcessorLight.java:71)
	at org.apache.coyote.AbstractProtocol$ConnectionHandler.process(AbstractProtocol.java:1307)
	at org.apache.tomcat.util.net.NioEndpoint$SocketProcessor.doRun(NioEndpoint.java:2036)
	at org.apache.tomcat.util.net.SocketProcessorBase.run(SocketProcessorBase.java:74)
	at org.apache.tomcat.util.threads.ThreadPoolExecutor.runWorker(ThreadPoolExecutor.java:949)
	at org.apache.tomcat.util.threads.ThreadPoolExecutor$Worker.run(ThreadPoolExecutor.java:483)
	at org.apache.tomcat.util.threads.TaskThread$WrappingRunnable.run(TaskThread.java:74)
	at java.base/java.lang.Thread.run(Thread.java:1583)
2026-09-21 02:55:12 WARN  [http-nio-8081-exec-2] - Resolved [java.lang.NullPointerException: Cannot invoke "java.util.Map.get(Object)" because the return value of "com.miniproject.category.Config.AppConfigProperties.getProperties()" is null]
2026-09-21 02:55:37 INFO  [SpringApplicationShutdownHook] - Commencing graceful shutdown. Waiting for active requests to complete
2026-09-21 02:55:37 INFO  [tomcat-shutdown] - Graceful shutdown complete
2026-09-21 02:55:37 INFO  [SpringApplicationShutdownHook] - Closing JPA EntityManagerFactory for persistence unit 'default'
2026-09-21 02:55:37 WARN  [SpringApplicationShutdownHook] - Invocation of destroy method failed on bean with name 'inMemoryDatabaseShutdownExecutor': org.h2.jdbc.JdbcSQLNonTransientConnectionException: Database is already closed (to disable automatic closing at VM shutdown, add ";DB_CLOSE_ON_EXIT=FALSE" to the db URL) [90121-240]
2026-09-21 02:55:37 INFO  [SpringApplicationShutdownHook] - HikariPool-1 - Shutdown initiated...
2026-09-21 02:55:37 INFO  [SpringApplicationShutdownHook] - HikariPool-1 - Shutdown completed.
2026-09-21 02:58:25 INFO  [restartedMain] - Starting CategoryApplication using Java 21.0.11 with PID 20464 (C:\Users\vamsh\Desktop\MasterClass\MicroMini2\Category\target\classes started by vamsh in C:\Users\vamsh\Desktop\MasterClass\MicroMini2\Category)
2026-09-21 02:58:25 INFO  [restartedMain] - No active profile set, falling back to 1 default profile: "default"
2026-09-21 02:58:25 INFO  [restartedMain] - Devtools property defaults active! Set 'spring.devtools.add-properties' to 'false' to disable
2026-09-21 02:58:25 INFO  [restartedMain] - For additional web related logging consider setting the 'logging.level.web' property to 'DEBUG'
2026-09-21 02:58:26 INFO  [restartedMain] - Bootstrapping Spring Data JPA repositories in DEFAULT mode.
2026-09-21 02:58:26 INFO  [restartedMain] - Finished Spring Data repository scanning in 215 ms. Found 2 JPA repository interfaces.
2026-09-21 02:58:27 INFO  [restartedMain] - Tomcat initialized with port 8081 (http)
2026-09-21 02:58:27 INFO  [restartedMain] - Starting service [Tomcat]
2026-09-21 02:58:27 INFO  [restartedMain] - Starting Servlet engine: [Apache Tomcat/11.0.24]
2026-09-21 02:58:27 INFO  [restartedMain] - Root WebApplicationContext: initialization completed in 2072 ms
2026-09-21 02:58:28 INFO  [restartedMain] - HHH008540: Processing PersistenceUnitInfo [name: default]
2026-09-21 02:58:28 INFO  [restartedMain] - HHH000001: Hibernate ORM core version 7.2.24.Final
2026-09-21 02:58:28 INFO  [restartedMain] - No LoadTimeWeaver setup: ignoring JPA class transformer
2026-09-21 02:58:28 INFO  [restartedMain] - HikariPool-1 - Starting...
2026-09-21 02:58:29 INFO  [restartedMain] - HikariPool-1 - Added connection conn0: url=jdbc:h2:mem:testdb user=SA
2026-09-21 02:58:29 INFO  [restartedMain] - HikariPool-1 - Start completed.
2026-09-21 02:58:29 INFO  [restartedMain] - HHH10001005: Database info:
	Database JDBC URL [jdbc:h2:mem:testdb]
	Database driver: H2 JDBC Driver
	Database dialect: H2Dialect
	Database version: 2.4.240
	Default catalog/schema: TESTDB/PUBLIC
	Autocommit mode: undefined/unknown
	Isolation level: READ_COMMITTED [default READ_COMMITTED]
	JDBC fetch size: 100
	Pool: DataSourceConnectionProvider
	Minimum pool size: undefined/unknown
	Maximum pool size: undefined/unknown
2026-09-21 02:58:30 INFO  [restartedMain] - HHH000489: No JTA platform available (set 'hibernate.transaction.jta.platform' to enable JTA platform integration)
2026-09-21 02:58:30 INFO  [restartedMain] - Initialized JPA EntityManagerFactory for persistence unit 'default'
2026-09-21 02:58:30 INFO  [restartedMain] - Hibernate is in classpath; If applicable, HQL parser will be used.
2026-09-21 02:58:31 WARN  [restartedMain] - spring.jpa.open-in-view is enabled by default. Therefore, database queries may be performed during view rendering. Explicitly configure spring.jpa.open-in-view to disable this warning
2026-09-21 02:58:31 INFO  [restartedMain] - H2 console available at '/h2-console'. Database available at 'jdbc:h2:mem:testdb'
2026-09-21 02:58:31 INFO  [restartedMain] - Tomcat started on port 8081 (http) with context path '/'
2026-09-21 02:58:31 INFO  [restartedMain] - Started CategoryApplication in 7.092 seconds (process running for 8.032)
2026-09-21 02:58:31 WARN  [restartedMain] - SpringDoc /v3/api-docs endpoint is enabled by default. To disable it in production, set the property 'springdoc.api-docs.enabled=false'
2026-09-21 02:58:31 WARN  [restartedMain] - SpringDoc /swagger-ui.html endpoint is enabled by default. To disable it in production, set the property 'springdoc.swagger-ui.enabled=false'
2026-09-21 02:58:35 INFO  [http-nio-8081-exec-1] - Initializing Spring DispatcherServlet 'dispatcherServlet'
2026-09-21 02:58:35 INFO  [http-nio-8081-exec-1] - Initializing Servlet 'dispatcherServlet'
2026-09-21 02:58:35 INFO  [http-nio-8081-exec-1] - Completed initialization in 0 ms
2026-09-21 02:58:38 WARN  [http-nio-8081-exec-3] - Json Processing Exception occurred: Cannot construct instance of `java.util.HashSet` (although at least one Creator exists): no String-argument constructor/factory method to deserialize from String value ('string')
 at [Source: REDACTED (`StreamReadFeature.INCLUDE_SOURCE_IN_LOCATION` disabled); line: 1, column: 9] (through reference chain: io.swagger.v3.oas.models.media.JsonSchema["type"])
2026-09-21 02:58:38 INFO  [http-nio-8081-exec-3] - Init duration for springdoc-openapi is: 1779 ms
2026-09-21 02:58:50 INFO  [http-nio-8081-exec-5] - Category created successfully categoryId=1
2026-09-21 02:59:39 ERROR [http-nio-8081-exec-6] - Unexpected application error
java.lang.NullPointerException: Cannot invoke "java.util.Map.get(Object)" because the return value of "com.miniproject.category.Config.AppConfigProperties.getProperties()" is null
	at com.miniproject.category.serviceImpl.TravelPlanImplementation.create(TravelPlanImplementation.java:57)
	at java.base/jdk.internal.reflect.DirectMethodHandleAccessor.invoke(DirectMethodHandleAccessor.java:103)
	at java.base/java.lang.reflect.Method.invoke(Method.java:580)
	at org.springframework.aop.support.AopUtils.invokeJoinpointUsingReflection(AopUtils.java:359)
	at org.springframework.aop.framework.ReflectiveMethodInvocation.invokeJoinpoint(ReflectiveMethodInvocation.java:190)
	at org.springframework.aop.framework.ReflectiveMethodInvocation.proceed(ReflectiveMethodInvocation.java:158)
	at org.springframework.transaction.interceptor.TransactionInterceptor$1.proceedWithInvocation(TransactionInterceptor.java:133)
	at org.springframework.transaction.interceptor.TransactionAspectSupport.invokeWithinTransaction(TransactionAspectSupport.java:371)
	at org.springframework.transaction.interceptor.TransactionInterceptor.invoke(TransactionInterceptor.java:130)
	at org.springframework.aop.framework.ReflectiveMethodInvocation.proceed(ReflectiveMethodInvocation.java:179)
	at org.springframework.aop.framework.CglibAopProxy$DynamicAdvisedInterceptor.intercept(CglibAopProxy.java:719)
	at com.miniproject.category.serviceImpl.TravelPlanImplementation$$SpringCGLIB$$0.create(<generated>)
	at com.miniproject.category.controller.TravelController.create(TravelController.java:31)
	at java.base/jdk.internal.reflect.DirectMethodHandleAccessor.invoke(DirectMethodHandleAccessor.java:103)
	at java.base/java.lang.reflect.Method.invoke(Method.java:580)
	at org.springframework.web.method.support.InvocableHandlerMethod.doInvoke(InvocableHandlerMethod.java:252)
	at org.springframework.web.method.support.InvocableHandlerMethod.invokeForRequest(InvocableHandlerMethod.java:184)
	at org.springframework.web.servlet.mvc.method.annotation.ServletInvocableHandlerMethod.invokeAndHandle(ServletInvocableHandlerMethod.java:117)
	at org.springframework.web.servlet.mvc.method.annotation.RequestMappingHandlerAdapter.invokeHandlerMethod(RequestMappingHandlerAdapter.java:934)
	at org.springframework.web.servlet.mvc.method.annotation.RequestMappingHandlerAdapter.handleInternal(RequestMappingHandlerAdapter.java:853)
	at org.springframework.web.servlet.mvc.method.AbstractHandlerMethodAdapter.handle(AbstractHandlerMethodAdapter.java:86)
	at org.springframework.web.servlet.DispatcherServlet.doDispatch(DispatcherServlet.java:963)
	at org.springframework.web.servlet.DispatcherServlet.doService(DispatcherServlet.java:866)
	at org.springframework.web.servlet.FrameworkServlet.processRequest(FrameworkServlet.java:1000)
	at org.springframework.web.servlet.FrameworkServlet.doPost(FrameworkServlet.java:903)
	at jakarta.servlet.http.HttpServlet.service(HttpServlet.java:649)
	at org.springframework.web.servlet.FrameworkServlet.service(FrameworkServlet.java:874)
	at jakarta.servlet.http.HttpServlet.service(HttpServlet.java:710)
	at org.apache.catalina.core.ApplicationFilterChain.doFilter(ApplicationFilterChain.java:132)
	at org.apache.tomcat.websocket.server.WsFilter.doFilter(WsFilter.java:59)
	at org.apache.catalina.core.ApplicationFilterChain.doFilter(ApplicationFilterChain.java:111)
	at org.springframework.web.filter.RequestContextFilter.doFilterInternal(RequestContextFilter.java:100)
	at org.springframework.web.filter.OncePerRequestFilter.doFilter(OncePerRequestFilter.java:116)
	at org.apache.catalina.core.ApplicationFilterChain.doFilter(ApplicationFilterChain.java:111)
	at org.springframework.web.filter.FormContentFilter.doFilterInternal(FormContentFilter.java:93)
	at org.springframework.web.filter.OncePerRequestFilter.doFilter(OncePerRequestFilter.java:116)
	at org.apache.catalina.core.ApplicationFilterChain.doFilter(ApplicationFilterChain.java:111)
	at org.springframework.web.filter.CharacterEncodingFilter.doFilterInternal(CharacterEncodingFilter.java:199)
	at org.springframework.web.filter.OncePerRequestFilter.doFilter(OncePerRequestFilter.java:116)
	at org.apache.catalina.core.ApplicationFilterChain.doFilter(ApplicationFilterChain.java:111)
	at org.apache.catalina.core.StandardWrapperValve.invoke(StandardWrapperValve.java:165)
	at org.apache.catalina.core.StandardContextValve.invoke(StandardContextValve.java:77)
	at org.apache.catalina.authenticator.AuthenticatorBase.invoke(AuthenticatorBase.java:535)
	at org.apache.catalina.core.StandardHostValve.invoke(StandardHostValve.java:115)
	at org.apache.catalina.valves.ErrorReportValve.invoke(ErrorReportValve.java:86)
	at org.apache.catalina.core.StandardEngineValve.invoke(StandardEngineValve.java:71)
	at org.apache.catalina.connector.CoyoteAdapter.service(CoyoteAdapter.java:347)
	at org.apache.coyote.http11.Http11Processor.service(Http11Processor.java:406)
	at org.apache.coyote.AbstractProcessorLight.process(AbstractProcessorLight.java:71)
	at org.apache.coyote.AbstractProtocol$ConnectionHandler.process(AbstractProtocol.java:1307)
	at org.apache.tomcat.util.net.NioEndpoint$SocketProcessor.doRun(NioEndpoint.java:2036)
	at org.apache.tomcat.util.net.SocketProcessorBase.run(SocketProcessorBase.java:74)
	at org.apache.tomcat.util.threads.ThreadPoolExecutor.runWorker(ThreadPoolExecutor.java:949)
	at org.apache.tomcat.util.threads.ThreadPoolExecutor$Worker.run(ThreadPoolExecutor.java:483)
	at org.apache.tomcat.util.threads.TaskThread$WrappingRunnable.run(TaskThread.java:74)
	at java.base/java.lang.Thread.run(Thread.java:1583)
2026-09-21 02:59:39 WARN  [http-nio-8081-exec-6] - Resolved [java.lang.NullPointerException: Cannot invoke "java.util.Map.get(Object)" because the return value of "com.miniproject.category.Config.AppConfigProperties.getProperties()" is null]
2026-09-21 03:01:51 INFO  [SpringApplicationShutdownHook] - Commencing graceful shutdown. Waiting for active requests to complete
2026-09-21 03:01:51 INFO  [tomcat-shutdown] - Graceful shutdown complete
2026-09-21 03:01:51 INFO  [SpringApplicationShutdownHook] - Closing JPA EntityManagerFactory for persistence unit 'default'
2026-09-21 03:01:51 WARN  [SpringApplicationShutdownHook] - Invocation of destroy method failed on bean with name 'inMemoryDatabaseShutdownExecutor': org.h2.jdbc.JdbcSQLNonTransientConnectionException: Database is already closed (to disable automatic closing at VM shutdown, add ";DB_CLOSE_ON_EXIT=FALSE" to the db URL) [90121-240]
2026-09-21 03:01:51 INFO  [SpringApplicationShutdownHook] - HikariPool-1 - Shutdown initiated...
2026-09-21 03:01:51 INFO  [SpringApplicationShutdownHook] - HikariPool-1 - Shutdown completed.
2026-09-21 03:02:55 INFO  [restartedMain] - Starting CategoryApplication using Java 21.0.11 with PID 16336 (C:\Users\vamsh\Desktop\MasterClass\MicroMini2\Category\target\classes started by vamsh in C:\Users\vamsh\Desktop\MasterClass\MicroMini2\Category)
2026-09-21 03:02:55 INFO  [restartedMain] - No active profile set, falling back to 1 default profile: "default"
2026-09-21 03:02:55 INFO  [restartedMain] - Devtools property defaults active! Set 'spring.devtools.add-properties' to 'false' to disable
2026-09-21 03:02:55 INFO  [restartedMain] - For additional web related logging consider setting the 'logging.level.web' property to 'DEBUG'
2026-09-21 03:02:56 INFO  [restartedMain] - Bootstrapping Spring Data JPA repositories in DEFAULT mode.
2026-09-21 03:02:56 INFO  [restartedMain] - Finished Spring Data repository scanning in 50 ms. Found 2 JPA repository interfaces.
2026-09-21 03:02:57 INFO  [restartedMain] - Tomcat initialized with port 8081 (http)
2026-09-21 03:02:57 INFO  [restartedMain] - Starting service [Tomcat]
2026-09-21 03:02:57 INFO  [restartedMain] - Starting Servlet engine: [Apache Tomcat/11.0.24]
2026-09-21 03:02:57 INFO  [restartedMain] - Root WebApplicationContext: initialization completed in 1651 ms
2026-09-21 03:02:57 INFO  [restartedMain] - HHH008540: Processing PersistenceUnitInfo [name: default]
2026-09-21 03:02:57 INFO  [restartedMain] - HHH000001: Hibernate ORM core version 7.2.24.Final
2026-09-21 03:02:57 INFO  [restartedMain] - Starting CategoryApplication using Java 21.0.11 with PID 19752 (C:\Users\vamsh\Desktop\MasterClass\MicroMini2\Category\target\classes started by vamsh in C:\Users\vamsh\Desktop\MasterClass\MicroMini2\Category)
2026-09-21 03:02:57 INFO  [restartedMain] - No active profile set, falling back to 1 default profile: "default"
2026-09-21 03:02:57 INFO  [restartedMain] - Devtools property defaults active! Set 'spring.devtools.add-properties' to 'false' to disable
2026-09-21 03:02:57 INFO  [restartedMain] - For additional web related logging consider setting the 'logging.level.web' property to 'DEBUG'
2026-09-21 03:02:57 INFO  [restartedMain] - No LoadTimeWeaver setup: ignoring JPA class transformer
2026-09-21 03:02:57 INFO  [restartedMain] - HikariPool-1 - Starting...
2026-09-21 03:02:58 INFO  [restartedMain] - HikariPool-1 - Added connection conn0: url=jdbc:h2:mem:testdb user=SA
2026-09-21 03:02:58 INFO  [restartedMain] - HikariPool-1 - Start completed.
2026-09-21 03:02:58 INFO  [restartedMain] - HHH10001005: Database info:
	Database JDBC URL [jdbc:h2:mem:testdb]
	Database driver: H2 JDBC Driver
	Database dialect: H2Dialect
	Database version: 2.4.240
	Default catalog/schema: TESTDB/PUBLIC
	Autocommit mode: undefined/unknown
	Isolation level: READ_COMMITTED [default READ_COMMITTED]
	JDBC fetch size: 100
	Pool: DataSourceConnectionProvider
	Minimum pool size: undefined/unknown
	Maximum pool size: undefined/unknown
2026-09-21 03:02:58 INFO  [restartedMain] - Bootstrapping Spring Data JPA repositories in DEFAULT mode.
2026-09-21 03:02:58 INFO  [restartedMain] - Finished Spring Data repository scanning in 105 ms. Found 2 JPA repository interfaces.
2026-09-21 03:02:59 INFO  [restartedMain] - HHH000489: No JTA platform available (set 'hibernate.transaction.jta.platform' to enable JTA platform integration)
2026-09-21 03:02:59 INFO  [restartedMain] - Initialized JPA EntityManagerFactory for persistence unit 'default'
2026-09-21 03:02:59 INFO  [restartedMain] - Tomcat initialized with port 8081 (http)
2026-09-21 03:02:59 INFO  [restartedMain] - Starting service [Tomcat]
2026-09-21 03:02:59 INFO  [restartedMain] - Starting Servlet engine: [Apache Tomcat/11.0.24]
2026-09-21 03:02:59 INFO  [restartedMain] - Hibernate is in classpath; If applicable, HQL parser will be used.
2026-09-21 03:02:59 INFO  [restartedMain] - Root WebApplicationContext: initialization completed in 1629 ms
2026-09-21 03:02:59 INFO  [restartedMain] - HHH008540: Processing PersistenceUnitInfo [name: default]
2026-09-21 03:02:59 WARN  [restartedMain] - spring.jpa.open-in-view is enabled by default. Therefore, database queries may be performed during view rendering. Explicitly configure spring.jpa.open-in-view to disable this warning
2026-09-21 03:02:59 INFO  [restartedMain] - HHH000001: Hibernate ORM core version 7.2.24.Final
2026-09-21 03:02:59 INFO  [restartedMain] - H2 console available at '/h2-console'. Database available at 'jdbc:h2:mem:testdb'
2026-09-21 03:03:00 INFO  [restartedMain] - Tomcat started on port 8081 (http) with context path '/'
2026-09-21 03:03:00 INFO  [restartedMain] - Started CategoryApplication in 5.06 seconds (process running for 5.71)
2026-09-21 03:03:00 WARN  [restartedMain] - SpringDoc /v3/api-docs endpoint is enabled by default. To disable it in production, set the property 'springdoc.api-docs.enabled=false'
2026-09-21 03:03:00 WARN  [restartedMain] - SpringDoc /swagger-ui.html endpoint is enabled by default. To disable it in production, set the property 'springdoc.swagger-ui.enabled=false'
2026-09-21 03:03:00 INFO  [restartedMain] - No LoadTimeWeaver setup: ignoring JPA class transformer
2026-09-21 03:03:00 INFO  [restartedMain] - HikariPool-1 - Starting...
2026-09-21 03:03:00 INFO  [restartedMain] - HikariPool-1 - Added connection conn0: url=jdbc:h2:mem:testdb user=SA
2026-09-21 03:03:00 INFO  [restartedMain] - HikariPool-1 - Start completed.
2026-09-21 03:03:02 INFO  [restartedMain] - HHH10001005: Database info:
	Database JDBC URL [jdbc:h2:mem:testdb]
	Database driver: H2 JDBC Driver
	Database dialect: H2Dialect
	Database version: 2.4.240
	Default catalog/schema: TESTDB/PUBLIC
	Autocommit mode: undefined/unknown
	Isolation level: READ_COMMITTED [default READ_COMMITTED]
	JDBC fetch size: 100
	Pool: DataSourceConnectionProvider
	Minimum pool size: undefined/unknown
	Maximum pool size: undefined/unknown
2026-09-21 03:03:03 INFO  [http-nio-8081-exec-1] - Initializing Spring DispatcherServlet 'dispatcherServlet'
2026-09-21 03:03:03 INFO  [http-nio-8081-exec-1] - Initializing Servlet 'dispatcherServlet'
2026-09-21 03:03:03 INFO  [http-nio-8081-exec-1] - Completed initialization in 10 ms
2026-09-21 03:03:04 WARN  [http-nio-8081-exec-6] - Json Processing Exception occurred: Cannot construct instance of `java.util.HashSet` (although at least one Creator exists): no String-argument constructor/factory method to deserialize from String value ('string')
 at [Source: REDACTED (`StreamReadFeature.INCLUDE_SOURCE_IN_LOCATION` disabled); line: 1, column: 9] (through reference chain: io.swagger.v3.oas.models.media.JsonSchema["type"])
2026-09-21 03:03:05 INFO  [http-nio-8081-exec-6] - Init duration for springdoc-openapi is: 1242 ms
2026-09-21 03:03:05 INFO  [restartedMain] - HHH000489: No JTA platform available (set 'hibernate.transaction.jta.platform' to enable JTA platform integration)
2026-09-21 03:03:06 INFO  [restartedMain] - Initialized JPA EntityManagerFactory for persistence unit 'default'
2026-09-21 03:03:07 INFO  [restartedMain] - Hibernate is in classpath; If applicable, HQL parser will be used.
2026-09-21 03:03:07 WARN  [restartedMain] - spring.jpa.open-in-view is enabled by default. Therefore, database queries may be performed during view rendering. Explicitly configure spring.jpa.open-in-view to disable this warning
2026-09-21 03:03:09 INFO  [restartedMain] - H2 console available at '/h2-console'. Database available at 'jdbc:h2:mem:testdb'
2026-09-21 03:03:09 WARN  [restartedMain] - Exception encountered during context initialization - cancelling refresh attempt: org.springframework.context.ApplicationContextException: Failed to start bean 'webServerStartStop'
2026-09-21 03:03:09 INFO  [restartedMain] - Closing JPA EntityManagerFactory for persistence unit 'default'
2026-09-21 03:03:09 WARN  [restartedMain] - Invocation of destroy method failed on bean with name 'inMemoryDatabaseShutdownExecutor': org.h2.jdbc.JdbcSQLNonTransientConnectionException: Database is already closed (to disable automatic closing at VM shutdown, add ";DB_CLOSE_ON_EXIT=FALSE" to the db URL) [90121-240]
2026-09-21 03:03:09 INFO  [restartedMain] - HikariPool-1 - Shutdown initiated...
2026-09-21 03:03:09 INFO  [restartedMain] - HikariPool-1 - Shutdown completed.
2026-09-21 03:03:09 INFO  [restartedMain] - 

Error starting ApplicationContext. To display the condition evaluation report re-run your application with 'debug' enabled.
2026-09-21 03:03:09 ERROR [restartedMain] - 

***************************
APPLICATION FAILED TO START
***************************

Description:

Web server failed to start. Port 8081 was already in use.

Action:

Identify and stop the process that's listening on port 8081 or configure this application to listen on another port.

2026-09-21 03:03:13 INFO  [http-nio-8081-exec-5] - Category created successfully categoryId=1
2026-09-21 03:03:24 INFO  [http-nio-8081-exec-3] - Success
2026-09-21 03:03:40 INFO  [SpringApplicationShutdownHook] - Commencing graceful shutdown. Waiting for active requests to complete
2026-09-21 03:03:40 INFO  [tomcat-shutdown] - Graceful shutdown complete
2026-09-21 03:03:40 INFO  [SpringApplicationShutdownHook] - Closing JPA EntityManagerFactory for persistence unit 'default'
2026-09-21 03:03:40 WARN  [SpringApplicationShutdownHook] - Invocation of destroy method failed on bean with name 'inMemoryDatabaseShutdownExecutor': org.h2.jdbc.JdbcSQLNonTransientConnectionException: Database is already closed (to disable automatic closing at VM shutdown, add ";DB_CLOSE_ON_EXIT=FALSE" to the db URL) [90121-240]
2026-09-21 03:03:40 INFO  [SpringApplicationShutdownHook] - HikariPool-1 - Shutdown initiated...
2026-09-21 03:03:40 INFO  [SpringApplicationShutdownHook] - HikariPool-1 - Shutdown completed.
2026-09-21 03:03:44 INFO  [restartedMain] - Starting CategoryApplication using Java 21.0.11 with PID 21332 (C:\Users\vamsh\Desktop\MasterClass\MicroMini2\Category\target\classes started by vamsh in C:\Users\vamsh\Desktop\MasterClass\MicroMini2\Category)
2026-09-21 03:03:44 INFO  [restartedMain] - No active profile set, falling back to 1 default profile: "default"
2026-09-21 03:03:44 INFO  [restartedMain] - Devtools property defaults active! Set 'spring.devtools.add-properties' to 'false' to disable
2026-09-21 03:03:44 INFO  [restartedMain] - For additional web related logging consider setting the 'logging.level.web' property to 'DEBUG'
2026-09-21 03:03:45 INFO  [restartedMain] - Bootstrapping Spring Data JPA repositories in DEFAULT mode.
2026-09-21 03:03:45 INFO  [restartedMain] - Finished Spring Data repository scanning in 81 ms. Found 2 JPA repository interfaces.
2026-09-21 03:03:46 INFO  [restartedMain] - Tomcat initialized with port 8081 (http)
2026-09-21 03:03:46 INFO  [restartedMain] - Starting service [Tomcat]
2026-09-21 03:03:46 INFO  [restartedMain] - Starting Servlet engine: [Apache Tomcat/11.0.24]
2026-09-21 03:03:46 INFO  [restartedMain] - Root WebApplicationContext: initialization completed in 2022 ms
2026-09-21 03:03:46 INFO  [restartedMain] - HHH008540: Processing PersistenceUnitInfo [name: default]
2026-09-21 03:03:46 INFO  [restartedMain] - HHH000001: Hibernate ORM core version 7.2.24.Final
2026-09-21 03:03:47 INFO  [restartedMain] - No LoadTimeWeaver setup: ignoring JPA class transformer
2026-09-21 03:03:47 INFO  [restartedMain] - HikariPool-1 - Starting...
2026-09-21 03:03:47 INFO  [restartedMain] - HikariPool-1 - Added connection conn0: url=jdbc:h2:mem:testdb user=SA
2026-09-21 03:03:47 INFO  [restartedMain] - HikariPool-1 - Start completed.
2026-09-21 03:03:47 INFO  [restartedMain] - HHH10001005: Database info:
	Database JDBC URL [jdbc:h2:mem:testdb]
	Database driver: H2 JDBC Driver
	Database dialect: H2Dialect
	Database version: 2.4.240
	Default catalog/schema: TESTDB/PUBLIC
	Autocommit mode: undefined/unknown
	Isolation level: READ_COMMITTED [default READ_COMMITTED]
	JDBC fetch size: 100
	Pool: DataSourceConnectionProvider
	Minimum pool size: undefined/unknown
	Maximum pool size: undefined/unknown
2026-09-21 03:03:49 INFO  [restartedMain] - HHH000489: No JTA platform available (set 'hibernate.transaction.jta.platform' to enable JTA platform integration)
2026-09-21 03:03:49 INFO  [restartedMain] - Initialized JPA EntityManagerFactory for persistence unit 'default'
2026-09-21 03:03:49 INFO  [restartedMain] - Hibernate is in classpath; If applicable, HQL parser will be used.
2026-09-21 03:03:50 WARN  [restartedMain] - spring.jpa.open-in-view is enabled by default. Therefore, database queries may be performed during view rendering. Explicitly configure spring.jpa.open-in-view to disable this warning
2026-09-21 03:03:50 INFO  [restartedMain] - H2 console available at '/h2-console'. Database available at 'jdbc:h2:mem:testdb'
2026-09-21 03:03:50 INFO  [restartedMain] - Tomcat started on port 8081 (http) with context path '/'
2026-09-21 03:03:51 INFO  [restartedMain] - Started CategoryApplication in 7.51 seconds (process running for 8.429)
2026-09-21 03:03:51 WARN  [restartedMain] - SpringDoc /v3/api-docs endpoint is enabled by default. To disable it in production, set the property 'springdoc.api-docs.enabled=false'
2026-09-21 03:03:51 WARN  [restartedMain] - SpringDoc /swagger-ui.html endpoint is enabled by default. To disable it in production, set the property 'springdoc.swagger-ui.enabled=false'
2026-09-21 03:04:02 INFO  [http-nio-8081-exec-1] - Initializing Spring DispatcherServlet 'dispatcherServlet'
2026-09-21 03:04:02 INFO  [http-nio-8081-exec-1] - Initializing Servlet 'dispatcherServlet'
2026-09-21 03:04:02 INFO  [http-nio-8081-exec-1] - Completed initialization in 0 ms
2026-09-21 03:04:02 INFO  [http-nio-8081-exec-1] - Category created successfully categoryId=1
2026-09-21 03:04:14 INFO  [http-nio-8081-exec-6] - Success
2026-09-21 03:05:05 INFO  [http-nio-8081-exec-3] - Success
2026-09-21 03:05:48 INFO  [SpringApplicationShutdownHook] - Commencing graceful shutdown. Waiting for active requests to complete
2026-09-21 03:05:48 INFO  [tomcat-shutdown] - Graceful shutdown complete
2026-09-21 03:05:48 INFO  [SpringApplicationShutdownHook] - Closing JPA EntityManagerFactory for persistence unit 'default'
2026-09-21 03:05:48 WARN  [SpringApplicationShutdownHook] - Invocation of destroy method failed on bean with name 'inMemoryDatabaseShutdownExecutor': org.h2.jdbc.JdbcSQLNonTransientConnectionException: Database is already closed (to disable automatic closing at VM shutdown, add ";DB_CLOSE_ON_EXIT=FALSE" to the db URL) [90121-240]
2026-09-21 03:05:48 INFO  [SpringApplicationShutdownHook] - HikariPool-1 - Shutdown initiated...
2026-09-21 03:05:48 INFO  [SpringApplicationShutdownHook] - HikariPool-1 - Shutdown completed.
2026-09-21 03:06:07 INFO  [restartedMain] - Starting CategoryApplication using Java 21.0.11 with PID 17360 (C:\Users\vamsh\Desktop\MasterClass\MicroMini2\Category\target\classes started by vamsh in C:\Users\vamsh\Desktop\MasterClass\MicroMini2\Category)
2026-09-21 03:06:07 INFO  [restartedMain] - No active profile set, falling back to 1 default profile: "default"
2026-09-21 03:06:07 INFO  [restartedMain] - Devtools property defaults active! Set 'spring.devtools.add-properties' to 'false' to disable
2026-09-21 03:06:07 INFO  [restartedMain] - For additional web related logging consider setting the 'logging.level.web' property to 'DEBUG'
2026-09-21 03:06:08 INFO  [restartedMain] - Bootstrapping Spring Data JPA repositories in DEFAULT mode.
2026-09-21 03:06:08 INFO  [restartedMain] - Finished Spring Data repository scanning in 208 ms. Found 2 JPA repository interfaces.
2026-09-21 03:06:09 INFO  [restartedMain] - Tomcat initialized with port 8081 (http)
2026-09-21 03:06:09 INFO  [restartedMain] - Starting service [Tomcat]
2026-09-21 03:06:09 INFO  [restartedMain] - Starting Servlet engine: [Apache Tomcat/11.0.24]
2026-09-21 03:06:09 INFO  [restartedMain] - Root WebApplicationContext: initialization completed in 2289 ms
2026-09-21 03:06:09 INFO  [restartedMain] - HHH008540: Processing PersistenceUnitInfo [name: default]
2026-09-21 03:06:09 INFO  [restartedMain] - HHH000001: Hibernate ORM core version 7.2.24.Final
2026-09-21 03:06:10 INFO  [restartedMain] - No LoadTimeWeaver setup: ignoring JPA class transformer
2026-09-21 03:06:10 INFO  [restartedMain] - HikariPool-1 - Starting...
2026-09-21 03:06:11 INFO  [restartedMain] - HikariPool-1 - Added connection conn0: url=jdbc:h2:mem:testdb user=SA
2026-09-21 03:06:11 INFO  [restartedMain] - HikariPool-1 - Start completed.
2026-09-21 03:06:11 INFO  [restartedMain] - HHH10001005: Database info:
	Database JDBC URL [jdbc:h2:mem:testdb]
	Database driver: H2 JDBC Driver
	Database dialect: H2Dialect
	Database version: 2.4.240
	Default catalog/schema: TESTDB/PUBLIC
	Autocommit mode: undefined/unknown
	Isolation level: READ_COMMITTED [default READ_COMMITTED]
	JDBC fetch size: 100
	Pool: DataSourceConnectionProvider
	Minimum pool size: undefined/unknown
	Maximum pool size: undefined/unknown
2026-09-21 03:06:12 INFO  [restartedMain] - HHH000489: No JTA platform available (set 'hibernate.transaction.jta.platform' to enable JTA platform integration)
2026-09-21 03:06:13 INFO  [restartedMain] - Initialized JPA EntityManagerFactory for persistence unit 'default'
2026-09-21 03:06:13 INFO  [restartedMain] - Hibernate is in classpath; If applicable, HQL parser will be used.
2026-09-21 03:06:13 WARN  [restartedMain] - spring.jpa.open-in-view is enabled by default. Therefore, database queries may be performed during view rendering. Explicitly configure spring.jpa.open-in-view to disable this warning
2026-09-21 03:06:14 INFO  [restartedMain] - H2 console available at '/h2-console'. Database available at 'jdbc:h2:mem:testdb'
2026-09-21 03:06:14 INFO  [restartedMain] - Tomcat started on port 8081 (http) with context path '/'
2026-09-21 03:06:14 INFO  [restartedMain] - Started CategoryApplication in 8.321 seconds (process running for 9.236)
2026-09-21 03:06:14 WARN  [restartedMain] - SpringDoc /v3/api-docs endpoint is enabled by default. To disable it in production, set the property 'springdoc.api-docs.enabled=false'
2026-09-21 03:06:14 WARN  [restartedMain] - SpringDoc /swagger-ui.html endpoint is enabled by default. To disable it in production, set the property 'springdoc.swagger-ui.enabled=false'
2026-09-21 03:06:23 INFO  [http-nio-8081-exec-1] - Initializing Spring DispatcherServlet 'dispatcherServlet'
2026-09-21 03:06:23 INFO  [http-nio-8081-exec-1] - Initializing Servlet 'dispatcherServlet'
2026-09-21 03:06:23 INFO  [http-nio-8081-exec-1] - Completed initialization in 6 ms
2026-09-21 03:06:24 INFO  [http-nio-8081-exec-1] - Category created successfully categoryId=1
2026-09-21 03:07:14 INFO  [http-nio-8081-exec-2] - Success
2026-09-21 03:07:43 WARN  [HikariPool-1:housekeeper] - HikariPool-1 - Thread starvation or clock leap detected (housekeeper delta=53s46ms800µs800ns).
2026-09-21 14:08:04 WARN  [HikariPool-1:housekeeper] - HikariPool-1 - Thread starvation or clock leap detected (housekeeper delta=10h57m44s599ms32µs500ns).
2026-09-21 14:48:21 WARN  [HikariPool-1:housekeeper] - HikariPool-1 - Thread starvation or clock leap detected (housekeeper delta=12m47s30ms720µs700ns).
2026-09-21 15:24:03 WARN  [HikariPool-1:housekeeper] - HikariPool-1 - Thread starvation or clock leap detected (housekeeper delta=35m41s402ms108µs500ns).
2026-09-21 15:29:57 WARN  [HikariPool-1:housekeeper] - HikariPool-1 - Thread starvation or clock leap detected (housekeeper delta=3m24s342ms564µs700ns).
2026-09-21 16:09:28 WARN  [HikariPool-1:housekeeper] - HikariPool-1 - Thread starvation or clock leap detected (housekeeper delta=36m30s643ms743µs800ns).
2026-09-21 18:07:45 WARN  [HikariPool-1:housekeeper] - HikariPool-1 - Thread starvation or clock leap detected (housekeeper delta=1h58m20s775ms444µs800ns).
2026-09-21 18:35:19 INFO  [SpringApplicationShutdownHook] - Commencing graceful shutdown. Waiting for active requests to complete
2026-09-21 18:35:19 INFO  [tomcat-shutdown] - Graceful shutdown complete
2026-09-21 18:35:19 INFO  [SpringApplicationShutdownHook] - Closing JPA EntityManagerFactory for persistence unit 'default'
2026-09-21 18:35:19 WARN  [SpringApplicationShutdownHook] - Invocation of destroy method failed on bean with name 'inMemoryDatabaseShutdownExecutor': org.h2.jdbc.JdbcSQLNonTransientConnectionException: Database is already closed (to disable automatic closing at VM shutdown, add ";DB_CLOSE_ON_EXIT=FALSE" to the db URL) [90121-240]
2026-09-21 18:35:19 INFO  [SpringApplicationShutdownHook] - HikariPool-1 - Shutdown initiated...
2026-09-21 18:35:19 INFO  [SpringApplicationShutdownHook] - HikariPool-1 - Shutdown completed.
